id,code_old,code,name,description,active,sale_type
l10n_cr_ticofac.activity_11102,11102,0126.1,CULTIVO DE PALMA AFRICANA Y OTROS FRUTOS OLEAGINOSOS,"ESTA CLASE COMPRENDE EL CULTIVO DE FRUTOS OLEAGINOSOS COMO: PALMAS DE ACEITES, OLIVOS (ACEITUNAS), COCOS Y OTROS FRUTOS OLEAGINOSOS. NO SE INCLUYE EL CULTIVO DE SEMILLAS OLEAGINOSAS, VEASE EL CODIGO 11322",False,goods
l10n_cr_ticofac.activity_11103,11103,0130.0,CULTIVO Y COMERCIALIZACION DE CESPED,EN ESTA CLASESE INCLUYE EL CULTIVO Y COMERCIALIZACION DE TODA VARIEDAD DE CESPED O ZACATE DECORATIVO,False,goods
l10n_cr_ticofac.activity_11201,11201,0111.9,CULTIVO HORTALIZAS LEGUMBRES ESPECIALIDADES HORTICOLAS PRODUCTOS DE VIVERO EXCENTO DE VENTAS,"EN ESTA CLASE SE INCLUYEN LOS CULTIVOS AL AIRE LIBRE Y BAJO TECHADO DE: HORTALIZAS Y LEGUMBRES;COMO POR EJEMPLO MELONES, MAIZ DULCE; CALABAZAS; PEPINOS, TOMATES,PRODUCCION DE ESPECIALIDADES HORTICOLAS, INCLUSO SEMILLAS DE FLORES, FRUTAS Y HORTALIZAS; ESQUEJES SIN RAICES; BULBOS, TUBERCULOS, RAICES TUBEROSAS, CEBOLLAS, BROTES Y RIZOMAS; TODO LO ANTERIOR INCLUIDOS EN LA NUEVA CANASTA BASICA (DECRETO NO. 37132-H)",False,goods
l10n_cr_ticofac.activity_11218,11218,0113.9,PRODUCCION DE MINIVEGETALES,EN ESTA CLASE SE INCLUYE LA PRODUCCION DE MINIVEGETALES,False,goods
l10n_cr_ticofac.activity_11231,11231,0111.9,CULTIVO HORTALIZAS LEGUMBRES ESPECIALIDADES HORTICOLAS PRODUCTOS VIVERO GRABADOS VENTAS,"EN ESTA CLASE SE INCLUYEN LOS CULTIVOS AL AIRE LIBRE Y BAJO TECHADO DE HORTALIZAS Y LEGUMBRES NO INCLUIDOS EN LA NUEVA CANASTA BASICA (DECRETO NO. 37132-H) ASI COMO EL CULTIVO Y RECOLECCION DE HONGOS, TRUFAS, ACEITUNAS, ALCAPARRAS, PEREJIL. CULTIVO DE PLANTAS QUE DAN FLORES Y CAPULLOS.CULTIVO DE PLANTAS PARA TRASPLANTE Y PARA ORNAMENTACION",False,goods
l10n_cr_ticofac.activity_11301,11301,0128.0,CULTIVO DE ESPECIAS DE TODO TIPO,"EN ESTA CLASE SE INCLUYE EL CULTIVO DE ESPECIAS DE HOJA COMO LAUREL, TOMILLO, ALBAHACA, OREGANO, ETC., ESPECIAS DE SEMILLA COMO ANIS Y COMINO Y ESPECIAS DE FLOR COMO CANELA, CLAVO DE OLOR Y OTRAS ESPECIES COMO NUEZ MOSCADA Y JENGIBRE, ACHIOTE Y PIMIENTA.",False,goods
l10n_cr_ticofac.activity_11302,11302,0122.9,CULTIVO DE FRUTAS,"EN ESTA CLASE SE INCLUYE EL CULTIVO DE FRUTAS N.C.P. TALES COMO AGUACATE, ANONA, CAIMITO, CARAMBOLA, CAS, GUANABANA, GUAYABA, LIMO DE TODO TIPO, MANZANA(SOLO DE AGUA Y ROSA), SANDIA, TAMARINDO, ETC",False,goods
l10n_cr_ticofac.activity_11322,11322,0125.0,CULTIVO DE SEMILLAS COMESTIBLES Y GERMINACION DE SEMILLAS OLEAGINOSAS,"EN ESTA CLASE SE INCLUYE EL CULTIVO DE NUECES Y SEMILLAS COMESTIBLES COMO EL MANI, MACADAMIA Y ALMENDRAS ENTRE OTROS. ADEMAS, LA GERMINACION DE SEMILLAS OLEAGINOSAS (PALMA ACEITERA).",False,goods
l10n_cr_ticofac.activity_11329,11329,0127.9,CULTIVO DE PLANTAS PARA PREPARAR BEBIDAS Y MEDICINAS,"EN ESTA CLASE SE INCLUYE EL CULTIVO DE PLANTAS DE CUYAS HOJAS SE PREPARAN BEBIDAS COMO TE, MANZANILLA, MENTA, HIERBABUENA. SE INCLUYE TAMBIEN EL CULTIVO DE PLANTAS MEDICINALES.",False,goods
l10n_cr_ticofac.activity_11340,11340,0122.3,CULTIVO DE PIÑA,ESTA ACTIVIDAD INCLUYE EL CULTIVO DE DIVERSAS CLASES DE PIÑA,False,goods
l10n_cr_ticofac.activity_11349,11349,0127.9,CULTIVO DE CACAO,EN ESTA CLASE SE INCLUYE EL CULTIVO DE CACAO,False,goods
l10n_cr_ticofac.activity_11401,11401,0127.1,CULTIVO DE CAFE,EN ESTA CLASE SE INCLUYE EL CULTIVO DEL CAFE,False,goods
l10n_cr_ticofac.activity_11501,11501,0122.1,CULTIVO DE BANANO,"EN ESTA CLASE SE INCLUYE EL CULTIVO DEL BANANO DE TODO TIPO, YA SEA PARA EXPORTACION O CONSUMO LOCAL.",False,goods
l10n_cr_ticofac.activity_11701,11701,0114.0,CULTIVO DE CAÑA DE AZUCAR,EN ESTA CLASE SE INCLUYE EL CULTIVO DE CAÑA DE AZUCAR.,False,goods
l10n_cr_ticofac.activity_11802,11802,0111.9,"CULTIVO DE CEREALES (INCLUSIVE EL ARROZ), LEGUMBRES Y GRANOS BASICOS","EN ESTA CLASE SE INCLUYEN LOS SIGUIENTES CEREALES: ARROZ, TRIGO, MAIZ, SORGO, CEBADA, AVENA, MIJO, OTROS CEREALES N.C.P; LEGUMINOSAS: FRIJOLES, GARBANZOS, LENTEJAS, HABAS, GUISANTES, OTRAS LEGUMINOSAS; SEMILLAS: LINAZA, MOSTAZA, NIGER, COLZA, CARTAMO, SESAMO, GIRASOL, OTRAS SEMILLAS.",False,goods
l10n_cr_ticofac.activity_11901,11901,0119.1,CULTIVO DE FLORES DE TODO TIPO,"EN ESTA CLASE SE INCLUYE LA PRODUCCION DE FLORES VIVAS PARA VENDER O COMERCIALIZAR SIN NINGUN TIPO DE PROCESAMIENTO; POR EJEMPLO: EL CULTIVO DE AMAPOLAS, FLORESTROPICALES EXOTICAS, ANTURIOS, ORQUIDEAS, HELECHOS, AVES DEL PARAISO, AZALIAS,CACTUS ORNAMENTALES, CALAS, CLAVELES, MARGINATA, ESPARRAGO,GERANIOS ENTRE OTRAS;ESTA GRAVADA EN EL IMPUESTO DE VENTAS SEGUN EL ARTICULO 4 DE LA LEY DEL IMPUESTOGENERAL SOBRE LAS VENTAS Y SUS REFORMAS Y EL ARTICULO 5 DE SU REGLAMENTO Y SUSREFORMAS. TAMBIEN EN CONCORDANCIA CON EL DECRETO EJECUTIVO 37132-H DE 17/05/2012",False,goods
l10n_cr_ticofac.activity_11903,11903,0130.0,VIVEROS,"SE REFIERE A LA VENTA DE TODO TIPO DE PLANTAS VIVAS, ACCESORIOS E IMPLEMENTOS GRAVADOS EN EL IMPUESTO DE VENTAS.",False,goods
l10n_cr_ticofac.activity_11907,11907,4781.0,PEQUENOS PRODUCTORES AGRICOLAS,"EN ESTA CLASE SE INCLUYEN LOS PEQUENOS PRODUCTORES AGRICOLAS QUE VENDEN SUS PRODUCTOS EXCLUSIVAMENTE AL CONSUMIDOR FINAL Y POR MEDIO DE LAS FERIAS DEL AGRICULTOR, QUE CUMPLEN CON LOS REQUISITOS QUE ESTABLECE LA LEY N 8533 DEL 18 DE JULIO DE 2006, DENOMINADA “LEY DE REGULACION DELAS FERIAS DEL AGRICULTOR” Y SU REGLAMENTO Y QUE CUENTAN CON CARNE VIGENTE PARA PARTICIPAR EN DICHAS FERIAS.",False,goods
l10n_cr_ticofac.activity_12101,12101,0142.0,CRIA DE CABALLOS Y OTROS EQUINOS,"EN ESTA CLASE SE INCLUYE LA CRIA Y REPRODUCCION DE CABALLOS, BURROS, MULOS Y BURDEGANOS.",False,goods
l10n_cr_ticofac.activity_12102,12102,0141.9,"PRODUCCION DE SEMEN BOVINO, VENTA DE SEMEN CONGELADO Y DILUYENTE PARA SEMEN","ESTA CLASE INCLUYE LA PRODUCCION DE SEMEN BOVINO Y SEGUN EL ARTICULO 5 DEL REGLAMENTO DE LA LEY DEL IMPUESTO GENERAL SOBRE LAS VENTAS SE ENCUENTRA COMO EXENTO, DENTRO DE LOS PRODUCTOS VETERINARIOS, EL ""SEMEN CONGELADO Y DILUYENTE PARA SEMEN",False,goods
l10n_cr_ticofac.activity_12103,12103,0144.0,"CRIA DE ANIMALES DOMESTICOS COMO: GANADO VACUNO , OVEJAS Y CABRAS","ESTA CLASE INCLUYE LA CRIA DE ANIMALES DOMESTICADOS, COMO GANADO VACUNO, OVEJAS,CABRAS. CRIA DE GANADO REPRODUCTOR Y SERVICIO DE ENGORDE DEL GANADO DE CORRALES. PRODUCCION DE LECHE CRUDA Y SEMEN BOVINO ESQUILA DE OVEJAS POR EL PROPIETARIO DEL REBANO. EXCLUSIONES: EL ALBERGUE, CUIDA DO Y REPRODUCCION DE GANADO. LA ESQUILA DE OVEJAS POR CONTRATO O A CAMBIO DE UNA RETRIBUCION, LA LANA DE MATADERO. LA ELABORACION DE LECHE FUERA DEL ESTABLECIMIENTO. LA CRIA DE CABALLOS Y OTROS EQUINOS SE INCLUYE EN LA ACTIVIDAD 012101.",False,goods
l10n_cr_ticofac.activity_12201,12201,0145.0,CRIA DE CERDOS,CRIA DE CERDOS (ANIMALES DOMESTICADOS),False,goods
l10n_cr_ticofac.activity_12202,12202,0146.9,CRIA DE ANIMALES DOMESTICADOS (AVES DE CORRAL),"CRIA DE ANIMALES DOMESTICADOS (AVES DE CORRAL, TALES COMO LOS POLLOS, PAVOS, PATOS, GANSOS, EL FAISAN, LA CODORNIZ Y OTRAS ESPECIES EMPARENTADAS)",False,goods
l10n_cr_ticofac.activity_12203,12203,0149.0,CRIA DE MARIPOSAS,"SE REFIERE A LOS CRIADEROS DE MARIPOSAS, OBTENCION DE CAPULLOS DE GUSANO DE SEDA Y CAPULLO DE MARIPOSAS DE TODA ESPECIE. GRAVADO EN EL IMPUESTO SOBRE LAS VENTAS DEBIDO A QUE EL DECRETO NO.31189 MAG-H-MEIC QUE LAS EXIMIA DE ESTE IMPUESTO, FUE DEROGADO POR EL DECRETO NO. 31939 MAG-H-MEIC DEL 20/08/2004.",False,goods
l10n_cr_ticofac.activity_12204,12204,0149.0,CRIA Y VENTA DE OTROS ANIMALES SEMIDOMESTICADOS O SALVAJES,"ESTA CLASE INCLUYE LA CRIA DE ANIMALES EN CAUTIVERIO SEMIDOMESTICADOS O SALVAJES COMO LOS PAJAROS, INSECTOS, REPTILES, CONEJOS Y VISONES.",False,goods
l10n_cr_ticofac.activity_12303,12303,1050.0,PRODUCCION DE QUESO Y OTROS PRODUCTOS LACTEOS EXENTOS DEL IMPUESTO SOBRE LAS VENTAS,"EN ESTA CLASE SE INCLUYE LA PRODUCCION DE LECHE AGRIA, LECHE EN POLVO, LECHE FRESCA, LECHES MODIFICADAS Y SUCEDANEOS DE LECHE, FORMULAS PARA LACTANTES, LECHE Y CREMAS FRESCAS INCLUSO SUEROS DE MANTEQUILLA O DE QUESO, LECHE DESCREMADA, CREMAS AGRIAS, CUAJADA NO ENVASADA, NATILLA FRESCA, QUESO BLANCO TIPO DURO, SEMIDURO NO ENVASADO, REQUESON NO ENVASADO, SUERO DE LECHE NO ENVASADO. TODO LO ANTERIOR DE CONFORMIDAD CON EL ART.5 DEL REGLAMENTO DE LA LEY DEL IMPUESTO SOBRE LAS VENTAS. LA PRODUCCION DE OTROS PRODUCTOS LACTEOS AFECTOS AL IMPUESTO, SE ENCUENTRAN EN EL CODIGO 152001.",False,goods
l10n_cr_ticofac.activity_12401,12401,0146.9,"PRODUCCION Y VENTA DE HUEVOS DE CUALQUIER TIPO, EXCEPTO LOS DE GALLINA","INCLUYE LA PRODUCCION Y VENTA DE HUEVOS DE TODO TIPO DE AVES DE CORRAL, ASI COMO LA INDUSTRIALIZACION DE HUEVOS ENTEROS, YEMAS DE HUEVO Y HUEVOS EN CONSERVA. SE EXCEPTUAN DE ESTA CLASE LOS HUEVOS DE GALLINA FRESCOS CON CASCARON, LOS CUALES SE ENCUENTRAN EXENTOS DEL IMPUESTO SOBRE LAS VENTAS Y SE CLASIFICAN EN EL CODIGO 522008",False,goods
l10n_cr_ticofac.activity_12402,12402,0149.0,PRODUCCION Y VENTA DE MIEL DE ABEJA NATURAL,ESTA CLASE INCLUYE LA PRODUCCION Y VENTA DE MIEL DE ABEJA NATURAL,False,goods
l10n_cr_ticofac.activity_12403,12403,0146.2,PRODUCCION DE HUEVOS DE GALLINA INCLUIDOS EN LA CANASTA BASICA,EN ESTA CLASE SE INCLUYE LA PRODUCCION DE HUEVOS DE GALLINA FRESCOS CON CASCARON EXENTOS DEL IMPUESTO GENERAL SOBRE LAS VENTAS.,False,goods
l10n_cr_ticofac.activity_13001,13001,0150.0,CULTIVO DE PRODUCTOS AGRICOLAS EN COMBINACION CON LA CRIA DE ANIMALES (EXPLOTACI,"ESTA CLASE COMPRENDE LA EXPLOTACION MIXTA DE CULTIVOS Y ANIMALES SIN ESPECIALIZACION EN NINGUNA DE LAS ACTIVIDADES. SI EL CULTIVO DE PRODUC AGRIC O LA CRIA DE ANIMALES REPRESENTAN POR UNIDAD UNA PROPORCION IGUAL O SUPERIOR AL 66%, LA ACTIVIDAD MIXTA NO DEBE CLASIFICARSE EN ESTA CLASE, SINO ENTRE LOS CULTIVOS O LAS ACTIV DE CRIA DE ANIMALES.",False,goods
l10n_cr_ticofac.activity_14001,14001,8130.0,SERVICIO DE JARDINERIA Y/O DISEÑO PAISAJISTA,"INCLUYE LAS ACTIVIDADES POR CONTRATA O A CAMBIO DE UNA RETRIBUCION EL CUIDO, RECORTE E INSTALACION DE PRADOS Y JARDINES",False,goods
l10n_cr_ticofac.activity_14002,14002,0163.9,RECOLECCION DE COSECHAS Y ACTIVIDADES CONEXAS,"INCLUYE LAS ACTIVIDADES POR CONTRATA O A CAMBIO DE UNA RETRIBUCION SUMINISTRO DE MAQUINARFIA AGRICOLA ( INCLUYE OPERARIOS), LA RECOLECCION DE COSECHAS DE TODO TIPO DE CULTIVOS Y ACTIVIDADES RELACIONADAS CON LA MISMA TALES COMO: CORTA, LIMPIEZA, SECADO, DESCASCARILLADO, ENRIADO, REFRIGERACION Y ENVASE A GRANEL. ASI COMO LAS ACTIVIDADES DE CONTRATISTAS DE MANO DE OBRA PARA EL SECTOR AGROPECUARIO Y GANADERO.",False,goods
l10n_cr_ticofac.activity_14003,14003,0161.2,FUMIGACION DE CULTIVOS,EN ESTA CLASE SE INCLUYE LOS SERVICIOS POR CONTRATA O A CAMBIO DE RETRIBUCION DE CUALQUIER ACTIVIDAD FITOSANITARIAS POR EJEMPLO: FUMIGADO AEREO O TERRESTRE PARA EL CUIDADO DE TODO TIPO DE CULTIVOS O PREPARACION DE TERRENOS PARA USO AGRICOLA,False,goods
l10n_cr_ticofac.activity_14004,14004,0161.9,SERVICIO DE PLANTACION DE ARBOLES Y SIMILARES,"EN ESTA CLASE SE INCLUYE EL SERVICIO A CAMBIO DE UNA RETRIBUCION O POR CONTRATO, DE PLANTACION DE ARBOLES, PLANTAS, ETC. PRESTADOS POR UNA EMPRESA O INDIVIDUO.",False,goods
l10n_cr_ticofac.activity_14005,14005,0161.2,MANEJO E INSTALACION DE SISTEMAS DE RIEGO,"ESTA CLASE INCLUYE MANEJO DE SISTEMAS DE RIEGO CON FINES AGRICOLAS, LOS CUALES SIRVEN PARA HUMEDECER EL SUELO DESTINADO A LA PRODUCCION AGRICOLA.",False,goods
l10n_cr_ticofac.activity_141001,141001,0810.0,"EXTRACCION DE PIEDRA, ARENA Y ARCILLA","SE REFIERE A LA EXPLOTACION DE CANTERAS QUE PRODUCEN PIEDRA PARA CONSTRUCCION, PIEDRA SIN LABRAR, CANTERAS DE ARENA, ARCILLA PARA INDUSTRIA.",False,goods
l10n_cr_ticofac.activity_15001,15001,0170.0,"CAZA ORDINARIA MEDIANTE TRAMPAS, Y REPOBLACION DE ANIMALES DE CAZA, INCLUSO LAS ACTIVIDADES DE SERVICIOS CONEXAS.","EN ESTA CLASE SE INCLUYEN LA CAZA ORDINARIA Y MEDIANTE TRAMPAS EFECTUADAS CON FINES COMERCIALES: LA CAPTURA DE ANIMALES, VIVOS O MUERTOS, PARA ALIMENTO, POR SUS PIELES Y CUEROS, Y PARA SU UTILIZACION EN INVESTIGACIONES, EN PARQUES ZOOLOGICOS Y COMO ANIMALES CASEROS; LA CAPTURA DE MAMIFEROS MARINOS, COMO POR EJEMPLO MORSAS Y FOCAS. PRODUCCION DE PIELES FINAS, CUEROS DE REPTILES Y OLUMAS DE AVES MEDIANTE ACTIVIDADES DE CAZA ORDINARIA Y CON TRAMPAS. REPRODUCCIONY REPOBLACION DE ANIMALES DE CAZA. ACTIVIDADES DE SERVICIOS PARA PROMOVER LA CAZA ORDINARIA Y MEDIANTE TRAMPAS CON FINES COMERCIALES",False,goods
l10n_cr_ticofac.activity_20001,20001,0210.0,VENTA DE ARBOLES EN PIE (ARBOLES DE REFORESTACION),"ESTA ACTIVIDAD SE BASA EN LA PLANTACION DE ARBOLES DE REFORESTACION, LOS CUALESUNA VEZ LISTOS PARA LA PRODUCCION DE MADERA, SON VENDIDOS EN PIE A TERCERAS PERSONAS QUIENES LOS TALAN Y SACAN LA MADERA PARA LA VENTA.ESTA ACTIVIDAD NO ESTA SUJETA AL IMPUESTO DE VENTAS,DE CONFORMIDAD CON LOS ARTICULOS 9 DE LA LEY DEL IMPUESTO GENERAL SOBRE LAS VENTAS Y 5 DE SU REGLAMENTO.",False,goods
l10n_cr_ticofac.activity_20002,20002,0220.0,EXTRACCION Y/O VENTA DE MADERA,"EN ESTA CLASE SE INCLUYE LA EXTRACCION DE MADERA PARA LA VENTA, REALIZADA PORCAMPAMENTOS MADEREROS, CONTRATISTAS Y LEÑADORES QUE SE DEDICAN PRINCIPALMENTE ALA TALA DE ARBOLES Y A PRODUCIR MADERA EN BRUTO, COMO ENTIBOS, TROZAS, ESTACAS,DURMIENTES, ETC. LA VENTA DE MADERA SE ENCUENTRA AFECTA AL 10% DEL IMPUESTOSOBRE LAS VENTAS.",False,goods
l10n_cr_ticofac.activity_20005,20005,0210.0,"ACTIVIDADES DE CONSERVACION DE BOSQUES. (SERVICIOS AMBIENTALES, VENTA DE OXIGENO).","ESTA ACTIVIDAD LA REALIZAN LOS FINQUEROS QUE CONSERVAN SUS BOSQUES PRIVADOS. ESTA REMUNERACION ECONOMICA DE PROPIETARIOS DE BOSQUES PRIVADOS EN EL PAIS ES POR LA VENTA DE CERTIFICADOS DE FIJACION DE CARBONO AL SUELO, LO QUE SE CONOCE COMO VENTA DE OXIGENO. ESTOS CERTIFICADOS DE FIJACION DE CARBONO SIRVEN PARA QUE LOS PAISES INDUSTRIALIZADOS CUMPLAN CON SU CUOTA PARA DISMINUIR LA GENERACION DE GASES DE EFECTO INVERNADERO, YA QUE ALGUNAS NACIONES INDUSTRIALIZADAS NO TIENEN SUFICIENTES BOSQUES, COMPRAN ESTOS CERTIFICADOS A PAISES COMO COSTA RICA, QUE CUENTAN CON PLANES DE CONSERVACION DE BOSQUES. EXENTA DE OBLIGACIONES SEGUN OFICIO DGT-1326-07 DEL 18 DE OCTUBRE DE 2007",False,goods
l10n_cr_ticofac.activity_50001,50001,0311.0,PESCADORES ARTESANALES EN PEQ. ESCALA,EN ESTA CLASE SE INCLUYE LOS PESCADORES ARTESANALES EN PEQUEÑA ESCALA,False,goods
l10n_cr_ticofac.activity_50002,50002,0311.0,PESCADORES ARTESANALES MEDIOS,EN ESTA CLASE SE INCLUYE LOS PESCADORES ARTESANALES DE MEDIANA ESCALA,False,goods
l10n_cr_ticofac.activity_50003,50003,0321.0,"CRIADERO DE PECES, CRUSTACEOS O MOLUSCOS. COMERCIALIZACION DE LARVAS DE ESPECIES MARINAS","REPRODUCCION Y CRIA DE TODO TIPO DE PECES, CRUSTACEOS O MOLUSCOS. EXPLOTACION DE CRIADEROS DE LARVAS DE ESPECIES MARINAS COMO: OSTRAS, EMBRIONES DE MEJILLONES Y OTROS MOLUSCOS, CRIAS DE BOGAVANTES, CAMARONES EN ESTADO POSLARVAL Y OTROS EMBRIONES DE CRUSTACEOS, Y ALEVINES Y JARAMUGOS.",False,goods
l10n_cr_ticofac.activity_50005,50005,0311.0,PESCADORES EN GRAN ESCALA,"SE REFIERE A LA PESCA DE ALTURA, COSTERA E INTERIOR, REALIZADA CON FINES COMER- CIALES, DE TODO TIPO DE PESCADO, CRUSTACEOS Y MOLUSCOS MARINOS, CUALQUIE OTRO TIPO DE ANIMALES ACUATICOS.",False,goods
l10n_cr_ticofac.activity_101001,101001,0510.0,EXTRACCION Y AGLOMERACION DE CARBON DE PIEDRA,"EN ESTA CLASE SE INCLUYE LA EXTRACCION DE DIVERSOS TIPOS DE CARBON DE PIEDRA: ANTRACITA, CARBONES BITUMINOSOS Y OTROS TIPOS DE CARBON MINERAL. EXTRACCION EN MINAS SUBTERRANEAS Y A CIELO ABIERTO LAS OPERACIONES MINERAS INCLUYEN LA LIMPIEZA, CRIBADO, CLASIFICACION, PULVERIZACION Y OTRAS ACTIVIDADES PARA CLASIFICAR, MEJORAR LA CALIDAD Y FACILITAR EL TRANSPORTE. SE INCLUYEN LAS OPERACIONES PARA RECUPERAR EL CARBON MINERAL DE ESCOMBRERAS. FABRICACION DE BRIQUETAS Y OTROS COMBUSTIBLES SOLIDOS COMPUESTOS PRINCIPALMENTE DE CARBON DE PIEDRA. GASIFICACION IN SITU DEL CARBON.",False,goods
l10n_cr_ticofac.activity_111001,111001,0620.0,EXTRACCION DE PETROLEO CRUDO Y GAS NATURAL,"SE INCLUYE LA EXTRACCION DE PETROLEO CRUDO Y DE MINERALES BITUMINO SOS, ES DECIR,PRODUCTOS NATURALES,CUALESQUIERA SEA SU COMPOSICION E INDEPENDIENTEMENTE DE QUE SEAN OBTENIDOS MEDIANTE LA PERFORACION DE POZOS EN YACIMIENTOS DE PETROLEO NORMAL O CONDENSADO, O MEDIANTE LA EXTRACCION DE MINERALES BITUMINOSOS. LA EXTRACCION DE PETROLEO CRUDO PUEDE INCLUIR LOS PROCESOS SIGUIENTES: DECANTACION; DESHITRATACION; ESTABILIZACION;ELIMINACION DE FRACCIONES MUY LIVIANAS Y OTROS PROCESOS MENOS IMPORTANTES,SIEMPRE QUE NO ALTEREN LAS PROPIEDADES FUNDAMENTALES DEL PRODUCTO. PRODUCCION DE HIDROCARBUROS CRUDOS EN ESTADO GASEOSO (GAS NATURAL). EXPLOTACION CON EL MISMO FIN DE DEPOSITOS DE ARENAS ALQUITRANADAS Y ESQUISTOS BUTUMINOSOS. LA EXTRACCION INCLUYE LAS OPERACIONES DE PERFORACION, TERMINACION Y EQUIPAMIENTO DE POZOS NO REALIZADAS POR CONTRATA NI A CAMBIO DE UNARETRIBUCION. TAMBIEN INCLUYE LA LICUEFACCION Y REGASIFICACION DEL GAS NATURAL PARA FACILITAR SU TRANSPORTE Y LA PRODUCCION EN LUGAR DE EXTRACCION, CON GASES DE PETROLEO Y DE YACIMIENTOS DE GAS, DE HIDROCARBUROS LIQUIDOS.",False,goods
l10n_cr_ticofac.activity_120001,120001,0721.0,EXTRACCION DE MINERALES DE URANIO Y TORIO,"EN ESTA CLASE SE INCLUYE LA EXTRACCION DE MINERALES ESTIMADOS PRINCIPALMENTE POR SU CONTENIDO DE URANIO O TORIO, COMO POR EJEMPLO LA PECBLENDA. TAMBIEN SE INCLUYE LA CONCENTRACION DE ESOS MINERALES.",False,goods
l10n_cr_ticofac.activity_142101,142101,0891.0,EXTRACCION DE MINERALES Y SUSTANCIAS PARA LA FABRICACION DE ABONOS,"EN ESTA CLASE SE INCLUYE LA EXTRACCION DE MINERALES, ESTIMADOS POR SU CONTENIDODE POTASIO, NITROGENO, POTASIO, AZUFRE, BARIO, BORATOS NATURALES SULFATOS DEMAGNESIO Y OTROS MINERALES COMO TIERRAS COLORANTES Y FLUORITA.",False,goods
l10n_cr_ticofac.activity_142201,142201,0893.0,EXTRACCION DE SAL,"SE INCLUYE EXTRACCION, MOLIENDA Y CRIBADO (PURIFICAR) DE SAL.",False,goods
l10n_cr_ticofac.activity_142901,142901,0899.0,EXPLOTACION DE OTRAS MINAS Y CANTERAS N.C.P.,"EN ESTA CLASE SE INCLUYE LA EXTRACCION EN MINAS Y CANTERAS DE MINERALES Y OTROS MATERIALES NO CLASIFICADOS EN OTRAS PARTE: MATERIALES ABRASIVOS, PIEDRAS PRE- CIOSAS.",False,goods
l10n_cr_ticofac.activity_142902,142902,4690.0,VENTA DE ASFALTO/MEZCLA ASFALTICA,"ASTA CLASE INCLUYE LA VENTA DE MEZCLA DE ASFALTO CAPA ASFALTICA, Y LA QUE SE DE NOMINA MACADAM ALQUINATRADO (NO ES ASFALTO) LA CLASIFICASION ARANCELARIA ES LA 2517.30.00.00 SUJETA AL IMPUESTO GENERAL SOBRE LAS VENTAS.",False,goods
l10n_cr_ticofac.activity_151101,151101,1010.9,"PRODUCCION, PROCESAMIENTO Y CONSERVACION DE CARNES Y EMBUTIDOS (SIN ENVASAR)","EN ESTA CLASE SE INCLUYEN LA EXPLOTACION DE CARNE CON O SIN MATADEROS, LA PRE- PARACION Y CONSERVACION DE CARNE DE VACA, CERDO, OVEJA, CABRA, CABALLO, AVES DE CORRAL, CONEJO, ESPECIES DE CAZA Y OTROS ANIMALES, ASIMISMO, SE INCLUYE LA ELABORACION DE EMBUTIDOS SIN ENVASAR O EMPACAR. SI DICHOS EMBUTIDOS SON ENVASADOS O ENLATADOS, SE INCLUYEN EN EL CODIGO 151105.",False,goods
l10n_cr_ticofac.activity_151103,151103,1010.1,PRODUCCION DE CUEROS Y PIELES SIN CURTIR,"EN ESTA CLASE SE INCLUYE LA PRODUCCION DE CUEROS Y PIELES SIN CURTIR Y OTROS SUBPRODUCTOS CONEXOS, TALES COMO LANA DE MATADERO, PLUMAS Y PLUMONES, DIENTES Y HUESOS.",False,goods
l10n_cr_ticofac.activity_151105,151105,1010.1,"PRODUCCION DE EMBUTIDOS EMPACADOS, ENVASADO Y ENLATADO","ESTA CLASE INCLUYE LA PRODUCCION DE EMBUTIDOS EMPACADOS, ENLATADOS Y ENVASADOS COMO:CHORIZO, MORTADELA, PATE, SALCHICHAS, SALCHICHON Y SIMILARES.",False,goods
l10n_cr_ticofac.activity_151201,151201,1020.0,ELABORACION Y CONSERVACION DE PESCADO Y SUS DERIVADOS,"INCLUYE LA CONSERVACION DE PESCADO MEDIANTE PROCESOS DE SESECACION, AHUMADO, SALADURA, INMERSION EN SAL, Y ENLATADO. PRODUCCION DE PESCADO COCIDO, FILETES FRESCOS, REFRIGERADOS O CONGELADOS. PRODUCCION DE PESCADO FERMENTADO Y DE HARINA DE PESACADO PARA CONSUMO HUMANO Y ALIMENTO ANIMAL. ASIMISMO, SE INCLUYE LA ELABORACION Y CONSERVACION DE PESCADO, CRUSTACEOS Y MOLUSCOS REALIZADOS EN BUQUES.",False,goods
l10n_cr_ticofac.activity_151301,151301,1030.0,"ELABORACION Y CONSERVACION DE FRUTAS, LEGUMBRES Y HORTALIZAS","ESTA CLASE ABARCA LA ELABORACION DE ALIMENTOS COMPUESTOS.PRINCIPALMENTE DE FRUTAS, LEGUMBRES U HORTALIZAS CONSERVACION MEDIANTE CONGELACION DE FRUTAS, LEGUMBRES Y HORTALIZAS, COCIDAS O SIN COCER, INCLUSO PREPARACION Y CONSERVACION DE JUGOS DE FRUTAS Y HORTALIZAS.CONSERVACION POR OTROS MEDIOS, TALES COMO DESECACION O INMERSION EN ACEITE O VINAGRE.PROCESAMIENTO DE PATATAS.ELABORACION DE SEMOLAS PREPARADAS DE LEGUMBRES Y HORTALIZAS.ELABORACION DE HARINA Y SEMOLA DE PATATA.CONSERVACION DE FRUTAS, HORTALIZAS Y LEGUMBRES MEDIANTE ENVASE EN RECIPIENTES HERMETICOS.ELABORACION DE COMPOTAS, MERMELADAS Y JALEAS.",False,goods
l10n_cr_ticofac.activity_151304,151304,1030.0,PRODUCCION DE CONCENTRADOS PARA JUGOS (CITRICULTURA),"EN ESTA CLASE DE INCLUYE LA PRODUCCION DE CONCENTRADOS DE FRUTAS Y VERDURAS, COMO MATERIA PRIMA PARA LA FABRICACION DE JUGOS DE MENOR CONCENTRACION PARA CONSUMO FINAL. NO AFECTO AL IMPUESTO ESPECIFICO A LAS BEBIDAS NO ALCOHOLICAS, EN EL ENTENTIDO QUE DICHA MATERIA PRIMA NO ES PARA CONSUMO FINAL. VER OFICIO DGT-00055 DEL 23-01-2002.",False,goods
l10n_cr_ticofac.activity_151401,151401,1040.0,ELABORACION DE ACEITES Y GRASAS DE ORIGEN VEGETAL Y ANIMAL,"EN ESTA CLASE SE INCLUYE LA ELABORACION DE ACEITES Y GRASAS A PARTIR DE SUSTANCIAS ANIMALES Y VEGETALES, EXCEPTO LA EXTRACCION Y REFINACION DE GRA DE CERDO Y OTRAS GRASAS COMESTIBLES DE ORIGEN ANIMAL. EXTRACCION DE CEITE DE PESCADO Y DE HIGADO DE PESCADO. PRODUCCION DE ACEITES VEGETALES, INCLUSO ACEITES EXTRAIDOS DE NUECES Y ACEITUNAS. PRODUCCION DE MARGARINA Y OTROS ACEITES DE MESA Y GRASAS PARA COCINAR.",False,goods
l10n_cr_ticofac.activity_152001,152001,1050.0,PRODUCCION DE HELADOS Y OTROS PRODUCTOS SIMILARES,"EN ESTA CLASE SE INCLUYE LA FABRICACION DE HELADOS Y OTROS PRODUCTOS COMESTIBLESSIMILARES, CON CREMA, CHOCOLATE, FRUTAS O SIN ELLOS._INCLUYE LA ELABORACION DE HELADO EMPACADO EN BOLSAS DE POLIETILENO CONOCIDOS COMO BOLIS.",False,goods
l10n_cr_ticofac.activity_152002,152002,1050.0,ELABORACION DE PRODUCTOS LACTEOS GRAVADOS CON VENTAS,"EN ESTA CLASE SE INCLUYE LOS PRODUCTOS LACTEOS LOS CUALES POR SU PROCESO DE ELABORACION, SE ENCUENTRAN AFECTOS AL IMPUESTO SOBRE LAS VENTAS, TALES COMO: YOGURT,QUESOS ENVASADOS O ENLATADOS, REQUESON ENVASADO, QUESOS MADUROS, ENTRE OTROS. LOS PRODUCTOS LACTEOS EXENTOS SE ENCUENTRAN EN EL CODIGO 152003. LOS HELADOS Y SIMILARES SE ENCUENTRAN EL CODIGO 152001 Y LAS BEBIDAS ENVASADAS DE LECHE SABORIZADAS SE ENCUENTRAN EN EL CODIGO 155402 YA QUE SON BEBIDAS SIN CONTENIDO ALCOHOLICO, LAS CUALES TIENEN UN IMPUESTO ESPECIFICO.",False,goods
l10n_cr_ticofac.activity_152003,152003,1050.0,ELABORACION DE PRODUCTOS LACTEOS EXENTOS DE IMP. VENTAS,"EN ESTA CLASE SE INCLUYE LA ELABORACION DE LECHE : CLASIFICACION, FILTRACION,INSPECCION Y REFRIGERACION DE CREMA Y DE LECHE ENTERA, FRESCA Y LIQUIDA; SEPARACION DE LA CREMA DE LA LECHE; PASTEURIZACION, ESTERILIZACION, HOMOGENEIZACION, PECTONIZACION Y MATERNIZACION DE LA LECHE; CONGELACION Y BATIDO DE LA CREMA;CONCENTRACION, FERMENTACION Y ""CULTIVO"" DE LECHE; ENVASE DE LECHE Y CREMA EN BOTELLAS Y EN RECIPIENTES DE CARTON; PRODUCCION DE LECHE Y DE CREMA EN FORMA SOLIDA, A SABER, EN BLOQUES, POLVO Y GRANULOS. PRODUCCION DE MANTEQUILLA NATURAL Y DE MANTEQUILLA DESECADA, RESOLIDIFICADA O CONVERTIDA EN MANTEQUILLA RANCIA. PRODUCCION DE MANTEQUILLA DE LECHE DE BUFALA (GHEE). PRODUCCION DE QUESO Y CUAJADA:FRESCO, CURADO, DE PASTA DURA O FUNDIDO. PRODUCCION DE SUERO: FRESCO, CONCENTRADO O DESECADO. PRODUCCION DE CASEINA Y LACTOSA. DE CONFORMIDAD CON EL ART. 5 DEL REGLAMENTO DE LA LEY AL IMPUESTO SOBRE LAS VENTAS, ESTAN EXENTOS: LA PRODUCCION DE LECHE AGRIA, LECHE EN POLVO, LECHE FRESCA O INTEGRA LIQUIDA, LECHE DESLACTOSADA, FORMULA MATERNIZADA EN POLVO, MODIFICADA Y SUCEDANOS DE LECHE, PASTEURIZADA Y ULTRAPASTEURIZADA, LECHE Y CREMAS FRESCAS INCLUSO SUEROS DE MANTEQUILLA O DE QUESO, LECHE DESCREMADA, CREMAS AGRIAS, CUAJADA NO ENVASADA, NATILLA, QUESO NO MADURADO (BLANCO, SEMIDURO, DURO Y EXTRA DURO) INCLUIDO EL QUESO FRESCO, INDEPENDIENTEMENTE DE SU PRESENTACION, REQUESON NO ENVASADO, SUERO DE LECHE NO ENVASADO. EXCLUSION: LA PRODUCCION DE LECHE CRUDA SE INCLUYE EN LA CLASE 012103 (CRIA DE GANADO VACUNO Y DE OVEJAS, CABRAS, CABALLOS, ASNOS, MULAS Y BURDEGANOS; CRIA DE GANADO LECHERO. LA PRODUCCION DE OTROS PRODUCTOS LACTEOS AFECTOS AL IMPUESTO SOBRE LAS VENTAS, SE ENCUENTRAN EN EL CODIGO 152002.",False,goods
l10n_cr_ticofac.activity_153101,153101,1061.9,SERVICIO DE MOLIENDA,"EN ESTA CLASE SE INCLUYE EL SERVICIO DE MOLIENDA DE MAIZ, SOYA, ALVERJAS, ARROZ,LEGUMBRES, SORGO. LA MOLIENDA DE CAFE SE ENCUENTRA EN EL GRUPO 1549 Y LA MOLIEN-DA DE MALTA EN EL GRUPO 1553.",False,goods
l10n_cr_ticofac.activity_153102,153102,1061.9,ELABORACION DE HARINAS PREMEZCLADAS Y PREPARADAS PARA LA FABRICACION DE PRODUCTOS DE PANADERIA Y REPOSTERIA,"EN ESTA CLASE SE INCLUYE LA MOLIENDA DE CEREALES, COMO HARINA, SEMOLINA, SEMOLA Y GRANULOS DE TRIGO, CENTENO, AVENA, MAIZ Y OTROS CEREALES. MOLIENDA DE LEGUMBRES: HARINA Y SEMOLA DE LEGUMINOSASDESECADAS, DE RAICES Y TUBERCULOS, Y DE NUECES COMESTIBLES. ELABORACION DE ALIMENTOS PARA EL DESAYUNO MEDIANTE EL TOSTADO O LA INSUFLACION DE GRANOS DE CEREALES O MEDIANTE EL MACERAMIENTO, PERLADO, HOJALDRADO Y PULIMENTO DE GRANOS. ELABORACION DE HARINA Y DE MASA MEZCLADA Y PREPARADA PARA LA FABRICACION DE PAN, PASTELES, BIZCOCHOS, PANQUEQUES, ETC. EXCLUSION:LA ELABORACION DE HARINA Y SEMOLA DE PATATA SE INCLUYE EN LA CLASE 1513 (ELABORACION Y CONSERVACION DE FRUTAS, LEGUMBRE S Y HORTALIZAS). LA MOLIENDA DE MAIZ HUMEDO SE INCLUYE EN LA CLASE 1532 (ELABORACION DE ALMIDONES Y PRODUCTOS DERIVADOS DEL ALMIDON).",False,goods
l10n_cr_ticofac.activity_153103,153103,1061.1,PROCESAMIENTO DEL ARROZ,"ESTA CLASE INCLUYE EL PILADO DE ARROZ, LA. MOLIENDA DE ARROZ: ARROZ DESCASCARILLADO, MOLIDO, PULIDO , BLANQUEADO, SEMICOCIDO O CONVERTIDO. PRODUCCION DE HARINA DE ARROZ.",False,goods
l10n_cr_ticofac.activity_153104,153104,1061.9,FABRICACION DE HARINAS FINAS Y GRUESAS,EN ESTA CLASE SE INCLUYE LA FABRICACION DE HARINAS FINAS Y GRUESAS DE TRIGO Y OTROS CEREALES. EXENTO DE IMPUESTO DE VENTAS ART. 5 DELREGLAMENTO DE VENTAS.,False,goods
l10n_cr_ticofac.activity_153201,153201,1062.0,ELABORACION DE PRODUCTOS DERIVADOS DE ALMIDON,"ESTA CLASE ABARCA LA ELABORACION DE ALMIDONES: ALMIDONES DE MAIZ, ARROZ Y OTROS GRANOS, DE PATATA, DE YUCA (MANDIOCA) Y DE OTRAS MATERIAS VEGETALES.",False,goods
l10n_cr_ticofac.activity_153301,153301,1080.0,ELABORACION DE ALIMENTOS PARA ANIMALES DESTINADOS AL CONSUMO HUMANO,"ESTA CLASE INCLUYE LA PRODUCCION DE ALIMENTOS, INCLUSO MEZCLAS PRELIMINARES, ALIMENTOS CONCENTRADOS, FORRAJE EDULCORADO Y ALIMENTOS SUPLEMENTARIOS; PREPARADOS PARA ANIMALES DESTINADOS PARA EL CONSUMO HUMANO TALES COMO: AVES DE CORRAL, CERDOS, GANADO DE ENGORDE,PECES DE TODO TIPO, ENTRE OTROS. EXCLUSION: EL ALIMENTO PARA MASCOTAS COMO PERROS, GATOS, PECES TROPICALES, PAJAROS Y OTRAS MASCOTAS SE ENCUENTRA GRAVADO POR EXCEPCION DEL ARTICULO 5 DEL REGLAMENTO DE LA LEY DEL IMPUESTO SOBRE LAS VENTAS.",False,goods
l10n_cr_ticofac.activity_153302,153302,1080.0,ELABORACION DE PACAS DE HENO,"ESTA CLASE INCLUYE EL PROCESAMIENTO DE LAS PLANTAS HERBACEAS QUE SE USAN PARA ELABORAR ALIMENTOS CURADOS PARA EL GANADO, CONOCIDO HENO. ESTA ACTIVIDAD NO ESTA SUJETA A VENTAS DE CONFORMIDAD CON EL OFICIO DR-241-2012.",False,goods
l10n_cr_ticofac.activity_154101,154101,1071.9,VENTA DE PAN Y OTROS PRODUCTOS SIMILARES GRABADOS CON VENTAS,EN ESTA CLASE SE INCLUYE LA PRODUCCION Y VENTA DE PANES Y CEREALES NO INCLUIDOS EN LA NUEVA CANASTA BASICA (DECRETO NO. 37132-H),False,goods
l10n_cr_ticofac.activity_154102,154102,1071.9,"PASTELERIA, REPOSTERIA O AMBAS","INCLUYASE EN ESTA CLASE LA ELABORACION ARTESANAL O INDUSTRIAL DE PASTELES O REPOSTERIAS TALES COMO: PASTELES DE FRUTAS Y/O SEMILLAS, QUEQUES SECOS O DECORADOS,BIZCOCHOS, GALLETAS, PANES O BOCADILLOS DULCES O SALADOS, TRES LECHES, OREJAS,PRUSIANOS, CHEESECAKE, ENCHILADAS, ENTRE OTROS.",False,goods
l10n_cr_ticofac.activity_154104,154104,1071.9,VENTA DE PAN Y OTROS PRODUCTOS SIMILARES EXENTOS DE VENTAS,INCLUYE LA ELABORACION ARTESANAL O INDUSTRIAL DE PRODUCTOS INCLUIDOS EN LA NUEVA CANASTA BASICA (DECRETO NO. 37132-H).,False,goods
l10n_cr_ticofac.activity_154201,154201,1072.0,ELABORACION DE AZUCAR Y SUS DERIVADOS,"EN ESTA CLASE SE INCLUYE LA PRODUCCION DE AZUCAR DE CAÑA Y DE REMOLACHA: AZUCAR DE CAÑA EN BRUTO, AZUCAR REFINADA DE CAÑA Y DE REMOLACHA, JARABES DE AZUCAR DE REMOLACHA Y DE CAÑA, OTROS AZUCARES Y JARABES DE AZUCAR (AZUCAR DE ARCE, AZUCAR INVERTIDO, AZUCAR DE PALMA). PRODUCCION DE MELAZAS. BAGAZO HIDROLIZADO.",False,goods
l10n_cr_ticofac.activity_154202,154202,1072.0,ELABORACION DE PRODUCTOS DERIVADOS DE LA CAÑA DE AZUCAR,"ESTA CLASE INCLUYE LA ELABORACION DE PRODUCTOS DERIVADOS DE LA CAÑA DE AZUCAR TALES COMO JUGO DE CAÑA, JARABE, SIROPE Y TAPAS DE DULCE LOS CUALES SE ENCUENTRAN EXENTOS DEL IMPUESTO SOBRE LAS VENTAS, DE ACUERDO CON EL ARTICULO 5 DE SU REGLAMENTO.",False,goods
l10n_cr_ticofac.activity_154301,154301,1073.0,ELABORACION DE CACAO,"ESTA CLASE ABARCA LA ELABORACION DEL CACAO EN FORMA DE PASTA, POLVO Y BLOQUES. ASI COM LA ELABORACION DE ELABORACION DE MANTECA, GRASA Y ACEITE DE CACAO.",False,goods
l10n_cr_ticofac.activity_154302,154302,1073.0,ELABORACION DE CHOCOLATE,ELABORACION DE CHOCOLATE Y PRODUCTOS PREPARADOS CON CHOCOLATE.,False,goods
l10n_cr_ticofac.activity_154303,154303,1073.0,"ELABORACION DE DULCES, GOLOSINAS Y CONSERVAS EN AZUCAR","ESTA CLASE INCLUYE LA ELABORACION DE TODO TIPO DE DULCES, CONFITES, GOLOSINAS Y CONSERVAS EN AZUCAR DE NUECES, CORTEZAS DE FRUTAS Y OTRAS PARTSE DE PLANTAS.",False,goods
l10n_cr_ticofac.activity_154401,154401,1074.0,"ELABORACION DE MACARRONES, FIDEOS, ALCUZCUZ Y PRODUCTOS FARINACEOS SIMILARES","ESTA CLASE INCLUYE LA ELABORACION DE PRODUCTOS FARINACEOS SIN COCER: ESPAGUETIS, MACARRONES, FIDEOS Y OTROS PRODUCTOS DE PASTA PARA PREPARAR LASAÑA, CANELONES, RAVIOLES, ETC. ELABORACION DE ALCUZCUZ. ELABORACION DE PASTAS RELLENAS, COCIDAS O SIN COCER. ELABORACION DE OTROS PRODUCTOS DE PASTA COCIDOS. ELABORACION DE PRODUCTOS DE PASTA CONSERVADOS EN RECIPIENTES HERMETICOS O POR CONGELACION.",False,goods
l10n_cr_ticofac.activity_154902,154902,1079.9,FABRICACION DE PRODUCTOS ALIMENTICIOS PREPARADOS N.C.P. (NOCONTEMPLADOS EN OTRA PARTE),"EN ESTA CLASE SE INCLUYE LA PREPARACION DE ALIMENTOS NO CONTEMPLADOS EN OTRA CLASIFICACION: ENTRE ELLOS, SOPAS DE CARNE, PESCADO, POLLO, MOLUSCOS, CRUSTACEOS, ETC, EN ESTADO SOLIDO (PASTA), LIQUIDO, CONGELADOS Y EN TABLETAS. ASIMISMO, LA ELABORACION DE ESPECIAS, SALSAS, MOSTAZAS Y CONDIMENTOS. EN ESTA CLASE SE INCLUYE ADEMAS, EL TOSTADO, LA MOLIENDA, EL DESCAFEINADO Y EL ENVASE DE CAFE. ELABORACION DE SUCEDANEOS DE CAFE QUE CONTIENEN CAFE. ELABORACION DE EXTRACTOS, ESENCIAS DE CONCENTRADOS DE CAFE Y PREPARADOS A BASE DE DICHO PRODUCTO. TOSTADO DE ACHICORIA Y ELABORACION DE OTROS SUCEDANEOS DEL CAFE TORRADO Y DE SUS ESENCIAS, EXTRACTOS Y CONCENTRADOS. ELABORACION DE EXTRACTOS, ESENCIAS Y CONCENTRADOS DE TE YYERBA MATE, O PREPARADOS A BASE DE DICHOS EXTRACTOS, ESENCIAS Y CONCENTRADOS, O A BASE DE TE Y YERBA MATE.PRODUCCION DE HUEVOS EN POLVO O CONGELADOS, CLARAS DE HUEVO, YEMAS DE HUEVO, HUEVOS RECONSTRUIDOS Y HUEVOS EN CONSERVA. PRODUCCION DE ALIMENTOS PARA LACTANTES Y PARA INVALIDOS CON INGREDIENTES HOMOGE TNEIZADOS, INCLUSO EXTRACTOS DE CARNE, PESCADO, FRUTAS, HORTALIZAS, LECHE Y MAL TA. TOSTADO DE NUECES Y ELABORACION DE ALIMENTOS Y PASTAS A BASE DE NUECES.",False,goods
l10n_cr_ticofac.activity_154903,154903,3530.0,FABRICACION DE HIELO,EN ESTA CLASE SE INCLUYE LA FABRICACION DE HIELO EN CUALQUIER TIPO DE PRESENTA- CION.,False,goods
l10n_cr_ticofac.activity_154904,154904,0163.1,"FABRICACION DE CAFE (EXCEPTO EL ENVASADO, ENLATADO, SOLUBLEY EL DESCAFEINADO)","EN ESTA CLASE SE INCLUYE LA FABRICACION DE CAFE. EXCEPTO EL CAFE ENVASADO O ENLATADO, SOLUBLE Y EL DESCAFEINADO. EL REGLAMENTO DE VENTAS DEFINE ENVASADO O ENLATADO, EL PRODUCTO CONTENIDO EN RECIPIENTE CERRADO DE HOJALATA O VIDRIO. EN CUYO CASO ESTARIA GRAVADO CON EL IMPUESTO SOBRE LAS VENTAS.",False,goods
l10n_cr_ticofac.activity_154905,154905,1061.9,ELABORACION DE PRODUCTOS DE MAIZ EXENTOS DE VENTAS,"EN ESTA CLASE SE INCLUYE LA ELABORACION TORTILLAS DE MAIZ Y DE HARINA DE TRIGO AMBAS SIN FREIR, ASI COMO LOS TAMALES DE MAIZ, LOS BIZCOCHOS, ETC. ESTAS MERCANCIAS ESTAN EXENTAS DE VENTAS DE ACUERDO AL ART. 5 DEL REGLAMENTO A LA LEY DEL IMPUESTO GENERAL SOBRE LAS VENTAS.",False,goods
l10n_cr_ticofac.activity_154908,154908,1061.9,ELABORACION DE PRODUCTOS DE MAIZ GRAVADOS CON VENTAS,"ESTA CLASE INCLUYE LA ELABORACION DE PRODUCTOS DE MAIZ, TALES COMO: EMPANADAS DE MAIZ AMARILLO (SOLO FREIR) Y EMPANADAS DE HOJALDRE (SOLO HORNEAR) CON VARIEDAD DE RELLENOS, PRECOCIDAS Y CONGELADAS, LISTAS PARA CONSUMIR, ROSQUILLAS, CHORREADAS, TAMAL ASADO; ETC.",False,goods
l10n_cr_ticofac.activity_155101,155101,1101.0,ELABORAC. RECTIFICAC MEZCLA BEBIDAS ALCOHOLICAS/PROD. DE ALCOHOL ETILICO (SUSTAN FERMENTADAS),"EN ESTA CLASE SE INCLUYE LA ELABORACION DE BEBIDAS ALCOHOLICAS DESTILADAS, TALE S COMO WHISKY, CONAC, GINEBRA, LICORES Y OTRAS BEBIDAS ALCOHOLICAS QUE CONTIENEN ALCOHOL ETILICO DESTILADO. ADEMAS, LA PRODUCCION DE ALCOHOL ETILICO BASADOS EN LA FERMENTACION DE SUSTANCIAS VEGETALES Y LA DESTILACION DE LICORES, ASI COMO LA PRODUCCION DE AGUARDIENTES NEUTROS.",False,goods
l10n_cr_ticofac.activity_155103,155103,1101.0,ELABORACION DE BEBIDAS CON PORCENTAJE DE ALCOHOL POR VOLUMEN MENOR AL 15%.,"EN ESTA CLASE SE INCLUYE LA ELABORACION DE BEBIDAS CUYA CONCENTRACION DE ALCOHOL ABSOLUTO , POR VOLUMEN CONTENIDO EN CUALQUIER BEBIDA DE PRODUCCION NACIONAL O IMPORTADA, INDISTINTAMENTE DE SU PRESENTACION, SEA MENOR A LA ESTABLECIDA EN LA LEY 7972 DEL 22/12/1999, LEY DE IMPUESTOS SOBRE CIGARRILLOS Y LICORES PARA PLAN DE PROTECCION SOCIAL; (POR EJEMPLO EL ROMPOPE, ALGUNAS CERVEZAS, ALGUNOS REFRESCOS, ALGUNOS ZUMOS, SIDRAS, ENTRE OTROS).",False,goods
l10n_cr_ticofac.activity_155301,155301,1103.0,ELABORACION DE BEBIDAS MALTEADAS Y DE MALTA NO ARTESANALES,"EN ESTA CLASE SE INCLUYE LA ELABORACION DE BEBIDAS MALTEADAS, COMO LAS CERVEZAS CORRIENTES, PALIDA, NEGRA Y FUERTE; ASI COMO LA ELABORACION DE MALTA. ESTA CLASE NO INCLUYE LA FABRICACION ARTESANAL.",False,goods
l10n_cr_ticofac.activity_155302,155302,1103.0,ELABORACION ARTESANAL DE BEBIDAS MALTEADAS Y DE MALTA.,"EN ESTA CLASE SE INCLUYE LA ELABORACION ARTESANAL DE BEBIDAS MALTEADAS, COMO LAS CERVEZAS CORRIENTES, PALIDA, NEGRA Y FUERTE; ASI COMO LA ELABORACION DE MALTA. ESTA ACTIVIDAD NO SE ENCUENTRA AFECTA AL IMPUESTO SELECTIVO DE CONSUMO DE ACUERDO AL ART 8 INCISO B) DE LA LEY DEL IMPUESTO SELECTIVO DE CONSUMO.",False,goods
l10n_cr_ticofac.activity_155403,155403,1104.0,ELABORACION DE BEBIDAS NO ALCOHOLICAS / GASEOSAS / AGUA MINERAL Y DE MANANTIAL,"ESTA CLASE ABARCA LA ELABORACION DE LAS BEBIDAS NO ALCOHOLICAS CONOCIDAS GENERALMENTE CON EL NOMBRE DE BEBIDAS REFRESCANTES, REFRESCOS GASEOSOS. ELABORACION DE BEBIDAS ADEREZADAS CON JUGOS DE FRUTAS, JARABES Y OTRAS SUSTANCIAS. ASI COMO LA PRODUCCION O EMBOTELLADO EN LA FUENTE, DE AGUAS MINERALES Y DE MANANTIAL",False,goods
l10n_cr_ticofac.activity_155404,155404,1079.9,ELABORACION DE CONCENTRADO PARA BEBIDAS NATURALES Y GASEOSAS,"EN ESTA CLASE SE INCLUYE LA ELABORACION DE CONCENTRADO QUE SE UTILIZA COMO MATERIA PRIMA EN LA ELABORACION DE BEBIDAS NATURALES Y GASEOSAS. SEGUN EL OFICIO DGT NO.55 DEL 23-01-2002, NO SE ENCUENTRA GRAVADA CON EL IMPUESTO ESPECIFICO DE BEBIDAS SIN ALCOHOL.",False,goods
l10n_cr_ticofac.activity_160001,160001,1200.0,ELABORACION DE PRODUCTOS DE TABACO,"EN ESTA CLASE SE INCLUYE LA ELABORACION O MANUFACTURA DE PRODUCTOS DE TABACO, T ALES COMO: CIGARRITOS, PURITOS, CIGARROS, PUROS, INCLUSO DESPUNTADOS, CIGARRILLOS, PICADURA PARA CIGARROS Y CIGARRILLOS, TABACO PARA MASCAR, TABACO DE PIPA, RAPE, CUALQUIER SUCEDANEO DEL TABACO. ELABORACION DE TABACO HOMOGENEIZADO O RECONSTITUIDO, QUE SE AGLOMERA DE ESCAMILLAS PROCEDENTES DE HOJAS, DE RESIDUOS O DE POLVO DE TABACO. SE INCLUYE TAMBIEN EL DESPEDUNCULADO Y SECADO DE LAS HOJAS DE TABACO",False,goods
l10n_cr_ticofac.activity_171101,171101,1312.0,FABRICACION DE TODO TIPO DE TELAS Y/O HILOS,"EN ESTA CLASE SE INCLUYEN LAS OPERACIONES DE PREPARACION DE FIBRAS TEXTILES, TALES COMO DEVANADO Y LAVADO DE LA SEDA; DESENGRASE, CARBONIZACION Y TEÑIDO DEL VELLON (MECHA, LANA), CARDADO (SUAVIZADO O ALISADO) Y PEINADO DE ESAS FIBRAS Y DE LAS DE YUTE, SISAL, LINO, RAMIO, CAÑAMO DE MANILA, COCO Y OTRAS FIBRAS VEGETALES O ANIMALES, ASI COMO DE TODOS LOS TIPOS DE FIBRAS TEXTILES MANUFACTURADAS. SE INCLUYE TAMBIEN, LA PRODUCCION DE FIBRAS A PARTIR DE HILACHAS (HEBRAS, HILOS) , FABRICACION DE HILADOS E HILOS PARA TEJEDURA Y COSTURA DE DISTINTOS TIPOS DE MATERIAL TEXTIL, PARA VENTA AL POR MENOR Y AL POR MAYOR Y PARA PROCESAMIENTO POSTERIOR. TAMBIEN SE INCLUYE LA FABRICACION DE HILADOS DE PAPEL. TEJEDURA, FABRICACION DE TEJIDOS ANCHOS DE TODOS LOS MATERIALES MENCIONADOS ANTERIORMENTE, INCLUSO SUS MEZCLAS. TAMBIEN SE INCLUYEN LOS TEJIDOS DE FIBRA DE VIDRIO Y LA FABRICACION DE FIBRAS ESPECIALES, COMO TEJIDOS ATERCIOPELADOS Y DE FELPILLA, TEJIDOS DE RIZO PARA TOALLAS, GASA, ETC. INCLUYANSE ADEMAS, LAS OPERACIONES DE ACABADO, TALES COMO BLANQUEO, TEÑIDO, CALANDRADO, PERCHADO, ENCOGIMIENTO Y ESTAMPADO.",False,goods
l10n_cr_ticofac.activity_171201,171201,1313.0,MAQUILA DE PRODUCTOS TEXTILES,"EN ESTA CLASE SE INCLUYE EL ACABADO, MEDIANTE PROCESOS TALES COMO BLANQUEO, TEÑIDO, CALANDRADO, PERCHADO, ENCOGIMIENTO Y ESTAMPADO DE TEJIDOS ANCHOS DE ALGODON, LANA, LANA PEINADA O SEDA, INCLUIDOS LOS FABRICADOS A PARTIR DE MEZCLAS O DE HILADOS SINTETICOS O ARTIFICIALES FABRICACION DE OTROS TEJIDOS ANCHOS DE LINO, RAMIO, CAÑAMO, YUTE Y FIBRAS BLANDAS Y DE HILADOS ESPECIALES SE INCLUYEN TAMBIEN LA FABRICACION DE TEJIDOS ATERCIOPELADOS Y DE FELPILLA, TEJIDOS DE RIZO PARA TOALLAS, GASA, ETC, FABRICACION DE TEJIDOS DE FIBRAS DE VIDRIO FABRICACION DE TEJIDOS DE CARBONO Y DE ARAMIDOS FABRICACION DE TEJIDOS QUE IMITAN LAS PIELES FINAS",False,goods
l10n_cr_ticofac.activity_171202,171202,1313.0,HIDROFUGADO/IMPERMEABILIZADO,"CONSISTE EN UN TRATAMIENTO PARA IMPERMEABILIZAR (HIDROFUGAR) ROPA, CALZADO, O CUALQUIER TIPO DE TEXTILES. ES UN PROCESO EN EL QUE AGREGA UNA SUSTANCIA",False,goods
l10n_cr_ticofac.activity_172101,172101,1392.0,"FABRICACION DE ARTICULOS CONFECCIONADOS DE MATERIALES TEXTILES, EXEPTO PRENDAS DE VESTIR","EN ESTA CLASE SE INCLUYE LA FABRICACION, CON TEJIDOS NO PRODUCIDOS EN LA MISMA UNIDAD, DE ARTICULOS CONFECCIONADOS CON CUALQUIER TIPO DE MATERIAL TEXTIL, INCLUSO TEJIDOS DE PUNTO Y GANCHILLO. SE INCLUYE LA FABRICACION DE ARTICULOS TALES COMO: FRAZADAS, MANTAS DE VIAJE Y TODA CLASE DE ROPA DE CAMA, PAÑOS DE MESA Y OTROS TIPOS DE ROPA BLANCA. ACCESORIOS PARA EL HOGAR, COMO CORTINAS, CENEFAS, VISILLOS Y SOBRECAMAS. ALGUNOS ARTICULOS CON RELLENO, COMO ACOLCHADOS, EDREDONES, COJINES, PUFES, ALMOHADAS Y SACOS PARA DORMIR. ENCERADOS, TIENDAS DE CAMPAÑA, ARTICULOS PARA ACAMPAR, VELAS, TOLDOS DE PROTECCION CONTRA EL SOL, FUNDAS PARA AUTOMOVILES, MAQUINAS Y MUEBLES. BANDERAS, GALLARDETES Y ESTANDARTES. PAÑOS PARA DESEMPOLVAR, PAÑOS DE COCINA, CHALECOS SALVAVIDAS, ETC. PARACAIDAS. LA FABRICACION DE TAPICES TEJIDOS A MANO SE INCLUYE EN ESTA CLASE. TAMBIEN SE INCLUYE LA FABRICACION DE TEJIDOS PARA MANTAS ELECTRICAS. EXCLUSION: CUANDO LOS ARTICULOS ABARCADOS POR ESTA CLASE SE FABRICAN EN LA MISMA UNIDAD QUE PRODUCE LOS TEJIDOS, LA ACTIVIDAD SE CONSIDERA UNA ACTIVIDADAUXILIAR DE LA TEJEDURA, O SEA, DE LA CLASE 1711 (PREPARACION E HILATURA DE FIBRAS TEXTILES; TEJEDURA DE PRODUCTOS TEXTILES)",False,goods
l10n_cr_ticofac.activity_172103,172103,7410.0,DISEÑO ARTISTICO PARA COSTURA (MOLDES),"SE INCLUYE EN ESTA ACTIVIDAD EL DISEÑO DE PRENDAS DE VESTIR DE CUALQUIER TIPO, EN DIFERENTES MOLDES A CAMBIO DE UNA RETRIBUCION ECONOMICA.",False,goods
l10n_cr_ticofac.activity_172201,172201,1393.0,FABRICACION DE TAPICES Y ALFOMBRAS,"EN ESTA CLASE SE INCLUYE LA FABRICACION DE PRODUCTOS TEXTILES, EN PIEZAS O A LA MEDIDA, PARA EL CUBRIMIENTO DE PISOS, TALES COMO: TAPICES, ALFOMBRAS Y ESTERAS PRODUCIDOS MEDIANTE EL TEJIDO, AFELPADO, TRENZADO, TUNDIDO, PUNZADO, ETC., DE HILADOS DE LANA, ALGODON, FIBRAS MANUFACTURADAS, YUTE, FIBRA DE COCO (BONOTE), SISAL Y FIBRAS SIMILARES.",False,goods
l10n_cr_ticofac.activity_172301,172301,1394.0,"FABRICACION DE CUERDAS, CORDELES,BRAMANTES Y REDES","ESTA CLASE INCLUYE LA FABRICACION DE CUERDAS, CORDELES, CORDONCILLOS E HILOS DE FIBRAS TEXTILES, ESTEN O NO IMPREGNADOS, REVESTIDOS, CUBIERTOS O FORRADOS CON CAUCHO O PLASTICO. TAMBIEN SE INCLUYE LA FABRICACION DE REDES DE CUERDA Y REDES DE DEPORTE, TALES COMO: REDES DE PESCA, DEFENSAS PARA BORDOS, COJINES PARA DESCARGA, ESLINGAS, CUERDAS Y MAROMAS CON AROS METALICOS.",False,goods
l10n_cr_ticofac.activity_172302,172302,1394.0,FABRICACION DE HILOS Y CUERDAS PARA USO AGRICOLA Y PESCA,ESTA CLASE INCLUYE LA FABRICACION DE HILOS DE NYLON PARA SARAN (TIRAS CRUDAS O TEÑIDAS PARA TEJIDOS DE USO AGRICOLA) Y REDES DE PESCA ASI COMO EL MECATE DE NYLON POLIPROPILENO DE MAS DE 18 MM Y CUERDAS PLASTICAS PARA PESCA TIPO MONOFILAMENTO DE TODO DIAMETRO. TAMBIEN INCLUYE EL CORDEL DE FIBRA DE COCO PARA APUNTALAMIENTO DE CULTIVOS AGRICOLAS.,False,goods
l10n_cr_ticofac.activity_172902,172902,1313.0,SERVICIO DE BORDADO A MANO O A MAQUINA,EN ESTA CLASE SE INCLUYE EL SERVICIO DE BORDADO A MANO O MAQUINA PRESTADO A CAMBIO DE UNA RETRIBUCION ECONOMICA.,False,goods
l10n_cr_ticofac.activity_173001,173001,1391.0,FABRICACION DE TEJDOS Y ARTICULOS DE PUNTO Y GANCHILLO,"ESTA CLASE ABARCA LAS ACTIVIDADES DE ELABORACION A MANO, O MEDIANTE MAQUINAS DE DISTINTA COMPLEJIDAD, DE ARTICULOS DE PUNTO Y GANCHILLO. POR CONSIGUIENTE, INCLUYE LA FABRICACION DE TEJIDOS DE ROPA DE PUNTO Y GANCHILLO. SE INCLUYE LA PRODUCCION DE TEJIDOS DE PUNTO PLANO O CIRCULAR, CON O SIN HILADOS ELASTOMERICOS O HILOS DE CAUCHO, ASI COMO LA DE TEJIDOS ATERCIOPELADOS Y RIZO Y LOS ARTICULOS TALES COMO JERSEYS, SUETERES, CHALECOS, CAMISETAS DE TODO TIPO, PANTIMEDIAS, LEOTARDOS, MEDIAS Y ARTICULOS SIMILARES.",False,goods
l10n_cr_ticofac.activity_181001,181001,1410.9,SERVICIOS DE COSTURA Y SASTRERIA (COSTURERAS Y SASTRES),"SE REFIERE A LA CONFECCION DE PRENDAS DE VESTIR, DONDE EL CLIENTE SUMINISTRA LA TELA. NO EXISTE VENTA DE PRODUCTOS, SOLO LA PRESTACION DEL SERVICIO. ADEMAS INCLUYASE LA ACTIVIDAD DE CUALQUIER ARREGLO EN LAS PRENDAS DE VESTIR.",False,services
l10n_cr_ticofac.activity_181002,181002,1410.9,FABRICACION DE PRENDAS DE VESTIR (ROPA DE TODO TIPO),"EN ESTA CLASE SE INCLUYE LA FABRICACION DE PRENDAS DE VESTIR ES DECIR, ROPA DE TODO TIPO PARA HOMBRES, NIÑOS, BEBES, ROPA INTERIOR Y DE DORMIR, ROPA DE DIARIO Y DE ETIQUETA, ROPA DE TRABAJO Y PARA PRACTICA DE DEPORTES, DE SOMBREROS Y GORROS, DE TODO TIPO DE ACCESORIOS DE VESTIR, TALES COMO GUANTES, CINTURONES, CHALES, CORBATAS, CORBATINES, REDECILLAS PARA EL CABELLO, ETC. TAMBIEN SE INCLUYE LA FABRICACION DE PARTES DE ESTOS PRODUCTOS.",False,goods
l10n_cr_ticofac.activity_182001,182001,1511.0,ADOBO Y TEÑIDO DE PIELES; FABRICACION DE ARTICULOS DE PIEL NATURAL O ARTIFICIAL,"ESTA CLASE ABARCA LA PRODUCCION DE PIELES FINAS ADOBADAS Y DE CUEROS Y PIELES CURTIDOS Y ADOBADOS SIN DEPILAR Y LA FABRICACION DE ARTICULOS DE PIELES FINAS O DE CUEROS SIN DEPILAR. LA PRODUCCION DE PIELES FINAS INCLUYE OPERACIONES TALES COMO DESCARNADURA, ENGRASE, CURTIDO, BLANQUEO, DEPILACION Y DESPINZADO PARA PONER LAS PIELES EN CONDICIONES DE COMERCIALIZACION. LOS ARTICULOS MAS IMPORTANTES QUE SE CONFECCIONAN CON PIELES FINAS Y OTRAS PIELES SIN DEPILAR SON PRENDAS DE VESTIR Y ACCESORIOS, CONJUNTOS DE PELETERIA, TALES COMO PLANCHAS, CUADRADOS, TIRAS, ETC.",False,goods
l10n_cr_ticofac.activity_191101,191101,1512.0,"FABRICACION DE MALETAS, BOLSOS DE MANO Y ARTICULOS SIMILARES","ESTA CLASE INCLUYE LA FABRICACION DE MALETAS, BOLSOS DE MANO, BILLETERAS, CINTURONES Y ARTICULOS SIMILARES. ESTOS PUEDEN SER CONFECCIONADOS EN CUERO O CON OTROS MATERIALES (GENERALMENTE CUEROS DE IMITACION), COMO PLASTICO, MATERIAS TEXTILES, FIBRAS VULCANIZADAS Y CARTON. INCLUYE ARTICULOS DE TALABARTERIA Y GUARNICIONERIA",False,goods
l10n_cr_ticofac.activity_192001,192001,1520.0,FABRICACION DE TODO TIPO DE ZAPATOS EXEPTO EL ORTOPEDICO,"EN ESTA CLASE SE INCLUYE LA FABRICACION INDUSTRIAL O ARTESANAL DE CALZADO PARA TODO USO Y DE CUALQUIER MATERIAL TALES COMO CUERO, CAUCHO, PLASTICO, MATERIALES TEXTILES, MADERA, ETC. Y MEDIANTE CUALQUIER PROCESO: CORTE Y COSTURA, MOLDEADO, ENGOMADO, ETC. INCLUYE LA FABRICACION DE BOTINES, POLAINAS Y ARTICULOS SIMILARES. COMPRENDE ADEMAS SUELAS Y PLANTILLAS DE TODO TIPO DE MATERIAL. LA FABRICACION DE CALZADO ORTOPEDICO SE INCLUYE EN EL CODIGO 331103.",False,goods
l10n_cr_ticofac.activity_201002,201002,1610.0,ASERRADO Y ACEPILLADURA DE MADERA,"ESTA CLASE INCLUYE LAS SIGUIENTES ACTIVIDADES: ASERRADO, ACEPILLADURA Y MAQUINADO DE MADERA; TABLEADO, DESCORTEZADO Y DESMENUZAMIENTO DE TRONCOS; FABRICACIO DE TRAVIESAS DE MADERA (DURMIENTES) PARA VIAS FERREAS; FABRICACION DE TABLETAS PARA LA ENNSAMBLDE LA MADERAADURA DE PISOS DE MADERA; FABRICACION DE LANA DE MADERA, HARINA DE MADERA Y PARTICULAS DE MADERA; SECADO DE MADERA; IMPREGNACION Y TRATAMIENTO QUIMICO DE LA MADERA CON PRESERVATIVOS Y OTRAS SUSTANCIAS",False,goods
l10n_cr_ticofac.activity_202101,202101,1621.0,"FABRICACION DE HOJAS DE MADERA PARA ENCHAPADO Y TABLEROS COMO PLYWOOD, DURPANEL Y SIMILARES","ENTEMENTE DELGADAS PARA PRODUCIR MADERA ENCHAPADA Y TABLEROS CONTRACHAPADOS, Y PARA OTROS FINES. LAS HOJAS PUEDEN OBTENERSE MEDIANTE ASERRADO, REBANADO Y DESENROLLO (MONDADURA) Y PUEDEN ESTAR ALISADAS, TEÑIDAS, BAÑADAS E IMPREGNADAS, O REFORZADAS CON PAPEL O TELA, O CORTADAS EN FIGURAS TAMBIEN SE INCLUYEN LA FABRICACION DE TABLEROS CONTRACHAPADOS, TABLEROS DE MADERA ENCHAPADA Y OTROS PRODUCTOS SIMILARES DE MADERA LAMINADA, Y LA FABRICACION DE TABLEROS DE PARTICULAS Y DE FIBRA. LA FABRICACION DE ESTOS PRODUCTOS SE CARACTERIZA POR LA UTILIZACION DE PRENSAS DE ALTA PRESION Y COLAS, EN COMBINACION O POR SEPARADO. LA PRODUCCION DE MADERA COMPACTADA TAMBIEN SE INCLUYE EN ESTA CLASE. RA COMPACTADA TAMBIEN SE INCLUYE EN ESTA CLASE.",False,goods
l10n_cr_ticofac.activity_202201,202201,1622.0,FABRICACION DE PARTES Y PIEZAS DE CARPINTERIA PARA EDIFICIOS Y CONSTRUCCIONES,".N ESTA CLASE SE INCLUYE PARTES Y PIEZAS DE CARPINTERIA,INCLUSO PUERTAS, VENTA-NAS, CONTRAVENTANAS Y SUS MARCOS, TENGAN O NO HERRAJES, COMO VISAGRAS, CERRADU-RAS, ETC. ESCALERAS, PORTICOS, BARANDALES, ETC, BLOQUES, LISTONES, ETC, ENSAM-BLADOS EN TABLEROS PARA PISOS DE PARQUE Y ARMARIOS EMPOTRADOS. ASIMISMO, SE INCLUYEN OTROS PRODUCTOS DE MADERA TALES COMO HERRAMIENTAS Y MANGOS DE CEPILLOS Y ESCOBAS, PERCHAS PARA ROPA, MARQUETERIA, JOYEROS, UTENSILIOS DE COCINA Y PARA USODOMESTICO, PERSIANAS DE MADERA. INSTALACION DE PIEZAS DE CARPINTERIA DE FABRICACION PROPIA.ADEMAS SE INCLUYE LA INSTALACION DE PUERTAS, VENTANAS, CONTRAVENTANASY SUS MARCOS EN ALUMINIO, CUYOS MATERIALES ESTAN AFECTOS AL IMPUESTO SOBRE LAS VENTAS",False,goods
l10n_cr_ticofac.activity_202301,202301,1622.0,FABRICACION DE TARIMAS,EN ESTA CLASE SE INCLUYE LA FABRICACION DE TARIMAS DE MADERA PARA TODO USO.,False,goods
l10n_cr_ticofac.activity_202902,202902,3290.0,"FABRICACION Y/O VENTA DE ATAUDES (CAJAS MORTUORIAS, FERETROS).",EN ESTA CLASE SE INCLUYE LA FABRICACION DE ATAUDES DE MADERA Y OTROS MATERIALES.,False,goods
l10n_cr_ticofac.activity_210101,210101,1701.0,FABRICACION DE PAPEL Y CARTON Y ENVASES DE PAPEL Y CARTON,"EN ESTA CLASE SE INCLUYE LA FABRICACION DE PASTA DE MADERA BALNQUEADA, SEMIBLANQUEADA O SIN BLANQUEAR MEDIANTE PROCESOS MECANICOS, QUIMICOS (CON O SIN DISOLUCION) O SEMIQUIMICOS. FABRICACION DE PASTA DE DESECHOS DE PAPEL. FABRICACION DEPAPEL Y CARTON PARA SU ULTERIOR ELABORACION INDUSTRIAL. ELABORACION ULTERIOR DE PAPEL Y CARTON: REVESTIMIENTO, RECUBRIMIENTO E IMPREGNACION DE PAPEL Y CARTON; PAPEL RIZADO O PLISADO; LAMINADOS DE PAPEL O CARTON. FABRICACION DE PAPEL FABRICADO A MANO. FABRICACION DE PAPEL DE PERIODICO Y DE OTROS PAPELES PARA IMPRIMIR Y ESCRIBIR. FABRICACION DE GUATA DE CELULOSA Y TIRAS DE FIBRAS DE CELULOSA. FABRICACION DE PAPEL CARBON O PAPEL DE ESTENCIL EN ROLLOS U HOJAS GRANDES. FABRICACION DEPAPEL Y CARTON ONDULADO. FABRICACION DE ENVASES DE PAPEL O CARTON ONDULADO, PLEGABLES DE CARTON, CARTON RIGIDO, OTROS ENVASES DE PAPEL O CARTON. FABRICACION DE SACOS Y BOLSAS DE PAPEL. FABRICACION DE ARCHIVADORES DE OFICINA Y SIMILARES.",False,goods
l10n_cr_ticofac.activity_210201,210201,1709.0,FABRICACION DE OTROS ARTICULOS DE PAPEL Y CARTON,"EN ESTA CLASE SE INCLUYE: FABRICACION DE PRODUCTOS DE PAPEL Y GUATA DE CELULOSA DE USO DOMESTICO Y PARA LA HIGIENE PERSONAL: PAÑUELITOS FACIALES, PAÑUELOS, TOALLAS, SERVILLETAS, PAPEL HIGIENICO, TOALLAS HIGIENICAS Y TAMPONES, PAÑALES Y FORROS DE PAÑALES PARA BEBES, VASOS, PLATOS Y BANDEJAS. FABRICACION DE GUATA DE MATERIALES TEXTILES Y ARTICULOS DE GUATA: TOALLAS HIGIENICAS, TAMPONES, ETC. FABRICACION DE PAPEL PARA IMPRIMIR Y PARA ESCRIBIR LISTO PARA USAR. FABRICACION DE PAPEL PARA IMPRESORA LISTO PARA USAR. FABRICACION DE PAPEL AUTOCOPIA LISTO PARA USAR. FABRICACION DE PAPEL PARA COPIAR O TRANSFERIR Y PAPEL CARBON LISTO PARA USAR. FABRICACION NDE SOBRES Y AEROGRAMAS. FABRICACION DE REGISTROS, LIBROS DE CONTABILIDAD, ENCUADERNADORES, ALBUMES Y ARTICULOS DE PAPELERIA SIMILARES, ENTRE OTROS.",True,goods
l10n_cr_ticofac.activity_221101,221101,5811.0,EDICION DE LIBROS DE TEXTOS,"EN ESTA CLASE SE INCLUYE LA EDICION DE LIBROS EN GENERAL, INCLUSO LIBROS DE TEXTOS EDUCATIVOS, DICCIONARIOS, ENCICLOPEDIAS, ETC.; ABARCA LA ADQUISICION DE DERECHOS DE AUTOR SOBRE CONTENIDOS (PRODUCTOS DE INFORMACION) Y LA DIFUSION DE ESOS CONTENIDOS ENTRE EL PUBLICO EN GENERAL REPRODUCIENDOLOS Y DISTRIBUYENDOLOS DIRECTAMENTE U ORGANIZANDO SU REPRODUCCION Y DISTRIBUCION EN DIVERSAS FORMAS",False,goods
l10n_cr_ticofac.activity_221201,221201,5813.0,"EDICION DE PERIODICOS, REVISTAS Y OTRAS PUBLICACIONES PERIODICAS","EN ESTA CLASE SE INCLUYE LA EDICION DE PERIODICOS, REVISTAS, Y PUBLICACIONES PERIODICAS DE CONTENIDO TECNICO Y GENERAL, REVISTAS DE INDUSTRIAS, HUMORISTICAS,Y DE CUALQUIER OTRO TIPO. LOS CONTRIBUYENTES INCLUIDOS EN ESTA CLASE PUEDEN OPTAR POR LA INSCRIPCION COMO DECLARANTES EN EL IMPUESTO SOBRE LAS VENTAS A EFECTOS DE QUE SE LES RECONOZCA LOS CREDITOS FISCALES.",False,goods
l10n_cr_ticofac.activity_221901,221901,7410.0,ARTES GRAFICAS,"EN ESTA CLASE SE INCLUYE LA ELABORACION DE TODO TIPO DE ELEMENTOS VISUALES FUNDAMENTALMENTE A TECNICAS DE GRABADO Y_DIBUJO, AUNQUE SUELE RESTRINGIRSE EL TERMINO A LAS TECNICAS RELACIONADAS CON LA IMPRENTA. ASIMISMO, ES UN PROCESO ARTISTICO DE LA CREACION DE UN DISEÑO USANDO UN MEDIO Y LA TRANSFERENCIA DE LA IMAGEN HACIA UN SUSTRATO (COMO EL PAPEL), CREANDO ASI UNA EXPRESION ARTISTICA.",False,goods
l10n_cr_ticofac.activity_222102,222102,1811.0,TIPOGRAFIA Y/O LITOGRAFIA (IMPRENTA),"EN ESTA CLASE SE INCLUYE LAS ACTIVIDADES DE IMPRESION REALIZADAS POR LAS IMPRENTAS TALES COMO PERIODICOS, REVISTAS, MAPAS, CARTELES, CATALOGOS, SELLOS POSTALES,PAPEL MONEDA, FORMULARIOS COMERCIALES, ENTRE OTROS EL CUAL SE ENCUENTRA AFECTOAL IMPUESTO SOBRE LAS VENTAS DE ACUERDO CON EL ART1 INC.P DE LA LEY.",False,goods
l10n_cr_ticofac.activity_222104,222104,1811.0,IMPRESION DIGITAL,"EN ESTA CLASE SE INCLUYE LA IMPRESION PARA TERCEROS, A CAMBIO DE UNA RETRIBUCIONO POR CONTRATA, ASI COMO TAMBIEN LA REPRODUCCION DE MATERIAL POR MEDIO DE EQUIPOESPECIAL PARA ACABADO DIGITAL.",False,goods
l10n_cr_ticofac.activity_222105,222105,1811.0,SERIGRAFIA,"EN ESTA CLASE SE INCLUYE LAS ACTIVIDADES DE SERIGRAFIA DENTRO DE LA CUALES SE DAEL ESTAMPADO MEDIANTE ESTARCIDO A TRAVES DE UN TEJIDO , EN PRINCIPIO DE SEDA, POR LA QUE UN RODILLO HACE PASAR LA TINTA O PINTURA. SE IMPRIME SOBRE CUALQUIER MATERIAL COMO PAPEL, TELA, METAL, CERAMICA, ETC.",False,goods
l10n_cr_ticofac.activity_223001,223001,1820.0,REPRODUCCION DE GRABACIONES,"EN ESTA CLASE SE INCLUYEN: LA REPRODUCCION A PARTIR DE COPIAS MATRICES DE DISCOS GRAMAFONICOS, DISCOS COMPACTOS Y CINTAS CON MUSICA U OTRAS GRABACIONES DE SONIDO. REPRODUCCION A PARTIR DE COPIAS MATRICES DE DISCOS COMPACTOS Y CINTAS CON PELICULAS CINEMATOGRAFICAS Y OTRAS GRABACIONES DE VIDEO. REPRODUCCION A PARTIR DE COPIAS MATRICES DE PROGRAMAS INFORMATICOS Y DATOS EN CINTAS Y DISCOS.",False,goods
l10n_cr_ticofac.activity_232001,232001,1920.0,REFINERIAS DE PETROLEO,"ESTA CLASE COMPRENDE LA TRANSFORMACION DEL PETROLEO CRUDO Y EL CARBON EN PRODUCTOS UTILIZABLES. EL PROCESO PRINCIPAL ES LA REFINERIA DEL PETROLEO, QUE ENTRAÑA LA SEPARACION DEL PETROLEO CRUDO EN LOS DISTINTOS PRODUCTOS QUE LO COMPONEN MEDIANTE TECNICAS COMO LA PIROLIZACION Y DESTILACION. FABRICACION DE COMBUSTIBLES LIQUIDOS O GASEOSOS O DE OTROS PRODUCTOS A PARTIR DEL PETROLEO CRUDO Y DE MINERALES BITUMINOSOS O DE LOS PRODUCTOS DE SU FRACCIONAMIENTO",False,goods
l10n_cr_ticofac.activity_232002,232002,1920.0,FABRICACION DE PRODUCTOS DIVERSOS DERIVADOS DEL PETROLEO,"FABRICACION DE ACEITES O GRASAS LUBRICANTES A BASE DEL PETROLEO. FABRICACION DE PRODUCTOS PARA LA INDUSTRIA PETROQUIMICA Y PARA LA FABRICACION DE PAVIMENTOS PARA CARRETERAS. FABRICACION DE DIVERSOS PRODUCTOS: BENCINA MINERAL, VASELINA, CERA DE PARAFINA, PETROLATO, ETC",False,goods
l10n_cr_ticofac.activity_232005,232005,2011.0,ELABORACION DE BIOCOMBUSTIBLES,"EN ESTA CLASE SE INCLUYE LA ELABORACION DE COMBUSTIBLES QUE SE DERIVEN DE LA BIOMASA (ORGANISMOS RECIENTEMENTE VIVOS O SUS DESECHOS METABOLICOS), TALES COMO EL BIOETANOL Y EL BIODIESEL, ENTRE OTROS.",False,goods
l10n_cr_ticofac.activity_241101,241101,2011.0,FABRICACION DE SUSTANCIAS QUIMICAS Y GASES INDUSTRIALES EXCEPTO ABONOS,"ESTA CLASE INCLUYE LA FABRICACION DE GASES INDUSTRIALES, INCLUSO GASES ELEMENTALES; AIRE LIQUIDO Y AIRE COMPRIMIDO, ACETILENO, GASES REFRIGERANTES, MEZCLAS DE GASES INDUSTRIALES, OXIGENO, ETC. ASIMISMO, SUSTANCIAS QUIMICAS COMO HIDROCARBUROS, BENCENO, TOLUENO, XILENO Y OTROS PRODUCTOS DE LA DESTILACION DE ALQUITRAN DE HULLA Y ACEITE MINERAL, METANOL Y ALCOHOLES SUPERIORES EXCEPTO ALCOHOL ETILICO; CETONAS Y QUINONAS INCLUSO ACIDO ACITICO, MATERIAS COLORANTES DE ORIGEN ANIMAL Y VEGETAL, COLORANTES ORGANINCOS SINTETICOS, MATERIALES VOLATILES DE LA DESTILACION DE LA MADERA, TINTES SINTETICOS, LEJIA, CLORO, ETC.",False,goods
l10n_cr_ticofac.activity_241201,241201,2012.0,FABRICACION DE ABONOS Y COMPUESTOS DE NITROGENO,"EN ESTA CLASE SE INCLUYE LA FABRICACION DE ABONOS: ABONOS NITROGENADOS, FISFATADOS Y POTASICOS PUROS O COMPLEJOS, UREA, FOSFATOS NATURALES CRUDOS Y SALES DE POTASIO NATURALES CRUDAS. FABRICACION DE PRODUCTOS DE NITROGENO CONEXOS: ACIDO NITRICO Y ACIDO SULFANITRICO, AMONIACO, CLORURO AMONICO, CARBONATO AMONICO, NITRITOS Y NITRATOS DE POTASIO. FABRICACION DE SUBSTRATOS HECHOS PRINCIPALMENTE DE TURBA. FABRICACION DE SUBSTRATOS HECHOS DE MEZCLAS DE TIERRA NATURAL, ARENA, ARCILLA Y MINERALES.",False,goods
l10n_cr_ticofac.activity_241301,241301,2013.0,FABRICACION DE PLASTICOS Y CAUCHO SINTETICO EN FORMAS PRIMARIAS,"ESTA CLASE INCLUYE LA FABRICACION DE PLASTICOS EN FORMAS PRIMARIAS, INCLUSO POLIMEROS DE ETILENO, DE POLIPROPILENO Y DE OTRAS OLEFINAS, DE ESTIROLENO, DE CLORURO DE VINILO Y DE OTRAS OLEFINAS HALOGENADAS, DE ACETATO DE VINILO Y DE OTROS ESTERES DE VINILO, Y OTROS POLIMEROS DE VINILO; POLIACETALES, OTROS POLIETERES Y RESINAS EPOXIDICAS; POLICARBONATOS, RESINAS ALQUIDICAS, ESTERES DE POLIALILO Y OTROS POLIESTERES; POLIOAMIDAS; AMINORRESINAS, RESINAS FENOLICAS Y POLIURETANOS; SILICONAS; RESINAS DE PETROLEO, POLITERPENOS, POLISULFUROS, POLISULFONAS; CELULOSAY SUS DERIVADOS QUIMICOS; POLIMEROS NATURALES (POR EJEMPLO, ACIDO ALGINICO),POLIMEROS NATURALES MODIFICADOS, TALES COMO PROTEINAS ENDURECIDAS; E INTERCAMBIADORES DE IONES BASADOS EN LOS POLIMEROS ANTEDICHOS. FABRICACION DE CAUCHO SINTITICO Y DE SUCEDANEOS DE CAUCHO A PARTIR DE ACEITES, EN FORMAS PRIMARIAS. PRODUCCION DE MEZCLAS DE CAUCHO SINTITICO Y CAUCHO NATURAL Y DE GOMAS SIMILARES AL CAUCHO(POR EJEMPLO, BALATA), EN FORMAS PRIMARIAS.",False,goods
l10n_cr_ticofac.activity_241302,241302,2013.0,FABRICACION DE RESINAS,"ESTA CLASE INCLUYE LA FABRICACION DE RESINAS: ACRILICA, ALQUID, DE ALUITRAN DE HULLA, CRISOL, FENOLICA, FTALICA ANHIDRICA, MELAMINA, POLIETILENO, SILICON, SINTETICA, UREA, VINILO",False,goods
l10n_cr_ticofac.activity_242101,242101,2021.0,FABRICACION DE PLAGUICIDAS Y OTROS PRODUCTOS QUIMICOS DE USO AGROPECUARIO,"EN ESTA CLASE SE INCLUYE LA FABRICACION DE INSECTICIDAS, RATICIDAS, FUNGICIDAS,HERBICIDAS, PRODUCTOS ANTIGERMINANTES, DESINFECTANTES Y OTROS PRODUCTOS QUIMICOSPARA USO AGROPECUARIO.",False,goods
l10n_cr_ticofac.activity_242201,242201,2022.0,"FABRICACION DE PINTURAS, BARNICES Y PRODUCTOS DE REVESTIMI-TO SIMILARES","ESTA CLASE SE REFIERE A LA FABRICACION DE PINTURAS, BARNICES, ESMALTES Y LACAS.PIGMENTOS Y OTRAS MATERIAS COLORANTES DEL TIPO UTILIZADO EN LA FABRICACION DEPINTURAS Y POR ARTISTAS Y OTROS PINTORES. FABRICACION DE MASILLAS. FABRICACION DE DISOLVENTES Y DILUYENTES ORGANICOS COMPUESTOS.",False,goods
l10n_cr_ticofac.activity_242202,242202,2022.0,FABRICACION DE TINTAS DE IMPRENTAS,ESTA CLASE INCLUYE LA FABRICACION DE TINTAS UTILIZADAS EN LA IMPRENTAS TAL COMO LAS TINTAS FLEXOGRAFICAS,False,goods
l10n_cr_ticofac.activity_242301,242301,2100.0,"FABRICACION PRODUCTOS FARMACEUTICOS, SUSTANCIAS QUIMICAS YPRODUCTOS BOTANICOS","ESTA CLASE INCLUYE LA FABRICACION DE SUSTANCIAS MEDICINALES ACTIVAS QUE SE UTILIZAN POR SUS PROPIEDADES FARMACOLOGICAS EN LA FABRICACION DE MEDICAMENTOS: ANTIBIOTICOS, VITAMINAS BASICAS, ACIDO SALICILICO Y ACETILSALICILICO, ETC. FABRICACION DE MEDICAMENTOS: ANTISUEROS Y OTRAS FRACCIONES DE SANGRE, VACUNAS, MDEICAMENTOS DIVERSOS, INCLUIDOS PREPARADOS HOMEOPATICOS. FABRICACION DE PRODUCTOS QUIMICOS ANTICONCEPTIVOS DE USO EXTERNO Y DE MEDICAMNETOS ANTICONCEPTIVOS HORMONALES. FABRICACION DE PRODUCTOS DE BIOTECNOLOGIA. FABRICACION DE PÑREPARADOS PARA EL DIAGNOSTICO MEDICO. PREPARACION DE PRODUCTOS BOTANICOS, EMTRE OTROS.",False,goods
l10n_cr_ticofac.activity_242401,242401,2023.1,"FABRICACION JABONES, DETERGENTES, PREPARADOS DE TOCADOR, PARA LIMPIAR PULIR Y PERFUMES","EN ESTA CLASE SE INCLUYE LA FABRICACION DE JABONES Y PREPARACIONES TENSO ACTIVAS, PREPARACIONES PARA LAVAR EN POLVO, LIQUIDOS, BARRAS, PANES, TROZOS O PIEZAS TROQUELADAS O MOLDEADAS Y DETERGENTES. ASI COMO LAS PREPARACIONES PARA ENJUAGADO SUAVIZANTE PARA LA ROPA (PARTIDA 3402902010). FABRICACION DE PREPARACIONES UTILIZADAS PARA LA LIMPIEZA, TALES COMO DESINFECTANTES Y LIMPIADORES MULTIUSO DE LAS PARTIDAS 3402200090 Y 3402902090 EXCEPTO LOS JABONES QUE SE CLASIFICAN EN LAS ACTIVIDADES 242404 Y 242405, PREPARACIONES PARA AFEITAR O PARA ANTES O DESPUES DEL AFEITADO, DESODORANTES CORPORALES, PREPARACIONES PARA EL BAÑO, DEPILATORIOS Y DEMAS PREPARACIONES DE PERFUMERIA DE TOCADOR O COSMETICA, INCLUSO CAMPUS, LACA, PREPARACIONES DE DESODORANTES DE LOCALES, INCLUSO SIN PERFUMAR AUNQUE TENGAN PROPIEDADES DESINFECTANTES.",False,goods
l10n_cr_ticofac.activity_242404,242404,2023.2,FABRICACION DE JABONES DE TOCADOR,ESTA CLASE INCLUYE LOS JABONES DE TOCADOR.,False,goods
l10n_cr_ticofac.activity_242405,242405,2023.1,FABRICACION DE JABONES PARA LAVAR (EXCEPTO PREPARACIONES TENSO ACTIVAS USADAS COMO JABON),"ESTA CLASE INCLUYE LOS JABONES PARA LAVAR, MOLDEADO O TROQUELADO, EXCEPTO LAS PREPARACIONES ORGANIZAS TENSOACTIVAS USADAS COMO JABON. DECRETO 32352-H.",False,goods
l10n_cr_ticofac.activity_242406,242406,2023.1,"FABRICACION DE CERAS, ABRILLANTADORES, LUSTRADORES Y PREPARACIONES SIMILARES","ESTA CLASE INCLUYE LA ELABORACION DE BETUNES Y CREMAS PARA EL CALZADO, CERAS PARA PISO, PARA CARROCERIA, VIDRIO, METAL, PASTAS Y POLVOS ABRASIVOS Y PRODUCTOS SIMILARES EN CUALQUIER PRESENTACION.",False,goods
l10n_cr_ticofac.activity_242901,242901,2029.0,FABRICACION DE OTROS PRODUCTOS QUIMICOS.,"ESTA CLASE INCLUYE LA FABRICACION DE: REPELENTE CONTRA MOSQUITOS, TANTO DE USO AMBIENTAL COMO CORPORAL. EXPLOSIVOS, PRODUCTOS PIROTECNICOS (ANTORCHAS, ARTICULOS ENCENDEDORES Y PRODUCTOS SIMILARES), POLVORAS PROPULSORAS, OTROS PREPARADOS EXPLOSIVOS, MECHAS DETONADORAS Y DE SEGURIDAD, CAPSULAS, FUEGOS ARTIFICIALES, BENGALAS DE SEÑALES Y ARTICULOS SIMILARES. GELATINA Y DERIVADOS DE LA GELATINA, COLAS DE ORIGEN ANIMAL Y OTROS ADHESIVOS PREPARADOS, INCLUSO ADHESIVOS PREPARADOS A BASE DE CAUCHO Y PLASTICO. PEPTONAS Y SUS DERIVADOS, OTRAS SUSTANCIAS PROTEINICAS Y SUS DERIVADOS NO CLASIFICADAS EN OTRA PARTE. ACEITES ESENCIALES. MODIFICACION MEDIANTE PROCESOS QUIMICOS (POR EJEMPLO, OXIDACION, POLIMERIZACION, ETC.) DE ACEITES Y GRASAS. MATERIALES PARA EL ACABADO DE PRODUCTOS TEXTILES. POLVOS Y PASTAS PARA SOLDADURA BLANDA, DURAURA Y AUTOGENA. SUSTANCIAS PARA EL DECAPADO DE METALES. CARBON ACTIVADO, ADITIVOS PARA ACEITES LUBRICANTES, PREPARADOS PARA ACELERAR LA VULCANIZACION DEL CAUCHO, CATALIZADORES Y OTROS PRODUCTOS QUIMICOS DE USO INDUSTRIAL. PREPARADOS ANTIDETONANTES, PREPARADOS ANTICONGELANTES, LIQUIDOS PARA TRANSMISIONES HIDRAULICAS, REACTIVOS COMPUESTOS PARA DIAGNOSTICO Y DE LABORATORIO, ETC. PRODUCTOS FOTOQUIMICOS, COMO PLACAS FOTOGRAFICAS, PELICULAS, PAPEL SENSIBILIZADO, OTROS MATERIALES SENSIBILIZADOS SIN IMPRESIONAR Y PREPARADOS QUIMICOS DE USO FOTOGRAFICO. TINTAS PARA ESCRIBIR Y DIBUJAR. MATERIALES VIRGENES DE REPRODUCCION PARA GRABACIONES SONORAS Y DE OTRO TIPO. SAL PROCESADA.",False,goods
l10n_cr_ticofac.activity_242902,242902,2029.0,FABRICACION DE PEGAMENTOS Y ADHESIVOS,"ESTA INCLUYE LA FABRICACION DE PEGAMENTOS Y ADHESIVOS PREPARADOS, PARA USO DOMESTICO, INDUSTRIAL, ESCOLAR, ENTRE OTROS DE ORIGEN ANIMAL, VEGETAL O SINTETICO EXEPTO EL DENTAL.",False,goods
l10n_cr_ticofac.activity_242903,242903,3311.0,REPARACION DE ARMAS DE FUEGO,INCLUYASE LA REPARACION DE LAS ARMAS DE FUEGO DE CUALQUIER TIPO Y CALIBRE.,False,goods
l10n_cr_ticofac.activity_243001,243001,2030.0,FABRICACION DE FIBRAS SINTETICAS,"EN ESTA CLASE SE INCLUYE LA FABRICACION DE FIBRAS DISCONTINUAS Y ESTOPAS DE FILAMENTO ARTIFICIAL O SINTETICO, SIN CARDAR NI PEINAR. FABRICACION DE HILADOS DE FILAMENTO SINTETICO O ARTIFICIAL, TEJIDOS O NO, DE GRAN RESISTENCIA, MULTIPLES O CABLEADOS. FABRICACION DE FIBRAS O HEBRAS SINTETICAS O ARTIFICIALES SIN FILAMENTO (POR EJEMPLO, PAJA ARTIFICIAL).",False,goods
l10n_cr_ticofac.activity_251101,251101,2211.0,FABRICACION DE LLANTAS Y CUBIERTAS PARA EQUIPO Y MAQUINARIAMOVIL,"EN ESTA CLASE SE INCLUYE LA FABRICACION DE LLANTAS Y NEUMATICOS PARA VEHICULOS, EQUIPO Y MAQUINARIA MOVIL. TAMBIEN INCLUYE LA FABRICACION DE CUBIERTAS PARA VEHICULOS Y EQUIPO DISTINTOS DE LOS DE CIRCULACION POR CARRETERA, COMO AERONAVES Y TOPADORAS, Y PARA JUGUETES, MUEBLES Y OTROS USOS. FABRICACION DE CAMARAS PARA LAS CUBIERTAS DESCRITAS ANTERIORMENTE. FABRICACION DE PARTES DE CUBIERTAS, TALES COMO BANDAS DE RODADURA INTERCAMBIABLES, FAJAS DE PROTECCION DE LA CAMARA Y TIRAS DE REMIENDO",False,goods
l10n_cr_ticofac.activity_251102,251102,2211.0,REENCAUCHADORA DE LLANTAS,EN ESTA CLASE SE INCLUYE LOS SERVICIOS DE REENCAUCHE DE LLANTAS PARA TODO TIPO DE VEHICULO EXCEPTO LOS REENCAUCHES DE LLANTAS PARA MAQUINARIA AGRICOLA POR NO ESTAR ESTOS ULTIMOS AFECTOS AL IMPUESTO SOBRE LAS VENTAS.,False,goods
l10n_cr_ticofac.activity_251901,251901,2219.0,FABRICACION DE OTROS PRODUCTOS DE CAUCHO,"EN ESTA CLASE SE INCLUYE LA FABRICACION DE PRODUCTOS DE CAUCHO NO CLASIFICADOS EN OTRA PARTE. FABRICACION DE PRODUCTOS DE CAUCHO ACABADOS Y SEMIACABADOS; PRODUCTOS DE CAUCHO ENDURECIDO, VULCANIZADO Y SIN VULCANIZAR; PRODUCTOS CONSTITUIDOS EN TODO O EN PARTE POR CAUCHO NATURAL O SINTETICO O POR GOMAS PARECIDAS AL CAUCHO. ENTRE LA GRAN VARIEDAD DE ACTIVIDADES DE ESTA CLASE SE INCLUYE LA FABRICACION DE PLANCHAS, LAMINAS, TIRAS, VARILLAS Y PERFILES; TUBOS, CAÑOS Y MANGUERAS; CORREAS Y CINTAS TRANSPORTADORAS Y DE TRANSMISION; ARTICULOS HIGIENICOS Y FARMACEUTICOS; ARTICULOS DE VESTUARIO; PRODUCTOS PARA EL REVESTIMIENTO DE PISOS, ETC.",False,goods
l10n_cr_ticofac.activity_252001,252001,2220.9,FABRICACION DE ARTICULOS DE PLASTICO,"ESTA CLASE INCLUYE LA FABRICACION DE PRODUCTOS PLASTICOS, TALES COMO PLANCHAS, LAMINAS, PELICULAS, HOJAS Y TIRAS; TUBOS, CAÑOS Y MANGUERAS; ACCESORIOS DE CAÑOS Y MANGUERAS, PLANCHAS, Y OTRAS FORMAS PLANAS AUTOADHESIVAS; REVESTIMIENTOS DE PLASTICO PARA PISOS, PAREDES Y TECHOS, EN ROLLOS Y EN FORMA DE LOSETAS; Y OTROS PRODUCTOS PRIMARIOS DE PLASTICO. TAMBIEN INCLUYE LA FABRICACION DE ARTICULOS DE PLASTICO SANITARIOS (BAÑERAS, DUCHEROS, LAVADOS, TAZAS DE INODOROS, CISTERNAS DE INODOROS, ETC); ENVASES COMO BOLSAS, SACOS, CAJONES, CAJAS, GARRAFONES, BOTELLAS,ETC.; SERVICIOS DE MESA, UTENSILIOS DE COCINA Y ARTICULOS DE TOCADOR; ARTICULOS PARA OBRAS DE CONSTRUCCION, COMO PUERTAS, VENTANAS Y SUS MARCOS, POSTIGOS Y PERSSIANAS; Y OTROS ARTICULOS, COMO CUBRECABEZAS, ACCESORIOS PARA AISLAMIENTO, PIEZAS DE LAMPARAS Y ACCESORIOS PARA ALUMBRADO, MATERIAL ESCOLAR Y DE OFICINA, ARTICULOS DE VESTUARIO, ACCESORIOS PARA MUEBLES, CARROCERIAS DE VEHICULOS Y ARTICULOS SIMILARES, ESTATUILLAS Y OTROS ARTICULOS ORNAMENTALES.",True,goods
l10n_cr_ticofac.activity_261001,261001,2310.0,FABRICACION DE VIDRIO Y PRODUCTOS DE VIDRIO,"EN ESTA CLASE SE INCLUYE LA FABRICACION DE VIDRIO EN TODAS SUS FORMAS Y DE ARTICULOS DE VIDRIO: VIDRIO EN MASA Y EN OTROS ESTADOS, LABRADO O NO, INCLUSO LAMINAS, PLANCHAS, TUBOS Y VARILLAS. VIDRIO DE DIVERSA COMPOSICION QUIMICA, INCLUSO CUARZO FUNDIDO Y OTROS SILICES FUNDIDOS. VIDRIO DE DISTINTAS CARACTERISTICAS FISICAS, INCLUSO VIDRIO CON ARMADO DE ALAMBRE Y VIDRIO COLOREADO, TEÑIDO, ENDURECIDO Y LAMINADO. VIDRIO COLADO, ESTIRADO, SOPLADO, LAMINADO Y TEMPLADO, O FABRICADO POR OTROS PROCESOS. ARTICULOS DE VIDRIO UTILIZADOS EN LA CONSTRUCCION, COMO BLOQUES DE VIDRIO; RECIPIENTES DE VIDRIO, INCLUSO TAPAS Y TAPONES; ENVOLTURAS DE VIDRIO, INCLUSO CAMISAS, PARA DIVERSOS RECIPIENTES; ARTICULOS DE VIDRIO PARA LA COCINA, PARA SERVICIOS DE MESA Y PARA EL TOCADOR, Y PARA LA OFICINA Y OTROS LUGARES; CRISTALERIA DE LABORATORIO, HIGIENICA Y FARMACEUTICA; VIDRIO PARA RELOJES, VIDRIO OPTICO Y PIEZAS DE VIDRIO OPTICO SIN LABRAR, ETC. PIEZAS DE VIDRIO UTILIZADAS EN JOYAS DE FANTASIA (PERO NO LAS JOYAS DE FANTASIA EN SI). FIBRAS DE VIDRIO (INCLUSO LANA DE VIDRIO) E HILADOS DE FIBRAS DE VIDRIO. PRODUCTOS NO TEJIDOS DE FIBRAS DE VIDRIO, COMO ESTERAS, COLCHONES, TABLEROS Y ARTICULOS SIMILARES.",False,goods
l10n_cr_ticofac.activity_269101,269101,2393.0,FABRICACION PRODUCTOS DE CERAMICA BARRO LOZA Y/O PORCELANANO REFRACTARIA USO NO ESTRUCTURAL,"ESTA CLASE INCLUYE LA FABRICACION DE ARTICULOS DE CERAMICA NO REFRACTARIA PARA USO NO ESTRUCTURAL: ARTICULOS DE CERAMICA, INCLUSO ARTICULOS DE PORCELANA, LOZA, PIEDRA Y ARCILLA, DE IMITACION DE PORCELANA, Y DE ALFARERIA COMUN. VAJILLA Y OTROS ARTICULOS UTILIZADOS HABITUALMENTE CON FINES DOMESTICOS Y DE ASEO. ESTATUILLAS Y OTROS ARTICULOS ORNAMENTALES DE CERAMICA. ARTICULOS DE CERAMICA PARA LABORATORIOS, LA INDUSTRIA QUIMICA Y LA INDUSTRIA EN GENERAL, Y CERAMICA UTILIZADA EN LA AGRICULTURA. ARTEFACTOS HIGIENICOS DE CERAMICA Y OTROS ARTICULOS DE CERAMICA PARA USO NO ESTRUCTURAL. AISLADORES ELECTRICOS DE CERAMICA. ACCESORIOS AISLANTES DE CERAMICA PARA MAQUINAS, ARTEFACTOS Y EQUIPO ELECTRICOS. OBJETOS DE BARRO",False,goods
l10n_cr_ticofac.activity_269201,269201,2391.0,FABRICACION DE PRODUCTOS DE CERAMICA REFRACTARIA,"ESTA CLASE ABARCA LA FABRICACION DE ARTICULOS DE CERAMICA PARA AISLAMIENTO TERMICO MEDIANTE EL MOLDEADO Y LA COCHURA DE TIERRAS SILICEAS FOSILES. LADRILLOS, BLOQUES, LOSETAS Y OTROS ARTICULOS SIMILARES DE CERAMICA REFRACTARIA PARA LA CONSTRUCCION. PRODUCTOS DE CERAMICA RESISTENTES A LAS ELEVADAS TEMPERATURAS DE LA METALURGIA. CEMENTOS REFRACTARIOS. RETORTAS, CRISOLES, MUFLAS, TOBERAS, TUBOS, CAÑOS, ETC.",False,goods
l10n_cr_ticofac.activity_269301,269301,2392.0,FABRICACION DE PRODUCTOS DE ARCILLA Y CERAMICA NO REFRACTARIAS PARA USO ESTRUCTURAL,"EN ESTA CLASE SE INCLUYE LA FABRICACION DE MATERIALES DE CERAMICA PARA LA CONSTRUCCION, COMO LADRILLOS, BLOQUES PARA PISOS, TEJAS Y SOMBRERETES DE CHIMENEA. FABRICACION DE TUBOS, CONDUCTOS, CANALONES Y ACCESORIOS PARA TUBERIAS DE CERAMICA. FABRICACION DE BALDOSAS Y LOSAS PARA PAVIMENTOS, LOSETAS PARA LA PARED Y PARA CAÑONES DE CHIMENEAS, TESELAS DE MOSAICO Y PRODUCTOS SIMILARES DE CERAMICA, ESMALTADOS O NO.",False,goods
l10n_cr_ticofac.activity_269401,269401,2394.0,"FABRICACION Y/O VENTA DE CEMENTO, CAL Y YESO","ESTA CLASE INCLUYE LA FABRICACION DE CEMENTOS HIDRAULICOS, INCLUSO CEMENTO DE PORTLAND, CEMENTO ALUMINOSO Y CEMENTO HIPERSULFATADO, EN FORMA DE CLINCA Y EN OTRAS FORMAS. FABRICACION DE CAL VIVA, CAL APAGADA Y CAL HIDRAULICA. FABRICACION DE YESOS CON YESO CALCINADO Y CON SULFATO DE CALCIO.",False,goods
l10n_cr_ticofac.activity_269501,269501,2395.0,"FABRICACION DE ARTICULOS DE CEMENTO, YESO Y HORMIGON PARA LA CONSTRUCCION","COMPRENDE LA FABRICACION DE ARTICULOS A BASE DE CEMENTO COMO LOSETAS, BALDOSAS,LADRILLOS, PLACHAS, ESTATUAS, MUEBLES, LAMINAS, TUBOS, POSTES, JARRONES, MACETAS, LAVAMANOS, LAVADEROS (PILAS), BLOQUES Y FORMAS DE CONCRETO. ARTICULOS DE HORMIGON TALES COMO: LOSETAS, BALDOSAS, LADRILLOS, BLOQUES, PLANCHAS, LAMINAS, TABLEROS, POSTES. ARTICULOS DE YESO TALES COMO: LOSETA, BALDOSAS, LADRILLOS, PLANCHAS, LAMINAS, TABLEROS, TUBOS Y POSTES, ASI COMO OTROS ARTICULOS COMO ESTATUAS, MUEBLES, BAJORELIEVES Y ALTORELIEVES, JARONES, MACETAS, ETC TODOS PARA LA CONSTRUCCION",False,goods
l10n_cr_ticofac.activity_269601,269601,2396.0,"CORTE, TALLADO Y ACABADO DE LA PIEDRA","ESTA CLASE INCLUYE EL CORTE, TALLADO Y ACABADO DE LA PIEDRA PARA CONSTRUCCION, CEMENTERIOS, CARRETERAS, TECHOS Y OTROS USOS POR EJEMPLO LA MARMOLERIA, ENTRE OTROS. TAMBIEN INCLUYE OBRAS EFECTUADAS CON LA PIEDRA EN BRUTO EXTRAIDA DE CANTERAS.",False,goods
l10n_cr_ticofac.activity_269901,269901,2399.0,FABRICACION DE OTROS PRODUCTOS MINERALES NO METALICOS N.C.P.,"EN ESTA CLASE SE INCLUYE LA FABRICACION DE: HILADOS Y TELA DE ASBESTO, Y ARTICULOS DE HILADOS Y TELA DE ASBESTO, COMO ROPA, CUBRECABEZAS, CALZADO, CORDONES, CORDELES, PAPEL Y FIELTRO. MATERIALES DE FRICCION SOBRE UNA BASE DE ASBESTO, DE OTRAS SUSTANCIAS MINERALES Y DE CELULOSA, COMBINADOS O NO CON OTROS MATERIALES. ARTICULOS SIN MONTAR DE ESOS MATERIALES DE FRICCION. MATERIALES AISLANTES DE ORIGEN MINERAL: LANA DE ESCORIAS, LANA DE ROCA Y OTRAS LANAS MINERALES SIMILARES; VERMICULITA DESCAMADA, ARCILLAS DILATADAS Y MATERIALES SIMILARES PARA AISLAMIENTO TERMICO Y SONORO, Y PARA ABSORBER EL SONIDO. PRODUCTOS DE LANA DE VIDRIO PARA AISLAMIENTO TERMICO. ARTICULOS DE ASFALTO Y DE MATERIALES SIMILARES,COMO POR EJEMPLOBREA DE ALQUITRAN DE HULLA. MUELAS DE MOLINO, PIEDRAS DE AMOLAR Y DE PULIMENTAR, Y PRODUCTOS ABRASIVOS NATURALES Y ARTIFICIALES, INCLUSO POLVO ABRASIVO Y GRANO ABRASIVO SOBRE UNA BASE DE MATERIAL TEXTIL, Y SOBRE PAPEL, CARTON Y OTROS MATERIALES. ARTICULOS ELABORADOS CON OTRAS SUSTANCIAS MINERALES NO CLASIFICADAS EN OTRA PARTE, INCLUSO MICA LABRADA Y ARTICULOS DE MICA, DE TURBA Y DE GRAFITO (QUE NO SEAN ARTICULOS ELECTRICOS) Y DE OTRAS SUSTANCIAS MINERALES.",False,goods
l10n_cr_ticofac.activity_271001,271001,2410.0,INDUSTRIAS BASICAS DE HIERRO Y ACERO,"ESTA CLASE INCLUYE: FUNCIONAMIENTO DE ALTOS HORNOS, CONVERTIDORES DE ACERO, TALLERES DE LAMINADO Y DE ACABADO. FABRICACION DE PRODUCTOS PRIMARIOS DE HIERRO Y ACERO, COMO POR EJEMPLO: PRODUCTOS PRIMARIOS DE METAL FERROSO EN GRANALLA Y EN POLVO, Y EN FORMA DE ARRABIO, BLOQUES, GRUMOS Y LIQUIDOS A PARTIR DE MINERAL Y ESCORIAS DE HIERRO. HIERRO DE PUREZA EXCEPCIONAL, MEDIANTE ELECTROLISIS Y OTROS PROCESOS QUIMICOS. HIERRO EN LINGOTES, INCLUSO HIERRO ESPECULAR Y FERROALEACIONES, E HIERRO ESPONJOSO. ACERO, MEDIANTE PROCESOS NEUMATICOS Y DE COCCION. LINGOTES DE ACERO Y DE ACERO DE ALEACION. TOCHOS, BARRAS, PALASTROS Y OTRAS FORMAS DE HIERRO, ACERO Y ACERO DE ALEACION EN ESTADO SEMIACABADO. PRODUCTOS DE HIERRO, ACERO Y ACERO DE ALEACION, LAMINADOS, TREFILADOS, EXTRUDIDOS Y FORJADOS. EL TRATAMIENTO DE ESTOS PRODUCTOS PUEDE SER EN CALIENTE O EN FRIO Y PUEDE EMPEZAR EN CALIENTE Y TERMINAR EN FRIO. ENTRE LOS PRODUCTOS DE LOS TALLERES DE LAMINADO PLANO, LAMINADO TUBULAR Y ACABADO SE CUENTAN LAS HOJAS, PLANCHAS Y ROLLOS; BARRAS Y VARILLAS; BARRAS Y VARILLAS PARA BARRENAS; PIEZAS EN ANGULOS, PERFILES, SECCIONES Y ALAMBRE; TUBOS, CAÑOS Y PERFILES HUECOS DE HIERRO Y ACERO SIN COSTURA, INCLUSO TUBOS, CAÑOS Y PERFILES HUECOS DE FUNDICION CON COSTURA ABIERTA O SOLDADOS, REMACHADOS O UNIDOS EN FORMA SIMILAR; MATERIAL DE CONSTRUCCION PARA VIAS DE FERROCARRIL Y DE TRANVIA, COMO POR EJEMPLO CARRILES NO ENSAMBLADOS; Y OTROS PRODUCTOS ACABADOS DE HIERRO Y DE ACERO.",False,goods
l10n_cr_ticofac.activity_272001,272001,2420.0,FABRICACION DE PRODUCTOS PRIMARIOS DE METALES PRECIOSOS Y METALES NO FERROSOS,"EN ESTA CLASE SE INCLUYE LA FABRICACION DE METALES PRECIOSOS: ORO, PLATA Y METALES DEL GRUPO DEL PLATINO. REFINACION DE DICHOS METALES PRECIOSOS. PRODUCCION DE METALES PRECIOSOS SIN LABRAR Y LABRADOS: PLATA EN GRUMOS, GRANOS, LINGOTES, BARRAS FUNDIDAS, PELLAS, ETC., Y EN BARRAS LAMINADAS, VARILLAS, SECCIONES, ALAMBRES, PLANCHAS, HOJAS Y TIRAS, Y EN TUBOS, CAÑOS, BARRAS HUECAS, HOJUELAS, POLVO, ETC.; ORO Y PLATINO Y METALES DEL GRUPO DEL PLATINO EN FORMAS SIMILARES A LAS INDICADAS PARA LA PLATA. PRODUCCION DE METALES PRECIOSOS ENCHAPADOS: METALES COMUNES ENCHAPADOS DE PLATA EN FORMA DE BARRAS, VARILLAS, SECCIONES, HOJAS, TUBOS, ETC.; METALES COMUNES Y PLATA ENCHAPADOS DE ORO EN FORMAS SIMILARES A LAS INDICADAS PARA LA PLATA; ORO, PLATA Y METALES COMUNES ENCHAPADOS DE PLATINO Y METALES DEL GRUPO DEL PLATINO EN FORMAS SIMILARES A LAS INDICADAS PARA LA PLATA. PRODUCCION DE METALES COMUNES NO FERROSOS UTILIZANDO MINERAL EN BRUTO, MINERAL EN MATA, OTRAS MATERIAS PRIMAS INTERMEDIAS ENTRE EL MINERAL EN BRUTO Y EL METAL (POR EJEMPLO, ALUMINA), Y CHATARRA. OPERACIONES REALIZADAS POR TALLERES DE FUNDICION, DE REFINACION ELECTROLITICA Y DE OTRA INDOLE PARA PRODUCIR METALES COMUNES NO FERROSOS SIN LABRAR. TALLERES DE FUNDICION Y REFINACION DE COBRE, PLOMO, CROMO, MANGANESO, ZINC, ALUMINIO, NIQUEL, ESTAÑO Y OTROS METALES COMUNES NO FERROSOS Y ALEACIONES DE ESOS METALES. PRODUCCION DE ALUMINA Y MATAS DE NIQUEL Y DE COBRE. FABRICACION DE PRODUCTOS DE METALES COMUNES NO FERROSOS MEDIANTE LAMINADO, TREFILADO Y EXTRUSION. FABRICACION DE POLVOS Y ESCAMAS; HOJAS DELGADAS; HOJAS, PLANCHAS Y TIRAS; BARRAS, VARILLAS Y PERFILES; ALAMBRE; TUBOS, CAÑOS Y ACCESORIOS PARA TUBOS Y CAÑOS. PRODUCCION DE ORO AMONEDADO.",False,goods
l10n_cr_ticofac.activity_273101,273101,2431.0,FUNDICION DE HIERRO Y ACERO,"ESTA CLASE INCLUYE LA FUNDICION DE PRODUCTOS ACABADOS Y SEMIACABADOS DE HIERRO Y DE ACERO. CADA UNA DE LAS ACTIVIDADES DE ESTA CLASE ARROJA UNA AMPLIA GAMA DE PRODUCTOS, CARACTERISTICOS TODOS DE OTRAS CLASES DE ACTIVIDAD.",False,goods
l10n_cr_ticofac.activity_273201,273201,2432.0,FUNDICION DE METALES NO FERROSOS,"EN ESTA CLASE SE INCLUYE LA FUNDICION DE PRODUCTOS ACABADOS Y SEMIACABADOS DE METALES NO FERROSOS TALES COMO COBRE, PLOMO, CROMO, MANGANESO, ZINC, ALUMINIO, NIQUEL, ESTAÑO, COBALTO Y TITANIO, ASI COMO LAS ALEACIONES DE ESOS METALES.",False,goods
l10n_cr_ticofac.activity_281101,281101,2511.0,FABRICACION DE PRODUCTOS METALICOS PARA USO ESTRUCTURAL,"EN ESTA CLASE SE INCLUYE LA FABRICACION DE ESTRUCTURAS METALICAS, PARTES DE ESTRUCTURAS METALICAS, ESTRUCTURAS ELABORADAS DE ACERO Y PRODUCTOS SIMILARES, TALES COMO PUENTES Y SECCIONES DE PUENTES, TORRES, MASTILES, COLUMNAS, VIGAS, ARMADURAS, ANDAMIOS, FORMALETAS (ELEMENTOS COMPONENTES EN LA ESTRUCTURA, TALES COMO MUROS, CIMENTACIONES, COLUMNAS, VIGAS, ESCALERAS, MOLDURAS DE VENTANAS, TABLAS/TABLONES PARA MOLDES, BALCONES, DETALLES DECORATIVOS ENTRE OTROS), ARCOS, CABIOS, CASTILLETES PARA BOCAS DE POZOS, SOPORTES TELESCOPICOS, COMPUERTAS DE ESCLUSAS, MUELLES Y ESPIGONES. SE INCLUYE LA CONSTRUCCION DE EDIFICIOS PREFABRICADOS PRINCIPALMENTE DE METAL. FABRICACION DE PUERTAS Y VENTANAS DE METAL Y DE SUS MARCOS, POSTIGOS, ESCALERAS DE INCENDIO, PORTALES Y CARPINTERIA METALICA SIMILAR A LA UTILIZADA EN LA CONSTRUCCION. LOS ARTICULOS CUYA FABRICACION SE INCLUYE EN ESTA CLASE SON PRINCIPALMENTE DE HIERRO, ACERO O ALUMINIO. SE TRATA DE ARTICULOS LISTOS PARA SER MONTADOS O INSTALADOS, ADEMAS SE INCLUYE LA ERECCION DE ESTRUCTURAS METALICAS COMPUESTAS DE PIEZAS DE FABRICACION PROPIA.",False,goods
l10n_cr_ticofac.activity_281201,281201,2512.0,"FABRICACION DE TANQUES, DEPOSITOS Y RECIPIENTES DE METAL","EN ESTA CLASE SE INCLUYE LA FABRICACION DE RECIPIENTES DE METAL PARA GAS COMPRIMIDO Y GAS LICUADO. FABRICACION DE CALDERAS Y RADIADORES PARA CALEFACCION CENTRAL. FABRICACION DE TANQUES, DEPOSITOS Y RECIPIENTES SIMILARES DE METAL, DEL TIPO HABITUALMENTE UTILIZADO PARA EL ALMACENAMIENTO Y PARA LA ELABORACION DE METALES, CON O SIN TAPAS Y CIERRES, O ENCAMISADOS CON MATERIALES QUE NO SEAN HIERRO, ACERO O ALUMINIO.",False,goods
l10n_cr_ticofac.activity_281301,281301,2513.0,"FABRICACION GENERADORES DE VAPOR, EXCEPTO CALDERAS DE AGUA CALIENTE PARA CALEFACION CENTRAL","ESTA CLASE ABARCA LA FABRICACION DE REACTORES NUCLEARES PARA TODOS LOS FINES, MENOS PARA LA SEPARACION DE ISOTOPOS. FABRICACION DE CALDERAS GENERADORAS DE VAPOR DE AGUA Y OTROS VAPORES QUE NO SEAN CALDERAS DE AGUA CALIENTE PARA CALEFACCION, AUNQUE TAMBIEN PRODUZCAN VAPOR A BAJA PRESION. FABRICACION DE INSTALACIONES AUXILIARES PARA CALDERAS, TALES COMO ECONOMIZADORES, RECALENTADORES, RECOLECTORES Y ACUMULADORES DE VAPOR. ASIMISMO, DESHOLLINADORES, RECUPERADORES DE GASES Y SACABARROS.",False,goods
l10n_cr_ticofac.activity_289201,289201,2592.0,SERVICIOS DE SOLDADURA,EN ESTA CLASE SE INCLUYE LOS SERVICIOS DE SOLDADURA POR CONTRATA O A CAMBIO DE UNA RETRIBUCION. POR LO GENERAL ESTA ACTIVIDAD NO TOMA POSESION DE LOS ARTICU- LOS NI LOS VENDEN A TERCEROS.,False,goods
l10n_cr_ticofac.activity_289202,289202,2592.0,SERVICIO DE TRATAMIENTO Y REVESTIMIENTO DE TODO TIPO DE MATERIALES,"ESTA CLASE INCLUYE LAS ACTIVIDADES DE ENCHAPADO, PULIMENTO, ANODIZACION, PINTURA, GRABADURA, IMPRESION, ENDURECIMIENTO, BRUÑIDO, DESBARBADO, LIMPIEZA CON CHORRO DE ARENA, PULIMENTO EN TAMBOR GIRATORIO, LIMPIEZA, SOLDADURA, ESMERILADO Y OTROS TRATAMIENTOS ESPECIALES DEL METAL Y DE ARTICULOS DE METAL QUE SE REALIZAN POR CONTRATA O A CAMBIO DE UNA RETRIBUCION. LAS UNIDADES QUE SE INCLUYEN EN ESTA CLASE POR LO GENERAL NO TOMAN POSESION DE LOS ARTICULOS NI LOS VENDEN A TERCEROS.",False,goods
l10n_cr_ticofac.activity_289302,289302,2592.0,HOJALATERIA,EN ESTA CLASE SE INLCUYE EL TALLER DONDE SE HACEN Y VENDEN PIEZAS Y ARTICULOS DE HOJALATA.,False,goods
l10n_cr_ticofac.activity_289304,289304,2592.0,TALLER DE MECANICA DE PRECISION,"EN ESTA CLASE SE INCLUYE LOS TALLERES DE MECANICA DE PRECISION PARA LA FABRICACION DE HERRAMIENTAS, PARTES Y PIEZAS PARA TODO TIPO DE MAQUINARIA Y EQUIPO.",False,goods
l10n_cr_ticofac.activity_289305,289305,2599.0,"FABRICACION DE PIEZAS, ARTICULOS Y ACCESORIOS DE METAL INCLUYE LAS CERRAJERIAS.","EN ESTA CLASE SE INCLUYE LA FABRICACION DE ACCESORIOS DE METAL COMO CERRADURAS,CANDADOS, PASADORES, LLAVES Y OTROS ACCESORIOS PARA EDIFICIOS, MUEBLES, VEHICU-LOS Y OTROS USOS, ASI COMO PIEZAS, MOLDES, TAPAS,SEÑALES METALICAS, SUJETADORES(CLAVOS, TACHUELAS, GRAPAS, ETC) DE METAL, ASI COMO LA TELA METALICA (MALLA, CEDAZO, ETC)",False,goods
l10n_cr_ticofac.activity_289306,289306,2592.0,SERVICIOS DE TORNO (MECANICA DE PRECISION),"EN ESTA CLASE DE INCLUYE EL SERVICIO DE TORNO Y MECANICA DE PRECISION, NO INCLUYE MATERIALES SOLO SERVICIO.",False,goods
l10n_cr_ticofac.activity_289902,289902,2599.0,FABRICACION DE OTROS PRODUCTOS ELABORADOS DE METAL N.C.P.,"EN ESTA CLASE SE INCLUYE LA FABRICACION DE: SUJETADORES DE METAL: CLAVOS, REMACHES, TACHUELAS, ALFILERES, GRAPAS, ARANDELAS Y PRODUCTOS SIMILARES SIN ROSCA; Y TUERCAS, PERNOS, TORNILLOS Y OTROS ARTICULOS SIN ROSCA. PRODUCTOS DE TORNILLERIA. CABLES DE METAL, TRENZAS Y ARTICULOS SIMILARES DE HIERRO, ACERO, ALUMINIO Y COBRE. ARTICULOS HECHOS DE ALAMBRE: ALAMBRE DE PUAS, CERCAS DE ALAMBRE, REJILLAS, REDES Y TELAS DE ALAMBRE, ETC. RECIPIENTES UTILIZADOS PARA EL ENVASE Y TRANSPORTE DE MERCANCIAS: BARRILES, TAMBORES, BIDONES, TARROS, CAJAS, ETC. MUELLES, INCLUSO MUELLES SEMIACABADOS DE USO GENERAL, EXCEPTO MUELLES PARA RELOJES: MUELLES DE BALLESTA, MUELLES HELICOIDALES, BARRAS DE TORSION, ETC. MACHETES, ESPADAS Y ARMAS SIMILARES. VAJILLA DE MESA Y DE COCINA, SEAN O NO DE METALES COMUNES ENCHAPADOS CON METALES PRECIOSOS; SARTENES, CACEROLAS Y OTROS UTENSILIOS DE COCINA. PEQUEÑOS APARATOS DE COCINA ACCIONADOS A MANO PARA PREPARAR, ADEREZAR O SERVIR ALIMENTOS. ARTICULOS SANITARIOS DE METAL, INCLUSO BAÑERAS, PILAS, LAVATORIOS Y OTROS ARTICULOS SANITARIOS Y DE ASEO, ESMALTADOS O NO. ARTICULOS DE METAL PARA OFICINA, EXCEPTO MUEBLES DE METAL. CASCOS PROTECTORES DE METAL PARA LA CABEZA. CAJAS DE CAUDALES, CAJAS FUERTES, PORTICOS Y PUERTAS DE CAMARAS BLINDADAS, ETC., ACORAZADAS O REFORZADAS. PIEZAS Y ACCESORIOS PARA VIAS DE FERROCARRIL Y DE TRANVIA (POR EJEMPLO, CARRILES ENSAMBLADOS, PLATAFORMAS GIRATORIAS, POTROS DE CONTENCION, ETCOTROS ARTICULOS DE METAL NO CLASIFICADOS EN OTRA PARTE, INCLUSO CADENAS, EXCEPTO LAS DE TRANSMISION DE POTENCIA, HELICES PARA BARCOS Y PALAS PARA HELICES DE BARCOS, ANCLAS, CAMPANAS, MARCOS PARA CUADROS, TUBOS FLEXIBLES, CIERRES, HEBILLAS, CORCHETES, ALMOHADILLAS METALICAS PARA FREGAR, LETREROS Y ARTICULOS SIMILARES, CUALQUIERA QUE SEA EL METAL UTILIZADO, EXCEPTO METALES PRECIOSOS.",False,goods
l10n_cr_ticofac.activity_290001,290001,3312.0,SERVICIO DE REPARACION DE MAQUINARIA Y EQUIPO.,"ESTA CLASE SE REFIERE AL SERVICIO DE REPARACION DE MAQUINARIA Y EQUIPO, AGROPECUARIO, AGRICOLA, INDUSTRIAL, BOMBAS, COMPRESORES, ENGRANAJES, EQUIPO MEDICO, ENTRE OTROS A CAMBIO_DE UNA RETRIBUCION O POR CONTRATA EXCEPTO LA REPARACION DE AERONAVES, VEHICULOS Y MOTOCICLETAS. ESTA ACTIVIDAD QUEDA AFECTA AL IMPUESTO GENERAL DE LAS VENTAS INDEPENDIENTEMENTE DEL LUGAR DONDE SE PRESTE EL SERVICIO DE ACUERDO AL OFICIO DGT-87-07 DE LA DGT.",False,goods
l10n_cr_ticofac.activity_290003,290003,3312.0,SERVICIO DE MANTENIMIENTO DE MAQUINARIA Y EQUIPO.,"ESTA CLASE SE REFIERE AL SERVICIO DE MANTENIMIENTO DE MAQUINARIA Y EQUIPO, AGROPECUARIO, AGRICOLA, INDUSTRIAL, BOMBAS, COMPRESORES, ENGRANAJES, EQUIPO MEDICO, ENTRE OTROS A CAMBIO_DE UNA RETRIBUCION O POR CONTRATA. EXCEPTO EL MANTENIMIENTO REPARACION DE AERONAVES, VEHICULOS Y MOTOCICLETAS.",False,goods
l10n_cr_ticofac.activity_291101,291101,2811.0,"FABRICACION DE MOTORES Y TURBINAS, EXCEPTO MOTORES PARA AERONAVES, VEHICULOS AUTOMOTORES Y MOTOCICLETAS","ESTA CLASE INCLUYE LA FABRICACION DE: MOTORES DE COMBUSTION INTERNA CON EMBOLOS DE MOVIMIENTO RECTILINEO O ROTATIVO Y DE ENCENDIDO POR CHISPA ELECTRICA O POR COMPRESION PARA USOS MOVILES Y ESTACIONARIOS DISTINTOS DEL DE PROPULSION DE VEHICULOS AUTOMOTORES Y AERONAVES. PARTES DE DICHOS MOTORES, COMO POR EJEMPLO VALVULAS. TURBINAS DE VAPOR DE AGUA Y DE OTROS TIPOS DE VAPOR TURBINAS HIDRAULICAS, RUEDAS HIDRAULICAS Y MAQUINARIA PARA SU REGULACION. TURBINAS DE GAS, DISTINTAS DE LOS TURBOPROPULSORES DE REACCION Y DE HELICE, PARA LA PROPULSION DE AERONAVES. LAS TURBINAS INCLUIDAS EN ESTA CLASE SE UTILIZAN EN LA PROPULSION MARINA Y COMO PRINCIPAL FUERZA MOTRIZ DE BOMBAS Y GENERADORES ELECTRICOS. TURBOCALDERAS Y MOTORES ESTACIONARIOS DE VAPOR CON CALDERA INTEGRAL.",False,goods
l10n_cr_ticofac.activity_291201,291201,2813.0,"FABRICACION DE BOMBAS, COMPRESORES, GRIFOS Y VALVULAS","EN ESTA CLASE SE INCLUYE LA FABRICACION DE: MAQUINAS Y MOTORES HIDRAULICOS COMPUESTOS DE BOMBAS DE GRAN POTENCIA. BOMBAS PARA LIQUIDOS, TENGAN O NO DISPOSITIVOS DE MEDICION, INCLUSO BOMBAS DE MANO Y BOMBAS PARA MOTORES DE COMBUSTION INTERNA DE EMBOLO, BOMBAS PARA IMPELER HORMIGON Y OTRAS BOMBAS. BOMBAS DE AIRE Y DE VACIO, COMPRESORES DE AIRE Y OTROS COMPRESORES DE GAS. GRIFOS, LLAVES DE PASO, VALVULAS Y ACCESORIOS SIMILARES PARA TUBOS, CALDERAS, TANQUES, CUBAS Y ARTEFACTOS SIMILARES, INCLUSO VALVULAS REDUCTORAS DE PRESION Y VALVULAS REGULADAS TERMOSTATICAMENTE.",False,goods
l10n_cr_ticofac.activity_291202,291202,4659.0,VENTA DE BOMBAS DE AGUA,"ESTA CLASE INCLUYE LA VENTA DE BOMBAS DE AGUA DE 0.75 KW (1HP) O MAS. INCLUSO BOMBAS DE MANO, SUMERGIBLES, SISTEMA DE RIEGO, ETC.",False,goods
l10n_cr_ticofac.activity_291401,291401,2815.0,FABRICACION DE HORNOS Y QUEMADORES,"ESTA CLASE INCLUYE LA FABRICACION DE HOGARES Y HORNOS NO ELECTRICOS PARA TOSTAR, FUNDIR Y SOMETER A OTRO TRATAMIENTO TERMICO MENAS, PIRITAS, MINERALES NO METALIFEROS, METALES Y OTROS MATERIALES. FABRICACION DE: HOGARES Y HORNOS ELECTRICOS, INCLUSO HOGARES Y HORNOS POR INDUCCION Y DIELECTRICOS. EQUIPO INDUSTRIAL Y DE LABORATORIO PARA CALENTAMIENTO POR INDUCCION Y DIELECTRICO, NCLUSO INCINERADORES. QUEMADORES DE COMBUSTIBLE LIQUIDO, COMBUSTIBLE SOLIDO PULVERIZADO Y GAS. CARGADORES MECANICOS, PARRILLAS MECANICAS, DESCARGADORES MECANICOS DE CENIZAS Y APARATOS SIMILARES.",False,goods
l10n_cr_ticofac.activity_291901,291901,3312.0,REPARACION DE EQUIPO DE REFRIGERACION Y CONGELACION,"EN ESTA CLASE SE INCLUYE LA REPARACION Y MANTENIMIENTO DE EQUIPOS DE REFRIGERACION Y CONGELACION DE USO COMERCIAL TALES COMO VITRINAS Y MAQUINAS EXPENDEDORAS, INDUSTRIAL Y OTROS, YA SEAN BRINDADOS EN TALLERES O A DOMICILIO",False,goods
l10n_cr_ticofac.activity_291903,291903,3312.0,INSTALACION Y/O MANTENIMIENTO DE EQUIPO DE REFRIGERACION Y CONGELACION,ESTA CLASE INCLUYE UNICAMENTE LA INSTALACION Y/O MANTENIMIENTO DE LOS EQUIPOS DE REFRIGERACION Y CONGELACION DE USO COMERCIAL,False,goods
l10n_cr_ticofac.activity_292101,292101,2821.0,FABRICACION DE MAQUINARIA AGRICOLA,"ESTA CLASE INCLUYE LA FABRICACION DE: TRACTORES UTILIZADOS EN ACTIVIDADES AGROPECUARIAS Y SILVICOLAS, TRACTORES DE MANEJO A PIE (DIRIGIDOS POR UNA PERSONA DESDE FUERA). TRACTORES EQUIPADOS CON CABRESTANTES Y ARTEFACTOS DESTINADOS A FACILITAR EL REMOLQUE Y MANEJO DE HERRAMIENTAS Y DE DISPOSITIVOS DE TOMA DE FUERZA PARA EL MOVIMIENTO DE TIERRA Y LA MANIPULACION DE OTROS MATERIALES. REMOLQUES Y SEMIRREMOLQUES DE CARGA Y DESCARGA AUTOMATICA PARA USO AGRICOLA. MAQUINAS UTILIZADAS EN LA AGRICULTURA, LA HORTICULTURA Y LA SILVICULTURA PARA PREPARAR LOS SUELOS, PLANTAR Y ABONAR LOS CULTIVOS, INCLUSO ARADOS, GRADAS, DESBROZADORAS, BINADORAS, SEMBRADORAS, ESPARCIDORAS DE ESTIERCOL, ACLARADORAS, ETC., AUTOPROPULSADAS O NO.SE INCLUYE LA MAQUINARIA DE TRACCION ANIMAL. MAQUINAS PARA LA RECOLECCION Y TRILLA: SEGADORAS TRILLADORAS; COSECHADORAS DE ALGODON, MAIZ, FRUTAS, RAICES Y TUBERCULOS; SEGADORAS (CORTADORAS DE CESPED Y DE HENO Y OTRAS SEGADORAS EQUIPADAS CON CUCHILLAS); ENFARDADORAS; MAQUINAS PARA LIMPIAR, SELECCIONAR Y CLASIFICAR HUEVOS, FRUTAS Y OTROS PRODUCTOS AGROPECUARIOS. MAQUINARIA AUTOPROPULSADA, DE ARRASTRE POR TRACTOR Y DE TRACCION ANIMAL. MAQUINAS DE ORDEÑAR. ASPERSORES DE USO AGRICOLA. OTRA MAQUINARIA UTILIZADA EN LA AGRICULTURA, LA CRIA DE ANIMALES, LA HORTICULTURA Y LA SILVICULTURA: MAQUINAS UTILIZADAS EN AVICULTURA, EQUIPO PARA LA PREPARACION DE PIENSOS, MAQUINAS EMPLEADAS EN LA APICULTURA ETC.",False,goods
l10n_cr_ticofac.activity_292201,292201,2822.0,FABRICACION DE MAQUINAS HERRAMIENTA,"EN ESTA CLASE SE INCLUYE LA FABRICACION DE: MAQUINAS HERRAMIENTA PARA TRABAJAR METALES Y OTROS MATERIALES, TALES COMO MADERA, PIEDRA, CORCHO, HUESO, EBONITA, PLASTICOS DUROS, VIDRIO EN FRIO, ETC. MAQUINAS HERRAMIENTA PARA TORNEAR, PERFORAR, FRESAR, CONFORMAR, CEPILLAR, TALADRAR, RECTIFICAR Y REALIZAR OTRAS OPERACIONES. MAQUINAS HERRAMIENTA PARA ESTAMPAR Y PRENSAR. PUNZONADORAS, PRENSAS HIDRAULICAS, CIZALLAS MECANICAS, CORTADORAS EN TIRAS, MACHACADORAS, MARTINETES, MAQUINAS DE FORJAR, ETC. BANCOS DE TREFILAR, MAQUINAS DE ATERRAJAR POR LAMINADO A PRESION Y MAQUINAS PARA TRABAJAR ALAMBRE. MAQUINAS HERRAMIENTA DE DISEÑO SENCILLO (POR EJEMPLO, PRENSAS A PEDAL), DE DISEÑO TRADICIONAL (POR EJEMPLO, ACCIONADAS A MANO Y POR MOTOR) Y DE DISEÑO MODERNO (POR EJEMPLO, DE MANDO NUMERICO Y PARA HACER PASAR EL PRODUCTO POR VARIAS ESTACIONES DE TRABAJO). MAQUINAS HERRAMIENTA PARA TRABAJAR DISTINTOS TIPOS DE MATERIAL MEDIANTE RAYOS LASER Y PROCESOS SIMILARES. MAQUINAS PARA CLAVAR, ENGRAPAR, ENCOLAR Y MONTAR DE OTRA MANERA MADERA, CORCHO, HUESO, EBONITA, PLASTICOS DUROS Y MATERIAS DURAS SIMILARES. MAQUINAS ELECTRICAS Y DE GAS PARA SOLDADURA AUTOGENA, SOLDADURA DURA Y SOLDADURA BLANDA, CON O SIN CAPACIDAD PARA CORTAR METAL.SE INCLUYEN LAS MAQUINAS QUE UTILIZAN RAYOS LASER Y OTROS HACES DE LUZ Y DE FOTONES, ONDAS ULTRASONICAS, IMPULSOS MAGNETICOS Y ARCOS DE PLASMA. HERRAMIENTAS DE MANO CON MOTOR, ELECTRICO O NO ELECTRICO, Y DE FUNCIONAMIENTO CON AIRE COMPRIMIDO. TALADRADORAS ROTATORIAS Y DE PERCUSION, SIERRAS DE CADENA, LIMADORAS, MAQUINAS EQUIPADAS CON ESCOBILLAS DE ALAMBRE, MARTILLOS MECANICOS, REMACHADORAS, CORTADORAS DE LAMINAS DE METAL, ETC. PRENSAS PARA LA FABRICACION DE TABLEROS DE PARTICULAS Y FIBRAS DE MADERA U OTROS MATERIALES LEÑOSOS PARA LA CONSTRUCCION, Y OTRA MAQUINARIA PARA TRATAR LA MADERA Y EL CORCHO. PARTES Y ACCESORIOS DE LAS MAQUINAS HERRAMIENTA INCLUIDAS EN ESTA CLASE, TALES COMO DISPOSITIVOS PARA SUJETAR LOS MATERIALES QUE SON OBJETO DE TRABAJO (MANDRILES Y PLATOS DE MANDRIL), CABEZALES DIVISORIOS Y OTROS ACCESORIOS ESPECIALES PARA MAQUINAS HERRAMIENTA.",False,goods
l10n_cr_ticofac.activity_292301,292301,2823.0,FABRICACION DE MAQUINARIA METALURGICA,"ESTA CLASE ABARCA LA FABRICACION DE MAQUINAS Y EQUIPO PARA EL MANEJO DE METALES EN CALIENTE: CONVERTIDORES, LINGOTERAS, CALDEROS DE COLADA Y MAQUINAS DE FUNDIR DEL TIPO UTILIZADO EN LA METALURGIA Y EN TALLERES DE FUNDICION DE METALES. FABRICACION DE MAQUINAS LAMINADORAS DE METAL Y DE LOS RODILLOS PARA ESAS MAQUINAS.",False,goods
l10n_cr_ticofac.activity_292401,292401,2824.0,FABRICACION DE MAQUINARIA PARA LA EXPLOTACION DE MINAS Y CANTERAS Y PARA OBRAS DE CONSTRUCCION,"EN ESTA CLASE SE INCLUYE LA FABRICACION DE: MAQUINARIA DE ELEVACION Y MANIPULACION DISEÑADA ESPECIALMENTE PARA USO EN OBRAS SUBTERRANEAS, COMO POR EJEMPLO EQUIPO DE CINTAS TRANSPORTADORAS. MAQUINARIA PARA PERFORAR E HINCAR, DESTINADA O NO A USOS SUBTERRANEOS. MAQUINARIA PARA EL TRATAMIENTO DE MINERALES MEDIANTE CRIBADO, CLASIFICACION, SEPARACION, LAVADO, TRITURACION, PULVERIZACION, MEZCLA, AMASADO Y PROCESOS SIMILARES, INCLUSO MEZCLADORAS DE HORMIGON Y MORTERO, MAQUINAS DE MOLDEAMIENTO, EXTRUSORAS, ETC. TRACTORES DE ORUGA Y TRACTORES UTILIZADOS EN OBRAS DE CONSTRUCCION Y EN LA EXPLOTACION DE MINAS. TOPADORAS CORRIENTES Y DE PALA ANGULAR. OTRAS MAQUINAS PARA MOVIMIENTO DE TIERRA, AUTOPROPULSADAS O NO: EXPLA NADORAS, NIVELADORAS, TRAILLAS, PALAS MECANICAS, EXCAVADORAS, CARGADORAS DE CUCHARON, APISONADORAS Y APLANADORAS. MAQUINAS PARA HINCAR Y ARRANCAR PILOTES, Y MAQUINAS COMPACTADORAS. MAQUINAS UTILIZADAS EN LA CONSTRUCCION NO CLASIFICADAS NI INCLUIDAS EN OTRA PARTE: ESPARCIDORAS DE HORMIGON, EQUIPO DE CONSTRUCCION DE CAMINOS (POR EJEMPLO, ESPARCIDORAS DE ASFALTO), MAQUINARIA PARA PAVIMENTAR CON HORMIGON (ESTRIADORAS, ALISADORAS, ESCAQUEADORAS), ETC. PALAS PARA TOPADORAS CORRIENTES Y DE PALA ANGULAR Y OTRAS PARTES ESPECIALES DE LAS MAQUINAS MENCIONADAS ANTERIORMENTE.",False,goods
l10n_cr_ticofac.activity_292402,292402,4390.0,PERFORACION DE POZOS,"SE INCLUYE LA PERFORACION DE POZOS DE AGUA Y PETROLEO, ASI COMO TODO LA LOGISTICA NECESARIA DESDE LA PREPARACION HASTA LA OBTENCION DEL PRODUCTO BUSCADO.",False,goods
l10n_cr_ticofac.activity_292501,292501,2825.0,"FABRICACION DE MAQUINARIA PARA LA ELABORACION DE ALIMENTOS,BEBIDAS Y TABACO","EN ESTA CLASE SE INCLUYE LA FABRICACION DE MAQUINARIA UTILIZADA PRINCIPALMENTE EN LA INDUSTRIA LECHERA: DESCREMADORAS; ELABORACION DE LA LECHE, TRANSFORMACION DE LA LECHE (MANTEQUERAS, MALAXADORAS Y MOLDEADORAS); PARA HACER QUESOS. TAMBIEN INCLUYE MAQUINARIA UTILIZADA PRINCIPALMENTEEN LA INDUSTRIA DE LA MOLIENDA DE GRANOS (LIMPIAR, SELECCIONAR Y CLASIFICAR SEMILLAS, GRANOS Y LEGUMINOSAS SECAS); MAQUINARIA PARA PRODUCIR HARINAS, SEMOLAS Y OTROS PRODUCTOS MOLIDOS, PRENSAS, TRITURADORAS Y MAQUINAS SIMILARES UTILIZADAS EN LA ELABORACION DE VINO, SIDRA, JUGOS DE FRUTAS Y BEBIDAS SIMILARES. MAQUINARIA ESPECIAL PARA USO EN PANADERIA PARAPREPARAR MACARRONES, ESPAGUETIS Y PRODUCTOS SIMILARES: MEZCLADORAS, FRACCIONADORAS Y MOLDEADORAS DE MASA, CORTADORAS, MAQUINAS PARA DEPOSITAR TORTAS, ETC. INSTALACIONES Y EQUIPO, INCLUSO DE CALEFACCION ELECTRICA, PARA EL TRATAMIENTO DE ALIMENTOS Y BEBIDAS; PARA PASTEURIZAR, CONDENSAR Y COCER LECHE; CUBAS PARA ELABORAR Y CURAR QUESOS; CUBAS PARA MACERAR Y CONDENSAR Y PARA OTRAS OPERACIONES DE CALENTAMIENTO Y ENFRIAMIENTO; AUTOCLAVES E INSTALACIONES PARA VAPORIZACION, EBULLICION, COCCION, FREIDURA Y DESHIDRATACION DE ALIMENTOS. HORNOS NO ELECTRICOS DE PANADERIA. MAQUINARIA PARA LA EXTRACCION Y PREPARACION DE GRASAS Y ACEITES FIJOS DE ORIGEN ANIMAL Y VEGETAL. MAQUINARIA PARA LA PREPARACION DE TABACO Y LA ELABORACION DE CIGARRILLOS Y TABACO PARA PIPA, DE MASCAR Y RAPE.",False,goods
l10n_cr_ticofac.activity_292601,292601,2826.0,"FABRICACION MAQUINARIA PARA LA ELABORACION DE PRODUCTOS TEXTILES, PRENDAS DE VESTIR Y CUEROS","ESTA CLASE INCLUYE LA FABRICACION DE: MAQUINAS DE PREPARACION DE FIBRAS TEXTILES (FIBRAS NATURALES Y ARTIFICIALES) PARA LA HILATURA, MAQUINAS PARA TRANSFORMAR LAS MECHAS EN HILOS, INCLUSO MANUARES DE RETORCER JUNTOS DOS O MAS HILOS PARA OBTENER HILOS RETORCIDOS Y CABLEADOS. MAQUINAS DE PREPARACION DE HILADOS TEXTILES PARA SU USO EN TELARES CORRIENTES Y TELARES PARA TEJIDOS DE PUNTO. MAQUINARIA PARA LAVAR, BLANQUEAR, TEÑIR, APRESTAR, ACABAR, REVESTIR E IMPREGNAR HILADOS TEXTILES, TELAS Y ARTICULOS CONFECCIONADOS DE MATERIALES TEXTILES; MAQUINAS PARA APLICAR LA PASTA AL TEJIDO U OTRO MATERIAL DE BASE UTILIZADAS EN LA FABRICACION DE LINOLEO Y OTROS MATERIALES SIMILARES PARA REVESTIMIENTO DE PISOS; MAQUINAS DE ENROLLAR, DESENROLLAR, PLEGAR, CORTAR Y CALAR TELAS. MAQUINAS DE PLANCHAR, INCLUSO PLANCHAS DE FUSION. MAQUINAS DE LAVAR Y SECAR DEL TIPO UTILIZADO EN LAVANDERIA, Y MAQUINAS DE LIMPIAR EN SECO. MAQUINAS DE COSER Y CABEZALES DE MAQUINAS DE COSER, SEAN O NO PARA USO DOMESTICO: MAQUINAS PARA COSER MATERIAS TEXTILES, CUERO, PIELES, ETC.; PARA CONFECCIONAR PRENDAS DE VESTIR, CALZADO, BORDADOS, MALETAS, CUBRECABEZAS, SACOS, ETC. AGUJAS PARA MAQUINAS DE COSER. MAQUINAS PARA LA MANUFACTURA Y EL ACABADO DE FIELTRO Y DE TEXTILES NO TEJIDOS, EN PIEZAS O EN CORTES CON FORMAS DETERMINADAS, INCLUSO MAQUINAS PARA LA FABRICACION DE SOMBREROS DE FIELTRO. MAQUINAS PARA PREPARAR, CURTIR Y TRABAJAR CUEROS Y PIELES,INCLUSO DEPILADORAS,DESCARNADORAS, BATANES DE MAZO Y DE TAMBOR, TUNDIDORAS Y MAQUINAS DE ACABAR, TALES COMO MAQUINAS DE CEPILLAR, GLASEAR Y GRANEAR EL CUERO. MAQUINARIA PARA FABRICAR Y REPARAR CALZADO Y OTROS ARTICULOS DE CUERO O PIEL.",False,goods
l10n_cr_ticofac.activity_292701,292701,2520.0,FABRICACION DE ARMAS Y MUNICIONES,"EN ESTA CLASE SE INCLUYE LA FABRICACION DE: TANQUES Y OTROS VEHICULOS DE COMBATE, INCLUSO CARROS BLINDADOS, VEHICULOS PARA LA RECUPERACION DE TANQUES Y VEHICULOS BLINDADOS DE ABASTECIMIENTO. ARMAS PESADAS, PIEZAS DE ARTILLERIA, CAÑONES MOVILES, INCLUSO CAÑONES MONTADOS EN VAGONES DE FERROCARRIL; LANZAPROYECTILES Y LANZACOHETES; TUBOS LANZATORPEDOS, LANZADORES DE CARGAS DE PROFUNDIDAD, AMETRALLADORAS PESADAS. ARMAS PORTATILES, COMO AMETRALLADORAS LIGERAS, FUSILES, CARABINAS, ESCOPETAS, REVOLVERES Y PISTOLAS. ARMAS LIGERAS DESTINADAS AL USO DE LAS FUERZAS DE DEFENSA, LA POLICIA, OTROS SERVICIOS ORGANIZADOS, CAZADORES Y DEPORTISTAS. ESCOPETAS Y PISTOLAS DE AIRE Y GAS COMPRIMIDO. ARMAS DE FUEGO QUE DISPARAN BALAS DE FOGUEO, PISTOLAS PARA LANZAR BENGALAS DE SEÑALES, PISTOLAS DE MATARIFE, PISTOLAS SIMILARES DE EMBOLO CAUTIVO Y OTRAS ""ARMAS DE FUEGO"". MUNICIONES PARA LAS ARMAS DESCRITAS ANTERIORMENTE Y MUNICIONES PROPULSADAS POR OTROS MEDIOS: BOMBAS, GRANADAS, TORPEDOS, MINAS, COHETES Y MUNICIONES SIMILARES DE GUERRA; PROYECTILES Y MISILES DE USO MILITAR.",False,goods
l10n_cr_ticofac.activity_292901,292901,2829.0,FABRICACION DE OTROS TIPOS DE MAQUINARIA DE USO ESPECIAL,"EN ESTA CLASE SE INCLUYE LA FABRICACION DE MAQUINARIA Y EQUIPO DE USO ESPECIAL NO CLASIFICADO EN OTRA PARTE, TAL COMO: MAQUINAS PARA EXTRUIR, ESTIRAR, TEJER Y CORTAR FIBRAS, HILADOS Y OTROS MATERIALES TEXTILES DE ORIGEN ARTIFICIAL. MAQUINAS PARA LA ELABORACION DE CAUCHO Y DE PLASTICOS Y PARA LA FABRICACION DE PRODUCTOS DE ESOS MATERIALES MAQUINARIA PARA LAS INDUSTRIAS DE LA PASTA DE PAPEL, EL PAPEL Y EL CARTON, CORTADORAS, PULVERIZADORAS Y TRITURADORAS DESTINADAS A PREPARAR MADERA, BAMBU, ESPARTO, PAJA, TRAPOS, DESECHOS DE PAPEL, ETC. MAQUINARIA PARA LA PRODUCCION DE PAPEL DE TAMAÑOS Y FORMAS DETERMINADOS Y PARA LA PRODUCCION DE ARTICULOS TALES COMO SOBRES, BOLSAS DE PAPEL, CAJAS Y CAJONES DE CARTON. MAQUINARIAPARA LA FUNDICION DE CARACTERES DE IMPRENTA. MAQUINARIA PARA IMPRIMIR (POR EJEMPLO, PRENSAS CORRIENTES, DE PLATINA, DE CILINDROS Y ROTATIVAS, INCLUSO IMPRESORAS ESPECIALES, TALES COMO MAQUINAS PARA SERIGRAFIA Y PARA EL ESTAMPADO DE HILADOS, CORCHO, PRENDAS DE VESTIR Y OTROS ARTICULOS NO USUALES); MAQUINAS AUXILIARES DE LA IMPRESION (POR EJEMPLO, CARGADORAS, ALIMENTADORAS, PLEGADORAS, ENCOLADORAS, ENGRAPADORAS, ETC.). MAQUINAS PARA ENCUADERNACION, INCLUSO COSEDORAS DE LIBROS, ENCUADERNADORAS PARA EL MONTAJE DE LOMOS DE ESPIRAL PLASTICA Y METALICA Y FOLIADORAS",False,goods
l10n_cr_ticofac.activity_293001,293001,2750.0,FABRICACION DE APARATOS DE USO DOMESTICO N.C.P.,"EN ESTA CLASE SE INCLUYE LA FABRICACION DE: APARATOS ELECTRICOS DE USO DOMESTICO: MANTAS ELECTRICAS, REFRIGERADORES Y CONGELADORES, LAVAPLATOS, EQUIPO DE LAVANDERIA (LAVARROPAS, LAVADORAS SECADORAS Y SECADORAS), ASPIRADORAS, ENCERADORAS DE PISOS, ELIMINADORAS DE DESPERDICIOS, APARATOS PARA PREPARAR Y ELABORAR ALIMENTOS (MOLEDORAS, LICUADORAS, EXPRIMIDORAS, ABRELATAS, ETC.) Y OTROS APARATOS ELECTRICOS DE USO DOMESTICO (MAQUINAS DE AFEITAR ELECTRICAS, CEPILLOS DENTALES ELECTRICOS, AFILADORAS DE CUCHILLOS, CAMPANAS DE VENTILACION Y DE ABSORCION DE HUMOS, ETC.). APARATOS TERMOELECTRICOS DE USO DOMESTICO, TALES COMO CALENTADORES DE AGUA INSTANTANEOS Y DE ACUMULACION Y CALENTADORES DE INMERSION; APARATOS TERMOELECTRICOS DE PELUQUERIA (SECADORES, PEINES, CEPILLOS Y RIZADORES); PLANCHAS ELECTRICAS; CALENTADORES DE AMBIENTE Y VENTILADORES DE USO DOMESTICO; APARATOS DE COCINA (HORNOS CORRIENTES Y DE MICROONDAS, COCINILLAS ELECTRICAS, PLANCHAS DE COCINAR, TOSTADORES, CAFETERAS Y TETERAS, SARTENES, ASADORES, PARRILLAS, ETC.); Y RESISTORES PARA CALEFACCION ELECTRICA. CALENTADORES NO ELECTRICOS DE USO DOMESTICO PARA AMBIENTES COCINILLAS, PARRILLAS, COCINAS E INSTALACIONES DOMESTICAS DE CALEFACCION CENTRAL. CALENTADORES DE AGUA, APARATOS DE COCINA Y CALENTADORES DE PLATOS NO ELECTRICOS",False,goods
l10n_cr_ticofac.activity_300001,300001,2817.0,"FABRICACION DE MAQUINARIA DE OFICINA, CONTABILIDAD E INFORMATICA","ESTA CLASE COMPRENDE LAS SIGUIENTES ACTIVIDADES: FABRICACION DE MAQUINAS CALCULADORAS, FABRICACION DE MAQUINAS DE SUMAR Y MAQUINAS REGISTRADORAS, FABRICACION DE CALCULADORAS, ELECTRONICAS O NO, FABRICACION DE MAQUINAS PARA EL FRANQUEO Y LA MANIPULACION DE CORRESPONDENCIA (MAQUINAS PARA LLENAR Y CERRAR SOBRES Y PARA IMPRIMIR DIRECCIONES, MAQUINAS PARA ABRIR, CLASIFICAR Y ESCANEAR CORRESPONDENCIA), MAQUINAS DE ENCOLAR FABRICACION DE MAQUINAS DE ESCRIBIR, FABRICACION DE MAQUINAS DE ESTENOTIPIA, FABRICACION DE EQUIPO DE ENCUADERNACION DEL TIPO UTILIZADO EN OFICINAS (ES DECIR, PARA ENCUADERNAR CON PLASTICO O CON CINTA ADHESIVA), FABRICACION DE MAQUINAS PARA RELLENAR CHEQUES, FABRICACION DE MAQUINAS PARA CONTAR Y ENVOLVER MONEDAS, FABRICACION DE AFILADORES DE LAPICES, FABRICACION DE GRAPADORAS Y QUITA GRAPAS, FABRICACION DE MAQUINAS DE VOTACION, FABRICACION DE PORTARROLLOS PARA CINTA ADHESIVA, FABRICACION DE PUNZONES, FABRICACION DE MAQUINAS REGISTRADORAS ACCIONADAS MECANICAMENTE, FABRICACION DE FOTOCOPIADORAS, FABRICACION DE CARTUCHOS DE TINTA, FABRICACION DE PIZARRAS, ENCERADOS Y TABLEROS PARA ESCRIBIR CON ROTULADOR, FABRICACION DE DICTAFONOS",False,goods
l10n_cr_ticofac.activity_311001,311001,2710.0,"FABRICACION DE MOTORES, GENERADORES Y TRANSFORMADORES ELECTRICOS, PARTES Y ACCES","ESTA CLASE COMPRENDE LA FABRICACION DE TRANSFORMADORES DE FUERZA, TRANSFORMADORES DISTRIBUIDORES Y TRANSFORMADORES PARA USOS ESPECIALES; APARATOS DE CONMUTACION; RELES Y CONTROLES INDUSTRIALES. EL EQUIPO ELECTRICO FABRICADO EN ESTA CLASE ESTA DESTINADO A ALTOS VOLTAJES DE DISTRIBUCION. SE INCLUYEN LAS SIGUIENTES ACTIVIDADES: FABRICACION DE TRANSFORMADORES, FABRICACION DE TRANSFORMADORES PARA SOLDADURA CON ARCO ELECTRICO, FABRICACION DE REACTANCIAS (ES DECIR, TRANSFORMADORES) PARA LAMPARAS FLUORESCENTES, FABRICACION DE TRANSFORMADORES DE SUBESTACION PARA LA DISTRIBUCION DE ENERGIA ELECTRICA, FABRICACION DE REGULADORES DEL VOLTAJE DE TRANSMISION Y DISTRIBUCION FABRICACION DE MOTORES ELECTRICOS (EXCEPTO LOS MOTORES DE ARRANQUE PARA MOTORES DE COMBUSTION INTERNA), FABRICACION DE GENERADORES DE FUERZA (EXCEPTO LOS ALTERNADORES CARGADOS POR BATERIAS PARA MOTORES DE COMBUSTION INTERNA), FABRICACION DE MOTORES GENERADORES (EXCEPTO TURBOGENERADORES), FABRICACION DE GENERADORES DE IMPULSION, REBOBINADO DE INDUCIDOS EN FABRICA, FABRICACION DE DISYUNTORES, FABRICACION DE LIMITADORES DE SOBRETENSION (PARA VOLTAJES DE DISTRIBUCION), FABRICACION DE PANELES DE CONTROL PARA LA DISTRIBUCION DE ENERGIA ELECTRICA, FABRICACION DE RELES ELECTRICOS, FABRICACION DE CONDUCTOS PARA CUADROS DE DISTRIBUCION, FABRICACION DE FUSIBLES ELECTRICOS, FABRICACION DE EQUIPO DE CONMUTACION, FABRICACION DE CONMUTADORES (EXCEPTO LOS DE PULSADOR, DE RESORTESOLENOIDALES,OSCILANTES)",False,goods
l10n_cr_ticofac.activity_313001,313001,2732.0,FABRICACION DE HILOS Y CABLES AISLADOS,"ESTA CLASE ABARCA LA FABRICACION DE: HILOS Y CABLES (INCLUSO CABLES COAXIALES) RECUBIERTOS DE MATERIAL AISLANTE (INCLUSO LAQUEADOS Y ANODIZADOS) Y OTROS CONDUCTORES DE ELECTRICIDAD AISLADOS, ESTEN PROVISTOS O NO DE CONECTORES. PLACAS DE METAL AISLADAS, COMO LAS QUE SE USAN EN MAQUINAS DE GRAN POTENCIA Y EN EQUIPOS DE CONTROL. CABLES DE FIBRA OPTICA COMPUESTOS DE FIBRAS RECUBIERTAS DE MATERIAL AISLANTE, ESTEN CONECTADOS O NO A CONDUCTORES ELECTRICOS Y PROVISTOS O NO DE CONECTORES.",False,goods
l10n_cr_ticofac.activity_314001,314001,2720.0,"FABRICACION DE PILAS, BATERIAS Y ACUMULADORES","ESTA CLASE COMPRENDE LA FABRICACION DE BATERIAS NO RECARGABLES Y DE BATERIAS RECARGABLES. SE INCLUYEN LAS SIGUIENTES ACTIVIDADES: FABRICACION DE PILAS Y BATERIAS PRIMARIAS, (PILAS DE DIOXIDO DE MANGANESO, DIOXIDO DE MERCURIO, OXIDO DE PLATA, ETC.), FABRICACION DE ACUMULADORES ELECTRICOS Y PARTES DE ACUMULADORES: (SEPARADORES, CONTENEDORES, TAPAS), FABRICACION DE PILAS DE PLOMO-ACIDO, FABRICACION DE PILAS DE NIQUEL-CADMIO, FABRICACION DE PILAS DE NIQUEL E HIDRURO METALICO, FABRICACION DE PILAS DE LITIO, FABRICACION DE PILAS SECAS, FABRICACION DE PILAS HUMEDAS",False,goods
l10n_cr_ticofac.activity_315001,315001,2740.0,FABRICACION DE LAMPARAS ELECTRICAS Y EQUIPO DE ILUMINACION,"ESTA CLASE COMPRENDE LA FABRICACION DE BOMBILLAS Y TUBOS ELECTRICOS Y SUS PIEZAS Y COMPONENTES (EXCEPTO AMPOLLAS DE VIDRIO PARA BOMBILLAS) Y DE LAMPARAS ELECTRICAS Y SUS PIEZAS Y COMPONENTES (EXCEPTO DISPOSITIVOS DE CABLEADO PORTADORES DE CORRIENTE). SE INCLUYEN LAS SIGUIENTES ACTIVIDADES: FABRICACION DE LAMPARAS, TUBOS Y BOMBILLAS DE DESCARGA, INCANDESCENTES, FLUORESCENTES, DE RAYOS ULTRAVIOLETAS, DE RAYOS INFRARROJOS, ETCETERA, FABRICACION DE LAMPARAS DE TECHO, FABRICACION DE ARAÑAS COLGANTES, FABRICACION DE LAMPARAS DE MESA, FABRICACION DE JUEGOS DE BOMBILLAS PARA DECORAR ARBOLES DE NAVIDAD, FABRICACION DE TRONCOS ELECTRICOS PARA CHIMENEA, FABRICACION DE LAMPARAS DE DESTELLOS, FABRICACION DE LAMPARAS ELECTRTRICAS CONTRA INSECTOS, FABRICACION DE LINTERNAS (P. EJ., DE CARBURO, ELECTRICAS, DE GAS, DE GASOLINA DE QUEROSENO), FABRICACION DE PROYECTORES DE TEATRO, FABRICACION DE LAMPARAS PARA LA ILUMINACION DE LAS CALLES (EXCEPTO SEÑALES DE TRAFICO), FABRICACION DE EQUIPO DE ILUMINACION PARA EQUIPO DE TRANSPORTE, SE INCLUYEN TAMBIEN LAS SIGUIENTES ACTIVIDADES: FABRICACION DE EQUIPO DE ILUMINACION NO ELECTRICO",False,goods
l10n_cr_ticofac.activity_319001,319001,2790.0,FABRICACION DE OTROS TIPOS DE EQUIPO ELECTRICO N.C.P.,"ESTA CLASE COMPRENDE LA FABRICACION DE DIVERSOS TIPOS DE EQUIPO ELECTRICO, EXCEPTO MOTORES, GENERADORES Y TRANSFORMADORES, PILAS, BATERIAS Y ACUMULADORES, CABLES Y DISPOSITIVOS DE CABLEADO, EQUIPO DE ILUMINACION O APARATOS DE USO DOMESTICO. SE INCLUYEN LAS SIGUIENTES ACTIVIDADES: FABRICACION DE CARGADORES DE PILAS DE ESTADO SOLIDO, FABRICACION DE DISPOSITIVOS ELECTRICOS DE APERTURA Y CIERRE DE PUERTAS, FABRICACION DE TIMBRES ELECTRICOS, FABRICACION DE LIMPIADORES ULTRASONICOS (EXCEPTO LOS DE USO ODONTOLOGICO Y DE LABORATORIO), FABRICACION DE CAMAS BRONCEADORAS, FABRICACION DE INVERTIDORES, RECTIFICADORES CELULAS ENERGETICAS, UNIDADDES DE SUMINISTRO DE POTENCIA REGULADA Y NO REGULADA DE ESTADO SOLIDO FABRICACION DE UNIDADES DE SUMINISTRO ININTERRUMPIDO DE ENERGIA, FABRICACION DE LIMITADORES DE SOBRETENSION (EXCEPTO PARA VOLTAJES DE DISTRIBUCION), FABRICACION DE CABLES PARA APARATOS, CABLES ALARGADORES, Y OTROS JUEGOS DE CABLES ELECTRICOS CON CABLE AISLADO Y ENCHUFE, FABRICACION DE ELECTRODOS Y CONTACTOS DE CARBONO Y GRAFITO Y OTROS PRODUCTOS ELECTRICOS DE CARBON Y GRAFITO, FABRICACION DE ACELERADORES DE PARTICULAS, FABRICACION DE CAPACITORES, RESISTORES, CONDENSADORES Y COMPONENTES ELECTRICOS SIMILARES, FABRICACION DE ELECTROIMANES, FABRICACION DE SIRENAS, FABRICACION DE MARCADORES ELECTRONICOS, FABRICACION DE SEÑALES ELECTRICAS, FABRICACION DE EQUIPO ELECTRICO DE SEÑALIZACION, COMO SEMAFOROS Y SEÑALES PEATONALES, FABRICACION DE AISLADORES ELECTRICOS (EXCEPTO LOS DE VIDRIO O PORCELANA), FABRICACION DE EQUIPO ELECTRICO DE SOLDADURA AUTOGENA Y DE SOLDADURA BLANDA, INCLUIDOS SOLDADORES MANUALES",False,goods
l10n_cr_ticofac.activity_321001,321001,2610.0,MANUFACTURA O FABRICACION DE OTROS COMPONENTES ELECTRONICOS,"EN ESTA CLASE SE INCLUYE LA FABRICACION DE OTROS COMPONENTES ELECTRONICOS TALESCOMO CIRCUITOS INTEGRADOS Y MICROENSAMBLADURAS ELECTRONICAS DE MODULO MOLDEADO,DE MICROMODULO Y DE TIPO SIMILAR. ASI COMO MICROCHIPS, FRENOS ELECTRICOS, SENSORES, CAJAS DE CONTROL PARA CAMBIOS ELECTRONICOS Y CONTROLES PARA MOTOR DE VEHICULOS",False,goods
l10n_cr_ticofac.activity_321002,321002,2610.0,DISEÑO DE COMPONENTES ELECTRONICOS,EN ESTA CLASE SE INCLUYE SOLAMENTE EL DISEÑO DE PARTES Y COMPONENTES ELECTRONICOS DE TODO TIPO.,False,goods
l10n_cr_ticofac.activity_322001,322001,2630.0,FABRICACION DE TRANSMISORES Y RECEPTORES DE RADIO Y TELEVISION,"EN ESTA CLASE SE INCLUYE LA FABRICACION DE: APARATOS PARA RADIODIFUSION MEDIANTE ONDAS ELECTROMAGNETICAS, SIN CONEXION DE LINEA. TRANSMISORES DE TELEVISION, CON O SIN CONEXION DE LINEA, INCLUSO REPETIDORES Y TRANSMISORES DE TELEVISION PARA USO INDUSTRIAL. TRANSMISORES PARA RADIOTELEFONIA Y RADIOTELEGRAFIA, ESTEN PROVISTOS O NO DE APARATOS DE RECEPCION, GRABACION Y REPRODUCCION DE SONIDO: EMISORES FIJOS Y EMISORES -RECEPTORES, APARATOS DE RADIOTELEFONIA PARA EQUIPO DE TRANSPORTE, RADIOTELEFONOS, OTROS RESPONDEDORES, APARATOS RADIOTELEGRAFICOS DE TIPO FACSIMILE,ETC. CAMARAS DE TELEVISION DE TODO TIPO. APARATOS PARA TELEFONIA Y TELEGRAFIA CON HILOS, INCLUSO APARATOS PARA SISTEMAS DE LINEA DE CORRIENTE PORTADORA; RECEPTORES DE RADIOTELEFONIA Y RADIOTELEGRAFIA, INCLUSO APARATOS COMBINADOS CON DISPOSITIVOS DE GRABACION Y REPRODUCCION DE SONIDO O CON UN RELOJ. SE INCLUYEN LOS TELEFONOS, CONMUTADORES Y CENTRALES AUTOMATICOS Y NO AUTOMATICOS; MANIPULADORES MORSE Y DE TIPO MORSE, OTROS TRANSMISORES TELEGRAFICOS, GRABADORES DE TIPO MORSE, RECEPTORES?IMPRESORES, TRANSMISORES Y RECEPTORES DE FOTOTELEGRAFIA.",False,goods
l10n_cr_ticofac.activity_331101,331101,3250.0,FABRICACION Y COMERCIALIZACION DE PROTESIS,"EN ESTA CLASE SE INCLUYE LA FABRICACION Y COMERCIALIZACION DE DIENTES POSTIZOS, EXTREMIDADES ARTIFICIALES Y OTRAS PARTES ARTIFICIALES DEL CUERPO HUMANO.ESTA ACTIVIDAD NO ESTA AFECTA AL IMPUESTO SOBRE LAS VENTAS SEGUN DECRETO 21719-H-S-MEIC PUBLICADO EN LA GACETA 238 DEL 11 DE DICIEMBRE DE 1992",False,goods
l10n_cr_ticofac.activity_331102,331102,3250.0,FABRICACION Y COMERCIALIZACION DE EQUIPO MEDICO,"EN ESTA CLASE SE INCLUYE LA FABRICACION DE: INSTRUMENTOS Y APARATOS DE USO PRACTICO Y CIENTIFICO EN MEDICINA, CIRUGIA, ODONTOLOGIA Y VETERINARIA, INCLUSO APARATOS ELECTRONICOS PARA DIAGNOSTICO, TALES COMO ELECTROCARDIO-GRAFOS, TORNOS DE DENTISTA, INSTRUMENTOS DE OFTALMOLOGIA, INCLUSO EQUIPO PARA REALIZAR EXAMENES DE LA VISTA; JERINGAS, CON O SIN AGUJAS; AGUJAS UTILIZADAS EN MEDICINA Y OTROS INSTRUMENTOS Y APARATOS, INCLUSO INSTRUMENTOS OPTICOS TALES COMO ESPEJOS Y REFLECTORES, ENDOSCOPIOS, ETC. APARATOS BASADOS EN EL USO DE RAYOS X Y EN LA EMISION DE RAYOS ALFA, BETA Y GAMMA, DESTINADOS O NO A LA MEDICINA O LA VETERINARIA, INCLUSO TUBOS DE RAYOS X, GENERADORES DE ALTA TENSION, PANELES, MESAS Y PANTALLAS DE CONTROL , Y ARTEFACTOS SIMILARES. ESTERILIZADORES. APARATOS DE MECANOTERAPIA; MAQUINAS DE MASAJE; APARATOS PARA PRUEBAS PSICOLOGICAS; APARATOS DE OZONOTERAPIA, OXIGENOTERAPIA Y RESPIRACION ARTIFICIAL, Y OTROS APARATOS RESPIRATORIOS TERAPEUTICOS; OTROS APARATOS DE RESPIRACION Y MASCARAS DE GAS, EXCEPTO LAS DE SIMPLE PROTECCION.",False,goods
l10n_cr_ticofac.activity_331103,331103,3250.0,FABRICACION Y COMERCIALIZACION DE ZAPATOS ORTOPEDICOS,"ESTA CLASE INCLUYE LA FABRICACION Y COMERCIALIZACION DE CALZADO Y PLANTILLAS ORTOPEDICAS HECHOS O ADAPTADOS A LA MEDIDA PARA CORREGIR DEFECTOS FISICOS, CON RECETA MEDICA.",False,goods
l10n_cr_ticofac.activity_331201,331201,2651.0,"FABRICACION DE EQUIPOS PARA MEDIR, VERIFICAR, Y NAVEGAR Y DE EQUIPOS DE CONTROL","ESTA CLASE COMPRENDE LA FABRICACION DE SISTEMAS E INSTRUMENTOS AERONAUTICOS Y NAUTICOS DE BUSQUEDA, DETECCION, NAVEGACION Y ORIENTACION; DISPOSITIVOS AUTOMATICOS DE CONTROL Y REGULACION PARA APARATOS DE USO DOMESTICO, COMO LOS DE CALEFACCION, ACONDICIONAMIENTO DE AIRE Y REFRIGERACION Y APARATOS SIMILARES; INSTRUMENTOS Y DISPOSITIVOS PARA MEDIR, MOSTRAR, INDICAR, REGISTRAR, TRANSMITIR Y CONTROLAR VARIABLES DE PROCESOS INDUSTRIALES, COMO LA TEMPERATURA, LA HUMEDAD, LA PRESION, EL VACIO, LA COMBUSTION, EL FLUJO, EL NIVEL, LA VISCOSIDAD, LA DENSIDAD, LA ACIDEZ, LA CONCENTRACION Y LA ROTACION; CONTADORES DE REGISTRO DE FLUIDOS; INSTRUMENTOS PARA MEDIR Y COMPROBARLAS CARACTERISTICAS DE LA ELECTRICIDAD Y LAS SEÑALES ELECTRICAS; INSTRUMENTOS Y SISTEMAS INSTRUMENTALES PARA EL ANALISIS EN LABORATORIO DE LA COMPOSICION QUIMICA O FISICA O LA CONCENTRACION DE MUESTRAS DE MATERIALES SOLIDOS, FLUIDOS, GASEOSOS O COMPUESTOS Y OTROS INSTRUMENTOS DE MEDICION Y DE PRUEBA Y PIEZAS DE ESOS INSTRUMENTOS. SE INCLUYE ASIMISMO LA FABRICACION DE EQUIPO NO ELECTRICO DE MEDICION, PRUEBA NAVEGACION Y CONTROL (EXCEPTO HERRAMIENTAS MECANICAS SENCILLAS)",False,goods
l10n_cr_ticofac.activity_332001,332001,2670.0,FABRICACION DE INSTRUMENTOS OPTICOS Y EQUIPO FOTOGRAFICO,"ESTA CLASE COMPRENDE LA FABRICACION DE INSTRUMENTOS Y LENTES OPTICOS, COMO BINOCULARES, MICROSCOPIOS (EXCEPTO LOS ELECTRONICOS Y PROTONICOS), TELESCOPIOS, PRISMAS Y LENTES (EXCEPTO LAS OFTALMICAS) Y LA FABRICACION DE EQUIPO DE FOTOGRAFIA, COMO CAMARAS Y FOTOMETROS. SE INCLUYEN LAS SIGUIENTES ACTIVIDADES: FABRICACION DE LENTES Y PRISMAS, FABRICACION DE MICROSCOPIOS OPTICOS, BINOCULARES Y TELESCOPIOS, FABRICACION DE ESPEJOS OPTICOS, FABRICACION DE INSTRUMENTOS DE AUMENTO OPTICOS, FABRICACION DE INSTRUMENTOS OPTICOS DE PRECISION PARA MECANICOS, FABRICACION DE COMPARADORES OPTICOS, FABRICACION DE DISPOSITIVOS OPTICOS DE PUNTERIA, FABRICACION DE POSICIONADORES OPTICOS,FABRICACION DE DISPOSITIVOS E INSTRUMENTOS OPTICOS DE MEDICION Y VERIFICACION, FABRICACION DE CAMARAS DE PELICULA Y DIGITALES, FABRICACION DE PROYECTORES DE PELICULAS Y DIAPOSITIVAS, FABRICACION DE RETROPROYECTORES DE TRANSPARENCIAS, FABRICACION DE ENSAMBLADOS DE LASER. SE INCLUYEN TAMBIEN LAS ACTIVIDADES DE REVESTIMIENTO, PULIDO Y MONTADURA DE LENTES",False,goods
l10n_cr_ticofac.activity_333001,333001,2652.0,FABRICACION DE RELOJES DE TODO TIPO,"ESTA CLASE INCLUYE LA FABRICACION DE: RELOJES DE TODO TIPO; CAJAS PARA RELOJES,INCLUSO CAJAS DE METALES PRECIOSOS; PIEZAS DE RELOJES, INCLUSO MECANISMOS DE RELOJERIA. APARATOS PARA REGISTRAR LA HORA DEL DIA Y APARATOS PARA MEDIR, REGISTRAR O INDICAR DE OTRO MODO INTERVALOS DE TIEMPO MEDIANTE UN MECANISMO DE RELOJERIA O UN MOTOR SINCRONICO COMO PARQUIMETROS, RELOJES DE CONTROL DE ENTRADA, MARCADORES DE FECHA Y HORA Y CRONOMETROS DE TIEMPO DE FABRICACION; CONMUTADORES HORARIOS CON MECANISMO DE RELOJERIA Y CONMOTOR SINCRONICO. CORREAS, CINTAS Y PULSERAS DE METAL, INCLUSO DE METALES PRECIOSOS, PARA RELOJES DE BOLSILLO Y DE PULSERA. PIEZAS PARA RELOJES DE TODO TIPO,TALES COMO MUELLES, RUBIES, ESFERAS, CHAPAS, PUENTES Y OTRAS PIEZAS. ENTES Y OTRAS PIEZAS.",False,goods
l10n_cr_ticofac.activity_341001,341001,2910.0,FABRICACION DE VEHICULOS AUTOMOTORES,"EN ESTA CLASE SE INCLUYE LA FABRICACION DE: AUTOMOVILES Y OTROS VEHICULOS AUTOMOTORES DISEÑADOS PRINCIPALMENTE PARA EL TRANSPORTE DE PERSONAS: AUTOMOVILES DE TURISMO, VEHICULOS AUTOMOTORES DE TRANSPORTE DE PASAJEROS DISEÑADOS PARA TRANSITAR POR TERRENOS IRREGULARES (TRINEOS MOTORIZADOS, CARRITOS AUTOPROPULSADOS PARA CAMPOS DE GOLF, VEHICULOS PARA TODO TERRENO, VEHICULOS ANFIBIOS) Y VEHICULOS AUTOMOTORES PARA EL TRANSPORTE PUBLICO DE PASAJEROS, A SABER, AUTOBUSES. VEHICULOS AUTOMOTORES PARA EL TRANSPORTE DE MERCANCIAS: CAMIONES Y CAMIONETAS COMUNES (DE CAJADESCUBIERTA, CON CAPOTA, CERRADOS, ETC.); CAMIONES CON DISPOSITIVOS DE DESCARGA AUTOMATICOS, CAMIONES CISTERNA, VOLQUETES, CAMIONES RECOLECTORES DE BASURA, ETC.; CAMIONES Y CAMIONETAS DE USO ESPECIAL (CAMIONES DE AUXILIO CARRETERO, CAMIONES BLINDADOS, CAMIONES DE BOMBEROS, CAMIONES BARREDORES, UNIDADES MEDICAS Y ODONTOLOGICAS MOVILES, BIBLIOTECAS MOVILES, ETC.) TRACTORES PARA SEMIRREMOLQUES DE CIRCULACION POR CARRETERA. CHASIS EQUIPADOS CON MOTORES PARA LOS VEHICULOS AUTOMOTORES DESCRITOS ANTERIORMENTE. MOTORES DE COMBUSTION INTERNA CON EMBOLOS DE MOVIMIENTO RECTILINEO O ROTATORIO Y DE ENCENDIDO POR CHISPA ELECTRICA O POR COMPRESION, DEL TIPO UTILIZADO PRINCIPALMENTE EN VEHICULOS AUTOMOTORES.",False,goods
l10n_cr_ticofac.activity_342001,342001,2920.0,"FABRICACION DE CARROCERIAS PARA VEHICULOS AUTOMOTORES, REMOLQUES Y SEMIREMOLQUES","ESTA CLASE ABARCA LA FABRICACION DE: CARROCERIAS DE VEHICULOS AUTOMOVILES DE LAS PARTIDAS 87.01 A 87.05, INCLUIDAS LAS CABINAS QUE SE ENCUENTRAN EN LAS PARTIDAS ARANCELARIAS 870790900031 Y 870790900039. DISENADAS PARA SER MONTADAS SOBRE CHASIS DE VEHICULOS AUTOMOTORES, CARROCERIAS PARA VEHICULOS SIN CHASIS Y CARROCERIAS DE MONOCASCO; CARROCERIAS PARA VEHICULOS DE TURISMO,CAMIONES Y VEHICULOS DE USO ESPECIAL; CARROCERIAS DE METAL, MADERA, PLASTICO Y COMBINACIONES DE ESTOS Y OTROS MATERIALES. REMOLQUES Y SEMIRREMOLQUES DISENADOS PARA SER TIRADOS POR VEHICULOS AUTOMOTORES; REMOLQUES Y SEMIRREMOLQUES DEL TIPO UTILIZADO PARA VIVIENDA Y PARA ACAMPAR.",False,goods
l10n_cr_ticofac.activity_342002,342002,2920.0,FABRICACION DE CARROCERIAS PARA CAMIONES DE LAS PARTIDAS ARANCELARIAS 870790002 Y 870790500029,ESTA CLASE INCLUYE LA FABRICACION DE CARROCERIAS PARA CAMIONES DE LAS PARATIDAS ARANCELARIAS : 870790002 Y 870790500029,False,goods
l10n_cr_ticofac.activity_343001,343001,2930.0,"FABRICACION DE PARTES, PIEZAS Y ACCESORIOS PARA VEHICULOS AUTOMOTORES","EN ESTA CLASE SE INCLUYE LA FABRICACION DE PARTES, PIEZAS, COMPONENTES Y ACCESORIOS PARA VEHICULOS AUTOMOTORES, INCLUSO PARA SUS CARROCERIAS Y MOTORES: FRENOS,CAJAS DE ENGRANAJES, EJES, AROS DE RUEDAS, AMORTIGUADORES, RESORTES, RADIADORES, SILENCIADORES, TUBOS DE ESCAPE, EMBRAGUES, VOLANTES, COLUMNAS Y CAJAS DE DIRECCION Y OTRAS PARTES, PIEZAS Y ACCESORIOS NO CLASIFICADOS EN OTRA PARTE.",False,goods
l10n_cr_ticofac.activity_351101,351101,3315.0,SERVICIO DE REPARACION DE EMBARCACIONES Y SUS PARTES Y/O ESTRUCTURAS FLOTANTES,"COMPRENDE EL MANTENIMIENTO, REACONDICIONAMIENTO Y REPARACION DE TODO TIPO DE EMBARCACIONESY ESTRUCTURAS FLOTANTES, DE ACUERDO AL OFICIO DGT-87-07DE LA DIRECCION GENERAL DE TRIBUTACION, ESTA ACTIVIDAD QUEDA AFECTA A VENTAS INDEPENDIENTEMENTE DEL LUGAR DONDE SE PRESTE EL SERVICIO DE REPARACION.",False,goods
l10n_cr_ticofac.activity_351102,351102,3012.0,CONSTRUCCION DE EMBARCACIONES Y ESTRUCTURAS FLOTANTES,"EN ESTA CLASE SE INCLUYE LA CONSTRUCCION DE BUQUES, YATES Y OTRAS EMBARCACIONES, ASI COMO DEESTRUCTURAS FLOTANTES COMO PANTALANES FLOTANTES, PONTONES, EMBARCADORES FLOTANTES, DIQUES FLOTANTES, BARCAZAS, GRUAS FLOTANTES Y OTROS UTILIZADAS EN EL COMERCIO Y ACTIVIDADES RELACIONADAS, TRANSPORTE DE PASAJEROS, INCLUSO EMBARCACIONES DE USOS MULTIPLES, PARA LA NAVEGACION MARITIMA, COSTERA Y FLUVIAL, BARCOS DE PESCA Y OTRAS EMBARCACIONES DE RECREO.",False,goods
l10n_cr_ticofac.activity_351103,351103,4763.0,VENTA DE EMBARCACIONES DE MOTOR Y VELA,"EN ESTA CLASE SE INCLUYE LA VENTA DE EMBARCACIONES DE MOTORO VELA, YA SEAN ESTOS IMPORTADOS . TAMBIEN SE INCLUYEN LA VENTA DE BUQUES, BARCOS, NAVES, NAVIOS, YATES, CRUCEROS Y OTROS. ESTA VENTA ESTA AFECTA AL IMPUESTO DE VENTAS TANTO EN LA IMPORTACION COMO EN LA VENTA A NIVEL LOCAL.",False,goods
l10n_cr_ticofac.activity_352001,352001,3020.0,FABRICACION DE LOCOMOTORAS Y MATERIAL RODANTE PARA FERROCARRILES Y TRANVIAS,"ESTA CLASE INCLUYE LA FABRICACION DE: LOCOMOTORAS DE FERROCARRIL: LOCOMOTORAS PROPULSADAS POR UNA FUENTE DE ENERGIA EXTERIOR Y POR ACUMULADORES ELECTRICOS; LOCOMOTORAS DIESEL ELECTRICAS; LOCOMOTORAS PROPULSADAS POR MOTORES DE ENCENDIDO PORCOMPRESION Y POR OTROS MEDIOS (POR EJEMPLO, TURBINAS DE GAS, MAQUINAS DE VAPORY MOTORES DE ENCENDIDO POR CHISPA ELECTRICA) TENDERES DE LOCOMOTORA. VAGONES DEPASAJEROS, FURGONES Y VAGONES DE PLATAFORMA AUTOPROPULSADOS DE TRANVIA Y DE FERROCARRIL, CUALQUIERA SEA LA FUERZA MOTRIZ, INCLUSO VEHICULOS AUTOPROPULSADOS DEMANTENIMIENTO Y DE SERVICIO PARA TRANVIAS Y FERROCARRILES (POR EJEMPLO, VAGONESTALLER, GRUAS Y VAGONES DE ENSAYOS). MATERIAL RODANTE NO AUTOPROPULSADO PARATRANVIAS Y FERROCARRILES: VAGONES DE PASAJEROS, FURGONES DE CARGA, VAGONES CISTERNA, FURGONES Y VAGONES DE VOLTEO, Y FURGONES TALLER, VAGONES GRUA, ETC. PARTESY PIEZAS ESPECIALES DE LOCOMOTORAS Y TRANVIAS Y DE SU MATERIAL RODANTE: BOGIES,EJES Y RUEDAS; FRENOS Y PIEZAS DE FRENOS; GANCHOS Y MECANISMOS DE ENGANCHE, TOPES Y PIEZAS DE TOPES; AMORTIGUADORES (EXCEPTO MUELLES); BASTIDORES DE VAGONES YLOCOMOTORAS; CARROCERIAS; PLATAFORMAS DE INTERCOMUNICACION, ETC. EQUIPO MECANICO (INCLUSO ELECTROMECANICO) DE SEÑALIZACION, SEGURIDAD Y REGULACION DEL TRAFICOPARA FERROCARRILES TRANVIAS, CARRETERAS, VIAS DE NAVEGACION INTERIORES, TRANVIAS, CARRETERAS, VIAS DE NAVEGACION INTERIORES, ESTACIONAMIENTO INSTALACIONES PORTUARIAS Y AEROPUERTOS. SE TRATA DE APARATOSCUYAS SEÑALES, ETC., SE PONEN EN FUNCIONAMIENTO DESDE UN CENTRO DE MANDO, QUE GENERALMENTE SE ENCUENTRA A CIERTA DISTANCIA, MEDIANTE MANIVELAS, PALANCAS, VARILLAS, ALAMBRES, CADENAS, ETC.; MEDIANTE DISPOSITIVOS HIDRONEUMATICOS; Y MEDIANTE MOTORES ELECTRICOS (POR EJEMPLO, EQUIPO DE CAJAS DE SEÑALES, APARATOS DE MANEJO DE LAS AGUJAS, FRENOS DE CARRIL, APARATOS AUTOMATICOS DE SEÑALES PARA NIEBLA Y MECANISMOS DE CONTROL DE PASOS A NIVEL).",False,goods
l10n_cr_ticofac.activity_353001,353001,3030.0,FABRICACION DE AERONAVES Y NAVES ESPACIALES Y MAQUINARIA CONEXA,"EN ESTA CLASE SE INCLUYE LA FABRICACION DE: AEROPLANOS, MOTORIZADOS O NO, APARATOS DE VOLAR MAS LIVIANOS QUE EL AIRE, GLOBOS, NAVES ESPACIALES Y VEHICULOS PARA EL LANZAMIENTO DE NAVES ESPACIALES. AEROPLANOS MOTORIZADOS DE ALA FIJA Y DEMANEJO POR TRIPULACIONES PARA EL TRANSPORTE DE MERCANCIAS Y PASAJEROS, PARA DEFENSA MILITAR, DEPORTE Y OTROS FINES. AERONAVES DE ALA GIRATORIA PARA TODO USO.PLANEADORES, ALAS DELTA Y OTRAS AERONAVES SIN MOTOR. DIRIGIBLES; GLOBOS UTILIZADOS EN AERONAUTICA Y METEOROLOGIA. NAVES ESPACIALES, EQUIPADAS O NO PARA USO HUMANO; VEHICULOS DE LANZAMIENTO DE NAVES ESPACIALES, EXCEPTO LOS VEHICULOS DE LANZAMIENTO MILITARES. ARTEFACTOS DE LANZAMIENTO DE AERONAVES; DISPOSITIVOS DE FRENADO SOBRE CUBIERTA Y DISPOSITIVOS SIMILARES, APARATOS DE ENTRENAMIENTO DE VUELOEN TIERRA. PARTES, PIEZAS Y ACCESORIOS DE LAS AERONAVES DE ESTA CLASE; ENSAMBLADURAS PRINCIPALES, COMO FUSELAJES, ALAS, PUERTAS, PANELES DE MANDO, TRENES DE ATERRIZAJE, INCLUSO FLOTADORES DE HIDROAVION, DEPOSITOS DE COMBUSTIBLE, GONDOLAS,ETC. PARTES ESPECIALES DE ENSAMBLADURAS PRINCIPALES ESPECIALMENTE DISEÑADAS PARA SU INSTALACION EN AERONAVES; PARTES DE GLOBOS Y DIRIGIBLES Y DE NAVES ESPACIALES Y VEHICULOS DE LANZAMIENTO. HELICES, ROTORES DE HELICOPTERO Y PALAS DE HELICE PROPULSADAS. MOTORES DEL TIPO UTILIZADO GENERALMENTE EN AERONAVES. MOTORES DE COMBUSTION INTERNA CON EMBOLOS DE MOVIMIENTO RECTILINEO O ROTATORIO Y DE ENCENDIDO POR CHISPA ELECTRICA PARA AERONAVES. TURBORREACTORES Y TURBOHELICES PARA AERONAVES. MOTORES DE REACCION: ESTATORREACTORES, PULSORREACTORES Y MOTORES DE COHETES. PARTES Y PIEZAS DE TURBORREACTORES Y DE TURBOHELICES. SE INCLUYEN EL MANTENIMIENTO Y LA REPARACION Y MODIFICACION DE AERONAVES Y MOTORES DE AERONAVES.",False,goods
l10n_cr_ticofac.activity_359101,359101,3091.0,"FABRICACION DE MOTOCICLETAS, PARTES, PIEZAS Y SUS ACCESORIOS","EN ESTA CLASE SE INCLUYE LA FABRICACION DE: MOTOCICLETAS (INCLUSO VELOMOTORES)Y VELOCIPEDOS CON MOTOR AUXILIAR, CON O SIN SIDECAR; MOTOCICLETAS DE REPARTO YDE DEPORTE. MOTORES PARA MOTOCICLETAS. SIDECARES; PARTES, PIEZAS Y ACCESORIOSDE MOTOCICLETAS.",False,goods
l10n_cr_ticofac.activity_359201,359201,3092.0,"FABRICACION DE BICICLETAS Y SILLAS DE RUEDAS, PARTES, PIEZAS Y SUS ACCESORIOS","ESTA CLASE INCLUYE LA FABRICACION DE: BICICLETAS NO MOTORIZADAS, A SABER, VELOCIPEDOS EQUIPADOS CON UNA O MAS RUEDAS; TRICICLOS DE REPARTO, BICICLETAS CON SIDECAR, TANDEMS, BICICLETAS DE CARRERA Y BICICLETAS PARA NIÑOS, EXCEPTO OTROS TIPOSDE VEHICULOS DE RUEDAS PARA NIÑOS. SILLONES DE RUEDAS PARA INVALIDOS, ESTEN ONO MOTORIZADOS Y SEAN O NO PROPULSADOS POR ALGUN MEDIO MECANICO. PARTES Y PIEZAS DE BICICLETAS (INCLUSO SILLINES) Y DE SILLONES DE RUEDAS PARA INVALIDOS.",False,goods
l10n_cr_ticofac.activity_359901,359901,3099.0,FABRICACION DE OTROS TIPOS DE EQUIPO DE TRANSPORTE N.C.P.,"ESTA CLASE ABARCA LA FABRICACION DE VEHICULOS NO CLASIFICADOS EN OTRA PARTE. VEHICULOS DE PROPULSION MANUAL: CARRETILLAS, CARRITOS PARA EQUIPAJE, TRINEOS, CARRITOS PARA SUPERMERCADOS, CARRETONCILLOS, CARROS Y PORTACARGAS DE VARIOS TIPOS, INCLUSO LOS DISEÑADOS ESPECIALMENTE PARA DETERMINADAS INDUSTRIAS. VEHICULOS DE TRACCION ANIMAL: CALESAS, CALESINES, CARROS PARA ROCIAR Y ESPOLVOREAR, CARROZAS FUNEBRES, ETC.",False,goods
l10n_cr_ticofac.activity_361001,361001,3100.1,FABRICACION Y/O REPARACION DE MUEBLES Y ACCESORIOS (INCLUYECOLCHONES),"EN ESTA CLASE SE INCLUYE LA FABRICACION DE MUEBLES Y ACCESORIOS DE TODO TIPO (MADERA, MIMBRE, BAMBU, METALES COMUNES, VIDRIO, CUERO, PLASTICO, ETC) PARA CUALQUIER LUGAR (VIVIENDAS, HOTELES, TEATROS, OFICINAS, IGLESIAS, RESTAURANTES, HOSPITALES, BARCOS, AVIONES, AUTOMOVILES, ETC); ADEMAS SE INCLUYEN ARTEFACTOS COMO SOMIERES Y COLCHONES. TAMBIEN SE INCLUYE LA REPARACION O TAPICERIA DE LOS MISMOS. LA FABRICACION DE MUEBLES DE CERAMICA, HORMIGON Y PIEDRA SE DEBEN INCLUIR EN LAS CLASES 2691, 2695 Y 2696 RESPECTIVAMENTE. LA FABRICACION DE LAMPARAS Y ACCESORIOS PARA ILUMINACION SE INCLUYE EN LA CLASE 3150. LA FABRICACION DE MUEBLES PARA MEDICINA, CIRUGIA, ODONTOLOGIA Y VETERINARIA SE INCLUYE EN LA CLASE 3311.",False,goods
l10n_cr_ticofac.activity_361002,361002,9524.0,REPARACION DE TAPICERIA,EN ESTA CLASE SE INCLUYE LA REPARACION DE MUEBLES Y SUS TAPICES.,False,goods
l10n_cr_ticofac.activity_361004,361004,3100.9,MAQUILA DE MUEBLES,EN ESTA CLASE SE INCLUYE EL SERVICIO DE MANUFACTURA DE TODO TIPO DE MUEBLES REALIZADO FUERA DE LA UNIDAD DE PRODUCCION.,False,goods
l10n_cr_ticofac.activity_369101,369101,3211.0,"FABRICACION DE JOYAS, BISUTERIA Y ARTICULOS CONEXOS","EN ESTA CLASE SE INCLUYE LA PRODUCCION DE PERLAS LABRADAS, ES DECIR, PERLAS QUEHAN SIDO PULIDAS PARA ELIMINAR DEFECTOS, TALADRADAS Y CORTADAS. PRODUCCION DE PIEDRAS PRECIOSAS Y SEMIPRECIOSAS LABRADAS (INCLUSO DIAMANTES), ES DECIR, PIEDRASNO SOLO CORTADAS, LIMPIAS Y DESBASTADAS, SINO TAMBIEN TRABAJADAS. SE INCLUYE LAPRODUCCION DE PIEDRAS DE CALIDAD INDUSTRIAL Y DE PIEDRAS PRECIOSAS Y SEMIPRECIOSAS SINTETICAS Y RECONSTRUIDAS. FABRICACION DE: JOYAS DE METALES PRECIOSOS, DE PIEDRAS PRECIOSAS Y SEMIPRECIOSAS, Y DE COMBINACIONES DE METALES PRECIOSOS PIEDRAS PRECIOSAS Y SEMIPRECIOSAS. ARTICULOS DE ORFEBRERIA ELABORADOSCON METALES PRECIOSOS: CUBIERTOS, VAJILLA, RECIPIENTES DE MESA, ARTICULOS DE TOCADOR, ARTICULOS ESTACIONARIOS DE USO RELIGIOSO, ETC. PARTES Y PIEZAS DE JOYAS Y DE ARTICULOS DE ORFEBRERIA. ARTICULOS DE USO TICNICO Y DE LABORATORIO ELABORADOS CON METALES PRECIOSOS (EXCEPTO INSTRUMENTOS Y PIEZAS DE INSTRUMENTOS): CRISOLES, COPELAS,ESPATULAS, REJILLAS DE ALAMBRE DE PLATINO PARA SU USO COMO CATALIZADORES, ANODOS DE GALVANOPLASTIA. MONEDAS (INCLUSO MONEDAS DE CURSO LEGAL), OTRAS MONEDAS, MEDALLAS Y MEDALLONES, SEAN O NO DE METALES PRECIOSOS. FABRICACION DE BISUTERIA COMO ANILLOS, COLLARES, BRAZALETES Y ARTICULOS DE BISUTERIA SIMILARES DE METALES COMUNES CHAPADOS CON METALES PRECIOSOS,",False,goods
l10n_cr_ticofac.activity_369201,369201,3220.0,"FABRICACION DE INSTRUMENTOS MUSICALES, PARTES Y PIEZAS Y SUS ACCESORIOS","EN ESTA CLASE DE INCLUYE LA FABRICACION DE TODO TIPO DE INSTRUMENTOS MUSICALES, ASI COMO SUS PARTES, PIEZAS Y ACCESORIOS COMO METRONOMOS, DIAPASONES DE PERSUCION Y BOCA, TARJETAS, DISCOS Y ROLLOS PARA INSTRUMENTOS MECANICOS AUTOMATICOS, ETC",False,goods
l10n_cr_ticofac.activity_369301,369301,3230.0,FABRICACION DE ARTICULOS DE DEPORTE,"ESTA CLASE INCLUYE LA FABRICACION DE ARTICULOS DE DEPORTE Y ATLETISMO ( EXCEPTO PRENDAS DE VESTIR Y CALZADO) FABRICACION DE ARTICULOS Y EQUIPO DE CUALQUIER MATERIAL PARA LA PRACTICA DE DEPORTES Y JUEGOS AL AIRE LIBRE Y BAJO TECHO COMO BALONES DUROS, BLANDOS E INFLABLES, RAQUETAS, BATES Y MAZOS, TABLAS DE VELA Y DE SURF, BOTAS DE ESQUI, ARTICULOS PARA LA PESCA DEPORTIVA, ARTICULOS PARA LA CAZA, PATINES DE RUEDAS, PATIENES DE HIELO, ARCOS Y BALLESTAS, EQUIPO PARA GIMNASIO. EQUIPO PARA ATLETISMO, ENTRE OTROS",False,goods
l10n_cr_ticofac.activity_369401,369401,3240.0,FABRICACION DE JUEGOS Y JUGUETES,"ESTA CLASE COMPRENDE LA FABRICACION DE MUÑECAS, JUGUETES Y JUEGOS (INCLUIDOS LOS JUEGOS ELECTRONICOS, EXCEPTO LAS CONSOLAS DE VIDEOJUEGOS), MODELOS A ESCALA Y VEHICULOS PARA NIÑOS (EXCEPTO BICICLETAS Y TRICICLOS DE METAL). ARTICULOS PARA FERIAS DE ATRACCIONES, JUEGOS DE MESA Y SALON. ROMPECABEZAS Y SIMILARES, ENTRE OTROS.",False,goods
l10n_cr_ticofac.activity_369901,369901,3290.0,FABRICACION DE ESCOBAS,"EN ESTA CLASE SE INCLUYE LA FABRICACION DE ESCOBAS Y CEPILLOS (INCLUSO ESCOBILLAS PARA MAQUINAS); BARREDORES MECANICOS DE MANEJO MANUAL; ALJOFIFAS Y PLUMEROS; ALMOHADILLAS Y RODILLOS PARA PINTURA; ESCURRIDORES Y OTROS CEPILLOS, ESCOBAS, Y ALJOFIFAS, ETC.",False,goods
l10n_cr_ticofac.activity_369902,369902,3290.0,"FABRICACION DE VELAS (CANDELAS) EXCEPTO LAS PERFUMADAS, COLOREADAS Y DECORADAS.","EN ESTA CLASE SE INCLUYE LA FABRICACION DE VELAS O CANDELAS CORRIENTES. LA FABRICACION DE VELAS DECORADAS, PERFUMADAS Y COLOREADAS SE INCLUYE EN LA CLASE 369903",False,goods
l10n_cr_ticofac.activity_369903,369903,3290.0,"FABRICACION DE VELAS COLOREADAS, PERFUMADAS Y DECORADAS","EN ESTA CLASE SE INCLUYE LA FABRICACION DE VELAS O CANDELAS DECORADAS, PERFUMA- DAS Y COLOREADAS DE CUALQUIER TAMAÑO Y FORMA. LAS VELAS BLANCAS CORRIENTES SE INCLUYE EN LA CLASE 369902.",False,goods
l10n_cr_ticofac.activity_369904,369904,3290.0,"FABRICACION DE SELLOS DE MANO, METAL O HULE (CAUCHO)",ESTA CLASE INCLUYE A LOS FABRICANTES DE ESTE TIPO DE UTENSILIOS QUE SIRVAN PARA ESTAMPAR CIFRAS U OTRAS IMAGENES GRABADAS EN ESTE.,False,goods
l10n_cr_ticofac.activity_371001,371001,4669.9,RECICLAJE DE DESPERDICIOS Y DESECHOS METALICOS,"EN ESTA CLASE SE INCLUYE LA RECOLECCION DE DESECHOS METALICOS Y ARTICULOS RELACIONADOS, CON EL FIN DE VENDERLOS A UN TERCERO PARA SER PROCESADOS INDUSTRIAL O ARTESANALMENTE.",False,goods
l10n_cr_ticofac.activity_372001,372001,3830.0,RECICLAJE DE OTRO TIPO DE MATERIALES N.C.P.,"EN ESTA CLASE SE INCLUYE EL RECICLAJE DE MATERIALES DIFERENTES AL METAL TALES COMO EL CAUCHO, TEXTILES, CARTUCHOS DE TINTA, ENTRE OTROS. EL ABONO ORGANICO SE INCLUYE EN EL CODIGO 241201",False,goods
l10n_cr_ticofac.activity_372003,372003,3830.0,RECICLAJE DE PAPEL Y PLASTICO Y MATERIALES RELACIONADOS,EN ESTA SE INCLUYE LA RECOLECCION DE MATERIALES DE DESECHO O DESPERDICIOS A BASE DE PAPEL O PLASTICO Y MATERIALES RELACIONADOS,False,goods
l10n_cr_ticofac.activity_401002,401002,3510.0,"GENERACION Y/O DISTRIBUCION DE ENERGIA ELECTRICA (HIDRAULICA,CONVENCIONAL, TERMICO, ETC)","ESTA CLASE INCLUYE LA GENERACION, CAPTACION, TRASMISION Y DISTRIBUCION DE ENERGIA ELECTRICA PARA LA VENTA A USURIOS RESIDENCIALES, INDUSTRIALES Y COMERCIALES.L A ELECTRICIDAD PRODUCIDA PUEDE SER DE ORIGEN HIDRAULICO, CONVENCIONAL, TECNICO, NUCLEAR, SOLAR, MAREOMOTRIZ, EOLICA. INCLUYE LAS CENTRALES DE ENERGIA ELECTRIC A QUE VENDEN A TERCEROS UNA PARTE IMPORTANTE DE LA ELECTRICIDAD QUE GENERAN, A LA VEZ QUE PRODUCEN ELECTRICIDAD PARA SU EMRPESA MATRIZ Y SOBRE LAS CUALES PUEDE INFORMARLE EN FORMA SEPARADA DE LAS DEMAS UNIDADES DE LA EMPRESA MATRIZ.",False,goods
l10n_cr_ticofac.activity_401004,401004,2710.0,"FABRICACION, ENSAMBLE Y VENTA DE SISTEMAS PARA EL APROVECHAMIENTO DE ENERGIAS RENOBABLES","ESTA ACTIVIDAD COMPRENDE LOS CALENTADORES SOLARES, PANELES DE GENERACION ELECTRICA GENERADORES HIDROELECTRICOS Y EOLICOS DE CORRIENTE, BATERIAS DE PLOMO ACIDO Y DE NIQUEL-CADMIO, EQUIPOS ELECTRODOMESTICOS DE CORRIENTE DIRECTA PARA UTILIZARSE CON PANELES FOTOVOLTAICOS, MATERIALES PARA CONSTRUIR EQUIPOS DE APROVECHAMIENTO DE LAS ENERGIAS RENOVABLES, VIDRIO ATEMPERADO, AISLANTES TERMICOS, PLACAS ABSORBENTES, TUBOS ALETEADOS, PERFILES DE ALUMINIO AISLANTES TERMICOS PARA TUBERIAS DE AGUA, INSTRUMENTOS DE MEDICION DE VARIABLES RELACIONADAS CON LAS ENERGIAS RENOVABLES. EXENTO DE LOS IMPUESTOS SELECTIVO DE CONSUMO, Y DE VENTAS (DECLARANTE). (ART 38 LEY 7447)",False,goods
l10n_cr_ticofac.activity_402001,402001,3520.0,FABRICACION DE GAS; DISTRIBUCION DE COMBUSTIBLES GASEOSOS POR TUBERIAS,"ESTA CLASE ABARCA LA FABRICACION DE COMBUSTIBLES GASEOSOS Y LA PRODUCCION DE GASMEDIANTE LA DESTILACION DEL CARBON Y MEDIANTE LA MEZCLA DEL GAS FABRICADO CON GAS NATURAL, GASES DE PETROLEO Y OTROS GASES. TAMBIEN INCLUYE LA DISTRIBUCION DECOMBUSTIBLES GASEOSOS POR SISTEMAS DE TUBERIAS PARA SU VENTA A USUARIOS RESIDENCIALES, INDUSTRIALES, COMERCIALES Y DE OTRO TIPO. TRANSPORTE, DISTRIBUCION Y SUMINISRO DE COMBISTIBLES GASEOSOS DE CUALQUIER TIPO POR MEDIO DE UN SISTEMA DE TUBERIAS. VENTAS DE GAS A LOS USUARIOS POR MEDIO DE TUBERIAS,",False,goods
l10n_cr_ticofac.activity_402002,402002,4773.0,INSTALACION Y VENTA DE TANQUES PARA GAS,"EN ESTA CLASE SE INCLUYE LA INSTALACION Y VENTA DE TANQUES CONTENEDORES DE GAS PARA USO RESIDENCIAL, COMERCIAL, INDUSTRIAL Y CUALQUIER OTRO TIPO.",False,goods
l10n_cr_ticofac.activity_403001,403001,3530.0,SUMINISTRO DE VAPOR Y AIRE ACONDICIONADO,"ESTA CALSE INCLUYE LA PRODUCCION, RECOGIDA Y DISTRIBUCION DE VAPOR Y AGUA CALIENTE PARA CALEFACCION,PARA LA PRODUCCION DE ENERGIA Y PARA OTROS FINES. PRODUCCION Y DISTRIBUCION DE AGUA FRIA CON FINES DE REFRIGERACION, PRODUCCION Y DISTRIBUCION DE AIRE REFRIGERADO, PRODUCCION DE HIELO, INCLUIDO PARA LA ELABORACION DE PRODUCTOS ALIMENTICIOS Y PARA OTROS FINES.",False,goods
l10n_cr_ticofac.activity_410001,410001,3600.0,"CAPTACION, TRATAMIENTO Y DISTRIBUCION DE AGUA","EN ESTA CLASE SE INCLUYE LA CAPTACION, TRATAMIENTO Y DISTRIBUCION DE AGUA A USUARIOS RESIDENCIALES, INDUSTRIALES, COMERCIALES Y DE TODO TIPO. SE INCLUYEN LA CAPTACION DE AGUA DE DIVERSAS FUENTES Y SU DISTRIBUCION POR DIVERSOS MEDIOS.",False,goods
l10n_cr_ticofac.activity_451001,451001,4311.0,DEMOLICION DE EDIFICIOS Y OTRAS ESTRUCTURAS,EN ESTA CLASE SE INCLUTE LA DEMOLICION O DERRIBO DE EDIFICIOS Y OTRAS ESTRUCTURAS.,False,goods
l10n_cr_ticofac.activity_451002,451002,4312.0,PREPARACION DE TERRENOS,"EN ESTA CLASE SE INCLUYE LA LIMPIEZA DEL TERRENO DE CONSTRUCCION, PERFORACION, TERREAPLENAMIENTO, NIVELACION, MOVIMIENTO DE TIERRA, DRENAJE Y DEMAS ACTIVIDADESDE PREPARACION DE TERRENOS PARA CONSTRUCCION. ADEMAS, SE INCLUYE LA PREPARACION DE TERRENOS PARA ACTIVIDADES AGRICOLAS (ENCAMAR, RASTREAR, ZURQUEAR, ETC).ADEMAS INCLUYE LAS ACTIVIDADES DE REMOCION Y PROPIEDADES MINERAS, EXCAVAR Y REMOVER SUSTRATOS O SEDIMENTOS EN AGUA O TIERRA (DRAGADO).",False,goods
l10n_cr_ticofac.activity_452002,452002,4100.0,"CONSTRUCCION DE EDIFICIOS, APARTAMENTOS, CONDOMINIOS Y CASAS DE HABITACION","SE REFIERE A LA CONSTRUCCION DE EDIFICIOS, APARTAMENTOS, CONDOMINIOS, CASAS DE HABITACION, LA ERECCION IN SITU DE ESTRUCTURAS, EDIFICIOS Y CASAS PREFABRICADAS Y OBRAS DE INDOLE TEMPORAL.",False,goods
l10n_cr_ticofac.activity_452003,452003,4330.0,"MANTENIMIENTO, REPARACION Y AMPLIACIONES DE EDIFICIOS, APARTAMENTOS, CONDOMINIOS Y CASAS","SE REFIERE A LOS SERVICIOS DE REPARACION, MEJORAS, REMODELACIONES DE EDIFICIOS, APTOS, CONDOMINIOS,CASAS LOCALES COMERC. ETC. EFECTUADAS POR ALBAÑILES, FONTANEROS, CARPINTEROS, PINTORES, EMPRESAS Y OTROS RELACIONADAS CON LA RAMA DE LA CONSTRUCCION. LOS SERVICIOS DE ELECTRICISTAS SE ENCUENTRAN EN LA CLASE 526005.",False,goods
l10n_cr_ticofac.activity_452005,452005,4210.0,CONSTRUCCION Y MANTENIMIENTO DE CARRETERAS Y OTRAS VIAS,"EN ESTA CLASE SE INCLUYE LA CONSTRUCCION DE OBRAS DE INGENIERIA CIVIL TALES COMO CARRETERAS, CALLES, PUENTES, PISTAS DE AEROPUERTO Y SU MANTENIMIENTO. INCLUYE ADEMAS ASFALTADO Y LASTREADO DE CAMINOS, PINTURA Y OTROS MARCADOS DE CARRETERA, INSTALACION DE BARRERAS DE EMERGENCIA",False,goods
l10n_cr_ticofac.activity_452006,452006,4390.0,ACTIVIDADES DE CONSTRUCCION ESPECIALES,"ESTA CLASE COMPRENDE LAS ACTIVIDADES DE CONSTRUCCION ESPECIALES COMPRENDEN LA PREPARACION Y CONSTRUCCION DE CIERTAS PARTES DE LAS OBRAS ANTES MENCIONADAS Y POR LO GENERAL SE CONCENTRAN EN UN ASPECTO COMUN A DIFERENTES ESTRUCTURAS Y REQUIEREN LA UTILIZACION DE TECNICAS Y EQUIPOS ESPECIALES. SE TRATA DE ACTIVIDADES TALES COMO LA HINCADURA DE PILOTES, LA CIMENTACION, LA PERFORACION DE POZOS DE AGUA, LA ERECCION DE ESTRUCTURAS DE EDIFICIOS, EL HORMIGONADO, LA COLOCACION DE MAMPUESTOS DE LADRILLO Y DE PIEDRA, LA INSTALACION DE ANDAMIOS, LA CONSTRUCCION DE TECHOS, ETC. TAMBIEN SE INCLUYE LA ERECCION DE ESTRUCTURAS DE ACERO, SIEMPRE QUE LOS COMPONENTES DE LA ESTRUCTURA NO SEAN FABRICADOS POR LA UNIDAD CONSTRUCTORA. LAS ACTIVIDADES DE CONSTRUCCION ESPECIALES SE REALIZAN PRINCIPALMENTE MEDIANTE SUBCONTRATOS, EN PARTICULAR EN EL CASO DE LOS TRABAJOS DE REPARACION QUE SE REALIZAN DIRECTAMENTE PARA EL DUEÑO DE LA PROPIEDAD.",False,goods
l10n_cr_ticofac.activity_453001,453001,4322.0,REPARACION DE AIRE ACONDICIONADO,"ESTA CLASE INCLUYE LA REPARACION DE AIRE ACONDICIONADO DE ACUERDO AL OFICIO DGT-87-07 DE LA DIRECCION GENERAL DE TRIBUTACION, ESTA ACTIVIDAD QUEDA AFECTA A VENTAS INDEPENDIENTEMENTE DEL LUGAR DONDE SE PRESTE EL SERVICIO.",False,goods
l10n_cr_ticofac.activity_453002,453002,4329.0,REPARACION DE ASCENSORES(ELEVADORES),"ESTA CLASE INCLUYE LA REPARACION DE ASCENSORES (ELEVADORES). DE ACUERDO AL OFICIO DGT-87-07 DE LA DIRECCION GENERAL DE TRIBUTACION, ESTA ACTIVIDAD QUEDA AFECTA A VENTAS INDEPENDIENTEMENTE DEL LUGAR DONDE SE PRESTE EL SERVICIO.",False,goods
l10n_cr_ticofac.activity_453003,453003,4321.0,VENTA E INSTALACION DE ALARMAS Y OTROS SISTEMAS ELECTRICOS,SE REFIERE A LA INSTALACION Y VENTA DE TODO TIPO DE ALARMAS DE SEGURIDAD Y DE OTROS SISTEMAS ELECTRICOS DE SEGURIDAD.,False,goods
l10n_cr_ticofac.activity_453004,453004,4321.0,REPARACION DE CABLEADO DE COMUNICACIONES,"EN ESTA CLASE SE INCLUYE LA REPARACION DE SISTEMAS DE CABLES PARA REDES DE COMUNICACION COMO COMPUTADORAS (INTERNET), TELEVISION, VIDEO CABLE, ANTENAS, ETC, PARA EDIFICIOS , CASAS DE HABITACION U OTROS TIPO DE LOCALES. DE ACUERDO AL OFICIO DGT-87-07 DE LA DIRECCION GENERAL DE TRIBUTACION, ESTA ACTIVIDAD QUEDA AFECTA A VENTAS INDEPENDIENTEMENTE DEL LUGAR DONDE SE PRESTE EL SERVICIO.",False,goods
l10n_cr_ticofac.activity_453005,453005,4321.0,INSTALACION DE ALARMAS Y OTROS SISTEMAS DE SEGURIDAD,"ESTA CLASE INCLUYE UNICAMENTE EL SERVICIO DE INSTALACION DE ALARMAS Y OTROS SISTEMAS DE SEGURIDAD, TALES COMO ALAMBRE NAVAJA, CIRCUITO CERRADO.",False,goods
l10n_cr_ticofac.activity_453006,453006,4322.0,INSTALACION Y MANTENIMIENTO DE AIRE ACONDICIONADO,ESTA CLASE INCLUYE LA INSTALACION Y MANTENIMIENTO DE EQUIPOS DE AIRE ACONDICIONADO,False,goods
l10n_cr_ticofac.activity_453007,453007,4329.0,INSTALACION Y MANTENIMIENTO DE ASCENSORES (ELEVADORES),ESTA CLASE INCLUYE LA INSTALACION Y MANTENIMIENTO DE ASCENSORES (ELEVADORES),False,goods
l10n_cr_ticofac.activity_453008,453008,4321.0,INSTALACION Y MANTENIMIENTO DE CABLEADO DE COMUNICACIONES Y/O ENERGIA ELECTRICA,ESTA CLASE INCLUYE LA INSTALACION Y MANTENIMIENTO DE CABLEADO DE COMUNICACIONES Y ENERGIA ELECTRICA.,False,goods
l10n_cr_ticofac.activity_453009,453009,3314.0,REPARACION DE PORTONES ELECTRICOS,ESTA CLASE INCLUYE EL SERVICIO DE REPARACION Y MANTENIMIENTO DE PORTONES ELECTRICOS Y SUS COMPONENTES.,False,goods
l10n_cr_ticofac.activity_453010,453010,4329.0,INSTALACION Y MANTENIMIENTO DE PORTONES ELECTRICOS,ESTA CLASE INCLUYE EL SERVICIO DE INSTALACION Y MANTENIMIENTO DE PORTONES ELECTRICOS.,False,goods
l10n_cr_ticofac.activity_453011,453011,4321.0,INSTALACION Y MANTENIMIENTO DE CONMUTADORES Y OTROS SISTEMAS PARA TELECOMUNICACIONES,"EN ESTA CLASE SE INCLUYE EL SERVICIO DE INSTALACION Y MANTENIMIENTO DE CONMUTADORES O CENTRALES TELEFONICAS, ASI COMO OTROS SISTEMAS PARA TELECOMUNICACIONES TALES COMO SERVIDORES PARA TELEFONIA INALAMBRICA O INTERNET.",False,goods
l10n_cr_ticofac.activity_454001,454001,4330.0,SERVICIOS DE TERMINACION Y ACABADO DE EDIFICIOS,"ESTA CLASE COMPRENDE LAS ACTIVIDADES DE APLICACION DE YESO Y ESTUCO PARA INTERIORES Y EXTERIORES, CON LOS MATERIALES DE ENLISTONAR CORRESPONDIENTES, INSTALACION DE PUERTAS (EXCEPTO PUERTAS AUTOMATICAS Y GIRATORIAS), VENTANAS Y MARCOS DE PUERTAS Y VENTANAS DE MADERA O DE OTROS MATERIALES, INSTALACION DE MUEBLES DE COCINA A MEDIDA, ESCALERAS, MOBILIARIO PARA TIENDAS Y SIMILARES, INSTALACION DE MOBILIARIO, ACABADO DE INTERIORES, COMO TECHOS, REVESTIMIENTOS DE MADERA PARA PAREDES, TABIQUES MOVIBLES, COLOCACION BALDOSAS, LOSAS Y LOSETAS DE CERAMICA, HORMIGON O PIEDRA TALLADA PARA PAREDES Y PISOS, ACCESORIOS DE CERAMICA PARA COCINAS PARQUE Y OTROS REVESTIMIENTOS DE MADERA PARA PISOS ALFOMBRAS Y CUBRIMIENTOS DE LINOLEO PARA PISOS, INCLUIDOS LOS DE CAUCHO O PLASTICO, REVESTIMIENTO PARA SUELOS O PAREDES DE TERRAZO, MARMOL, GRANITO O PIZARRA PAPEL DE EMPAPELAR, PINTURA INTERIOR Y EXTERIOR DE EDIFICIOS, PINTURA DE OBRAS DE INGENIERIA CIVIL, INSTALACION DE VIDRIOS, ESPEJOS.",False,goods
l10n_cr_ticofac.activity_455001,455001,4390.0,ALQUILER DE EQUIPO DE CONSTRUCCION O DEMOLICION CON OPERADORES,"EN ESTA CLASE SE INCLUYE EL ALQUILER DE MAQUINARIA Y EQUIPO DE CONSTRUCCION YDEMOLICION, TALES COMO: CAMIONES, GRUAS, MEZCLADORAS DE MATERIALES DE CONSTRUC-CION, PULIDORAS DE PISOS, ASI COMO CUALQUIER OTRA MAQUINARIA Y EQUIPO RELACIONADA CON LA RAMA DE LA CONSTRUCCION INCLUYENDO LOS OPERARIOS.",False,goods
l10n_cr_ticofac.activity_501001,501001,4510.0,VENTA AL POR MAYOR Y MENOR DE VEHICULOS NUEVOS Y/O USADOS,"ESTA CLASE INCLUYE LA VENTA AL POR MAYOR Y AL POR MENOR DE VEHICULOS AUTOMOTORES DE PASAJEROS, VEHICULOS ESPECIALES (AMBULANCIAS, CASAS RODANTES, MICROBUSES, ETC.), VEHICULOS PARA TODO TERRENO (JEEPS, LAND ROVERS, ETC.) Y OTROS VEHICULOS AUTOMOTORES DE PASAJEROS CON MECANISMOS DE CONDUCCION SIMILARES A LOS DE LOS AUTOMOVILES, ASI COMO LA VENTA DE CAMIONES, REMOLQUES Y SEMIRREMOLQUES, PARA LAS CUALES SEGUN EL DECRETO N 32458-H PUBLICADO EN LA GACETA N 131 DEL 07 DE JULIO DEL 2005, EL IMPUESTO SOBRE LAS VENTAS EN LA IMPORTACION Y COMERCIALIZACON SE FIJA A NIVEL DE ADUANAS.",False,goods
l10n_cr_ticofac.activity_502001,502001,4520.0,"LAVADO, ENCERADO Y PULIDO DE AUTOMOVILES (LAVA CAR)","ESTA CLASE INCLUYE EL SERVICIO QUE SE PRESTA EN EL LAVADO,ENCERADO (LUSTRADO), PULIDO Y DEMAS SERVICIOS DE LIMPIEZA",False,goods
l10n_cr_ticofac.activity_502002,502002,4520.0,SERVICIOS DE ALINEAMIENTO Y REPARACION DE LLANTAS,"ESTA CLASE INCLUYE UNICAMENTE EL SERVICIO DE ALINEAMIENTO, TRAMADO Y REPARACION DE LLANTAS",False,goods
l10n_cr_ticofac.activity_502003,502003,4520.0,SERVICIO DE REPARACION DE TODA CLASE DE VEHICULOS Y SUS PARTES,"ESTA CLASE ABARCA EL MANTENIMIENTO Y REPARACION DE VEHICULOS AUTOMOTORES INDEPENDIENTEMENTE DEL LUGAR DONDE SE PRESTE EL SERVICIO YA SEA EN UN TALLER O A DOMICILIO. ASIMISMO, COMPRENDE LA REPARACION DE TODAS LAS PARTES Y PIEZAS QUE LO COMPONEN COMO SU MOTOR, SISTEMA ELECTRICO, ESCAPE (MUFLA), FRENOS, BOMBAS, ETC. ESTESERVICIO SE ENCUENTRA AFECTO AL IMPUESTO SOBRE LAS VENTAS SEGUN EL ARTICULO 1 INCISO D) DE LA LEY. (EL SERVICIO DE ENDEREZADO Y PINTURA SE INCLUYE EN EL CODIGO 502004)",False,goods
l10n_cr_ticofac.activity_502004,502004,4520.0,SERVICIO DE ENDEREZADO Y PINTURA PARA TODA CLASE DE VEHICULO,"EN ESTA CLASE SE INCLUYE EL MANTENIMIENTO Y LA REPARACION DE TODA CLASE DE VEHICULOS AUTOMOTORES, TAL COMO: SERVICIO DE ENDEREZADO Y PINTURA (AUTOMOVILES, CAMIONES, MOTOCICLETAS, BUSES Y MICROBUSES, VEHICULOS TO DO TERRENO TIPO JEEP, ETC.)",False,goods
l10n_cr_ticofac.activity_502007,502007,4520.0,AUTODECORACION,"EN ESTA CLASE SE INCLUYE LA DECORACION DE AUTOS, ASI COMO LA INSTALACION DE RADIOS, ALARMAS, LUCES ESPECIALES (HALOGENOS), MATABURROS, ESTRIBOS, HILERAS, ETC",False,goods
l10n_cr_ticofac.activity_502008,502008,7120.0,SERVICIO DE REVISION TECNICA VEHICULAR (DIAGNOSTICOS POR ESCANNER),"ESTA CLASE INCLUYE LA REVISION TECNICA VEHICULAR EJECUTADA POR RITEVE. INCLUYE A DEMAS CUALQUIER TIPO DE DIAGNOSTICO EFECTUADO POR ESCANER, PARA TODO TIPO DE AUTOMOVILES, MOTOCICLETAS,Y MAQUINARIA PESADA ENTRE OTROS.",False,goods
l10n_cr_ticofac.activity_503002,503002,4774.0,VENTA DE REPUESTOS USADOS PARA AUTOMOVILES,"EN ESTA CLASE SE INCLUYE LA VENTA DE REPUESTOS, PARTES, PIEZAS Y ACCESORIOS DE AUTOMOVILES USADOS.",False,goods
l10n_cr_ticofac.activity_503004,503004,4530.0,VENTA DE REPUESTOS NUEVOS PARA AUTOMOVILES,"EN ESTA CLASE SE INCLUYE LA VENTA DE REPUESTOS NUEVOS, PARTES, PIEZAS Y ACCESORIOS PARA AUTOMOVILES.",False,goods
l10n_cr_ticofac.activity_503005,503005,4530.0,COMERCIALIZACION DE LLANTAS (NEUMATICAS) PARA VEHICULOS AUTOMOTORES,"EN ESTA CLASE SE INCLUYE VENTA AL POR MAYOR Y DETALLE DE LLANTAS-NEUMATICAS NUEVAS DE CAUCHO, BANDAJES (LLANTAS MACIZAS O HUECAS), BANDAS DE RODADURA INTERCAMBIABLES PARA NEUMATICOS, ETC. PARA VEHICULOS AUTOMOTORES REALIZADA INDEPENDIENTEMENTE DE LA VENTA DE LOS PROPIOS VEHICULOS.",False,goods
l10n_cr_ticofac.activity_503006,503006,4669.9,ACTIVIDADES DE DESARME DE VEHICULOS Y VENTA DE REPUESTOS,"INCLUYE A LAS PERSONAS FISICAS QUE SE DEDICAN A DESARROLLAR EL SERVICIO DE DESARME DE VEHICULOS, ASI COMO LA VENTA DE LOS REPUESTOS.",False,goods
l10n_cr_ticofac.activity_504001,504001,4540.0,VENTA DE MOTOCICLETAS,"EN ESTA CLASE SE INCLUYE LA VENTA YA SEA AL POR MAYOR O AL POR MENOR, DE MOTOCICLETAS TANTO NUEVAS COMO USADAS, PARA LAS CUALES SEGUN EL DECRETO N 32458-H PUBLICADO EN LA GACETA N 131 DEL 07 DE JULIO DEL 2005, EL IMPUESTO SOBRE LAS VENTAS EN LA IMPORTACION Y COMERCIALIZACON SE FIJA A NIVEL DE ADUANAS.",False,goods
l10n_cr_ticofac.activity_504003,504003,4540.0,VENTA DE PARTES O ACCESORIOS DE MOTOCICLETAS,"EN ESTA CLASE SE INCLUYE LA VENTA AL POR MENOR Y AL POR MENOR DE PARTES, ARTICULOS Y ACCESORIOS PARA MOTOCICLETAS.",False,goods
l10n_cr_ticofac.activity_504004,504004,4540.0,SERVICIO DE REPARACION DE TODA CLASE DE MOTOCICLETAS Y SUS PARTES,EN ESTA CLASE SE INCLUYE EL SERVICIO DE REPARACION DE TODA CLASE DE MOTOCICLETAS DE FORMA EXCLUSIVA. SI EL SERVICIO INCLUYE LA REPARACION DE OTRO TIPO DE VEHICULOS SE INCLUYE EN EL CODIGO 502003.,False,goods
l10n_cr_ticofac.activity_505001,505001,4730.0,VENTA DE COMBUSTIBLES (CONOCIDAS COMO GASOLINERAS O BOMBAS),"ESTA CLASE INCLUYE LA VENTA AL POR MENOR DE COMBUSTIBLES EN ESTACION DE SERVICIO CON PUNTO FIJO. SI ADEMAS VENDE ACEITES Y LUBRICANTES, SE DEBE INCLUIR UNA ACTIVIDAD SECUNDARIA CON EL CODIGO 505002.",False,goods
l10n_cr_ticofac.activity_505002,505002,4730.0,"VENTA DE LUBRICANTES, ACEITES, GRASAS Y PRODUCTOS DE LIMPIEZA PARA AUTOMOTORES","ESTA CLASE INCLUYE LA VENTA DE LUBRICANTES, ACEITES, GRASAS, REFRIGERANTES, PRODUCTOS DE LIMPIEZA, ETC. PARA TODO TIPO DE VEHICULOS AUTOMOTORES TANTO AL POR MAYOR COMO AL POR MENOR.",False,goods
l10n_cr_ticofac.activity_505003,505003,4730.0,COMERCIO DE COMBUSTIBLE SIN PUNTO FIJO (PEDDLER),"ESTA CLASE INCLUYE LA VENTA DE COMBUSTIBLES SIN PUNTO FIJO BRINDADA POR DISTRIBUIDORES QUE BAJO SU PROPIA CUENTA Y RIESGO, COMERCIALIZAN COMBUSTIBLES MEDIANTE EL USO DE VEHICULOS ACONDICIONADOS PARA ELLO. ESTOS DISTRIBUIDORES SON CONOCIDOS COMO PEDDLERS.",False,goods
l10n_cr_ticofac.activity_511001,511001,4610.0,"COMISIONISTAS, AGENTES DE VENTAS, ORGANIZADORES DE SUBASTAS,TIQUETERAS, ETC.","EN ESTA CLASE SE INCLUYEN LAS ACTIVIDADES DE COMISIONISTAS, AGENTES DE VENTAS, ORGANIZADORES DE SUBASTAS DE CUALQUIER TIPO, TIQUETERAS Y OTROS MAYORISTAS QUE COMERCIAN EN NOMBRE Y POR CUENTA DE TERCEROS PRODUCTOS, goods O SERVICIOS Y QUE, POR LO GENERAL, PONEN EN CONTACTO A VENDEDORES Y COMPRADORES Y REALIZAN TRANSACCIONES COMERCIALES EN NOMBRE DE UN PRINCIPAL. SE EXCLUYE LA INTERMEDIACION EN goods INMUBLES PARA ESTA ACTIVIDAD VER EL CODIGO 702001.",False,goods
l10n_cr_ticofac.activity_512102,512102,4620.0,VENTA AL POR MAYOR DE FLORES Y PLANTAS DE TODO TIPO,EN ESTA CLASE SE INCLUYE LA VENTA AL POR MAYOR DE FLORES Y PLANTAS EN BRUTO. SUJETAS A VENTAS EN CONCORDANCIA CON EL ARTICULO 4 DE LA LEY DEL IMPUESTO GENERALSOBRE LAS VENTAS Y SUS REFORMAS Y EL ARTICULO 5 DE SU REGLAMENTO. ADEMAS DEL DECRETO EJECUTIVO 37132-H DEL 17/5/2012.,False,goods
l10n_cr_ticofac.activity_512201,512201,4630.9,"COMERCIO AL POR MAYOR DE ALIMENTOS, GRANOS BASICOS, CARNES Y DEMAS COMESTIBLES Y ARTICULOS DE LA CANASTA BASICA","SE INCLUYE EL COMERCIO AL POR MAYOR DE AQUELLOS PRODUCTOS CONTEMPL ADOS EN EL ARTICULO 5 INCISO 1) Y SUBINCISO I DEL REGLAMENTO DE LA LEY DEL IMPUESTO SOBRE LAS VENTAS COMPONENTES DE LA CANASTA BASICA ALIMENTARIA CUANDO NO EXISTA UN CODIGO ESPECIFICO - REVISAR LOS DEMAS CODIGOS DE ESTA CATEGORIA BAJO ESTE CODIGO SE DEBEN CONSIDERAR: PRODUCTOS DE PANADERIA, GRANOS BASICOS, PASTAS SIN RELLENO, CARNES FRESCAS NO PREPARADAS Y EMBUTIDOS NO ENLATADOS O ENVASADAS, HUEVOS DE GALLINA, ACEITES Y GRASAS, SAL Y AZUCAR, MIELES NATURALES Y DEMAS ARTICULOS DE CUIDADDO PERSONAL: TALES COMO: PAÑALES, TOALLAS SANITARIAS, CIERTOS JABONES, PAPEL HIGIENICO, DENTRIFICOS(PASTAS DENTALES), CEPILLOS DENTALES, EN-TRE OTROS.",False,goods
l10n_cr_ticofac.activity_512202,512202,4630.3,"VENTA AL POR MAYOR DE FRUTAS, VERDURAS FRESCAS Y LEGUMBRES Y HORTALIZAS EXENTA DE VENTAS","ESTA CLASE INCLUYE EL COMERCIO AL POR MAYOR DE FRUTAS TALES COMO AGUACATE, ANONA, CAIMITO, CARAMBOLA, CAS, GUANABANA, GUAYABA, LIMON DE TODO TIPO, MANZANA (SOLO DE AGUA Y ROSA), SANDIA, TAMARINDO, ETC. SE INCLUYE LA VENTA AL POR MAYOR DE LEGUMBRES Y HORTALIZAS. ADEMAS SE INCLUYE LA COMERCIALIZACION AL POR MAYOR DE RAICES DE PLANTAS Y VEGETALES Y TODO TIPO DE TUBERCULOS TODOS INCLUIDOS EN INCLUIDOS EN LA NUEVA CANASTA BASICA (DECRETO NO. 37132-H). EL CULTIVO DE FRUTAS SE INCLUYE EN EL CODIGO 011302. Y EL CULTIVO DE LEGUMBRES SE INCLUYE EN EL CODIGO 011201",False,goods
l10n_cr_ticofac.activity_512204,512204,4630.9,COMERCIO AL POR MAYOR DE PRODUCTOS LACTEOS,EN ESTA CLASE SE INCLUYE EL COMERCIO AL POR MAYOR DE PRODUCTOS LACTEOS,False,goods
l10n_cr_ticofac.activity_512208,512208,4630.9,COMERCIO AL POR MAYOR DE PRODUCTOS DE CONFITERIA,"VENTA AL POR MAYOR DE CONFITES, CARAMELOS, CHOCOLATES, MELCOCHAS, ETC.",False,goods
l10n_cr_ticofac.activity_512209,512209,4630.4,COMERCIO AL POR MAYOR DE PRODUCTOS DE TABACO,"ESTA CLASE INCLUYE LA COMERCIALIZACION (DISTRIBUCION - VENTA) DE PRODUCTOS DEL TABACO(CIGARROS, CIGARRIILLOS, PUROS), INCLUYE TAMBIEN LA COMERCIALIZACION DE FOSFOROS LOS CUALES ESTAN EXENTOS EN VENTAS.",False,goods
l10n_cr_ticofac.activity_512210,512210,4630.4,COMERCIO AL POR MAYOR DE BEBIDAS CON CONTENIDO ALCOHOLICO (IMPORTADORES),"VENTA AL POR MAYOR DE LICOR Y SUS DERIVADOS, SUJETOS AL IMPUESTO GENERAL SOBRE LAS VENTAS A LOS NIVELES DE FABRICA, MAYORISTA Y ADUANA. RESOLUCION V-399- DG PUBLICADA EN LA GACETA 11 DEL 16/1/1984.",False,goods
l10n_cr_ticofac.activity_512211,512211,4630.9,COMERCIO AL POR MAYOR DE OTROS ALIMENTOS N.C.P. GRABADOS CON VENTAS,"EN ESTA CLASE SE INCLUYE LA VENTA AL POR MAYOR DE OTROS ALIMENTOS NO INCLUIDOS EN LA CANASTA BASICA ALIMENTARIA DEL ARTICULO 5 DEL REGLAMENTO DE LA LEY DEL IMPUESTO SOBRE LAS VENTAS, TALES COMO: PASTAS RELLENAS, CARNES SAZONADAS Y PREPARADAS, EMBUTIDOS ENVASADOS O ENLATADOS, PESCADOS Y ATUNES ENVASADOS O ENLATADOS, ACEITES DE MANI Y OLIVA, ENTRE OTROS.",False,goods
l10n_cr_ticofac.activity_512213,512213,4630.4,COMERCIO AL POR MAYOR DE BEBIDAS GASEOSAS Y CARBONATADAS,"EN ESTA CLASE SE INCLUYE LA COMERCIALIZACION DE BEBIDAS ENVASADAS SIN CONTENIDOALCOHOLICO, ES DECIR FEFRESCOS GASEOSOS Y BEBIDAS CARBONATADAS. LA RECAUDACION DEL IMPUESTO SOBRE LAS VENTAS PARA ESTE TIPO DE MERCANCIA ESTA ESTABLECIDA A NIVEL DE FABRICA, SEGUN RESOLUCION 12-96 DEL 08 DE AGOSTO DE 1996.",False,goods
l10n_cr_ticofac.activity_512214,512214,4630.9,"VENTA AL POR MAYOR DE CAFE (EXCEPTO EL ENVASADO, ENLATADO, SOLUBLE, DESCAFEINADO)","ESTA CLASE INCLUYE LA VENTA AL POR MAYOR DE CAFE CON EXCEPCION DE AQUEL QUE SE COMERCIALIZA ENVASADO O ENLATADO, ASI COMO EL QUE TIENE PRESENTACIONES COMO SOLUBLE, DESCAFEINADO O SABORIZADO, ENTRE OTROS.",False,goods
l10n_cr_ticofac.activity_512217,512217,4630.4,COMERCIO AL POR MAYOR DE VINOS. BEBIDAS FERMENTADAS Y NO FERMENTADAS,"ESTA CLASE INCLUYE EL COMERCIO AL POR MAYOR DE VINOS, INCLUSO VINOS ESPUMANTES Y ADEREZADOS. SE INCLUYEN LOS VINOS REFORZADOS, DE MARSALA Y JEREZ.OTRAS BEBIDAS ALCOHOLICAS NO FERMENTADAS COMO PERADA, SIDRA, AGUAMIEL Y AKE. Y BEBIDAS FERMENTADAS COMO LA CERVEZA,CHAMPAN, CAVA, ETC.",False,goods
l10n_cr_ticofac.activity_512225,512225,4630.4,"COMERCIO AL POR MAYOR DE BEBIDAS NO ALCOHOLICAS (JUGOS DEFRUTAS, VEGETALES) Y AGUA EMBOTELLADA","COMPRENDE LA VENTA Y DISTRIBUCION DE BEBIDAS SIN CONTENIDO ALCOHOLICO,BEBIDAS ADEREZADAS CON JUGOS DE FRUTAS, JARABES (CONCENTRADOS) Y OTRAS SUSTANCIAS, ASI COMO SE INCLUYE LA VENTA AL POR MAYOR DE AGUA EMBOTELLADA",False,goods
l10n_cr_ticofac.activity_512232,512232,4630.9,COMERCIO AL POR MAYOR DE PRODUCTOS SUSTITUTOS DEL AZUCAR,"EN ESTA CLASE SE INCLUYE LA VENTA DE PRODUCTOS SUSTITUTOS DEL AZUCAR COMO CRISTALOSA, SPLENDA, NO SUCAR, ECT.",False,goods
l10n_cr_ticofac.activity_512233,512233,4630.9,COMERCIO AL POR MAYOR DE CARNES DE TODO TIPO (PREPARADAS SAZONADAS CONDIMENTADAS EMPANIZADAS),"SE INCLUYE EN ESTA ACTIVIDAD TODAS LAS CARNES ROJAS Y BLANCAS PREPARADAS, CONDIMENTADAS, EMPANIZADAS, AHUMADAS, ETC. AFECTAS A VENTAS DE ACUERDO AL ARTICULO5 DEL REGLAMENTO DE LA LEY GENERAL SOBRE LAS VENTAS.",False,goods
l10n_cr_ticofac.activity_512234,512234,4630.4,COMERCIO AL POR MAYOR DE CERVEZA IMPORTADA,"EN ESTA CLASE DE INCLUYE LA VENTA DE CUALQUIER TIPO DE CERVEZA QUE NO HAYA SIDO FABRICADA EN COSTA RICA. EL DECRETO 28287-H. DEL 08-12-1999, ESTABLECE LA OBLIGACION DE INSCRIBIRSE PARA LOS IMPORTADORES DE CERVEZA Y LOS DISTRIBUIDORES MAYORISTAS DE ESTE PRODUCTO EN PARTICULAR.",False,goods
l10n_cr_ticofac.activity_512235,512235,4630.3,VENTA AL POR MAYOR DE LEGUMBRES Y HORTALIZAS GRABADOS EN VENTAS,"EN ESTA CLASE SE INCLUYE LA VENTA DE LEGUMBRES Y HORTALIZAS GRAVADAS TALES COMO:ALCACHOFA, BERENJENA, BERROS, ENTRE OTROS, Y LAS QUE SE ENCUENTREN ENVASADAS,ENLATADAS O EMPACADAS EN PLASTICO SELLADO EXCEPTO: ARVEJAS, CUBASES, FRIJOLES BLANCOS Y BAYOS, FRIJOLES NEGROS, ROJOS, TIERNOS O NACIDOS, GARBANZOS , HABAS SECAS Y LENTEJAS.",False,goods
l10n_cr_ticofac.activity_512237,512237,4630.9,COMERCIO AL POR MAYOR DE ALIMENTOS Y PRODUCTOS N.C.P. EXCENTOS DE VENTAS,"EN ESTA CLASE SE INCLUYE LA VENTA DE CUALQUIER PRODUCTO, ALIMENTO Y ARTICULO NO CONTEMPLADO DENTRO DE LA SECCION DE VENTA AL POR MAYOR DE OTROS PRODUCTOS. NO ESTAN SUJETOS AL IMPUESTO SOBRES LAS VENTAS DE ACUERDO AL ART. 5 DE LA LEY DEL IMPUESTO GENERAL SOBRE LAS VENTAS",False,goods
l10n_cr_ticofac.activity_513101,513101,4641.1,"VENTA AL POR MAYOR DE CALZADO, PRODUCTOS TEXTILES; PRENDASDE VESTIR;","EN ESTA CLASE SE INCLUYE LA VENTA AL POR MAYOR DE PRODUCTOS TEXTILES. (TELAS DE TODA CLASE), ASI COMO LA VENTA AL POR MAYOR DE TODO TIPO DE CALZADO.",False,goods
l10n_cr_ticofac.activity_513501,513501,4649.9,VENTA AL POR MAYOR DE PREPARADOS Y/O ARTICULOS PARA LA LIMPIEZA DE USO GENERAL,"ESTA CLASE INCLUYE LA VENTA AL POR MAYOR DE DETERGENTES, CHAMPUES, LIMPIADORES,DESINFECTANTES, JABONES, CERAS, ETC; ASI COMO TOALLAS SANITARIAS, PALOS DE PISO O GANCHOS DE LIMPIEZA, ESCOBAS, MECHAS (TRAPOS DE LIMPIEZA), ETC",False,goods
l10n_cr_ticofac.activity_513601,513601,4659.0,VENTA AL POR MAYOR EQUIPO MEDICO ACCESORIOS MEDICAMENTOS PRODUC FARMACEUTICO EXENTOS DE VENTAS,"EN ESTA CLASE SE INCLUYE LA VENTA Y DISTRIBUCION DE TODA CLASE DE EQUIPOS MEDICOS E INSTRUMENTOS MEDICO-QUIRURGICOS, REQUIRIDOS POR LA CAJA COSTARRICENSE DE SEGURO SOCIAL PARA LA PRESTACION DE SUS SERVICIOS. ESTE EQUIPO E INSTRUMENTOS SE ENCUENTRAN EXENTOS DEL IMPUESTO SOBRE LAS VENTAS SEGUN EL ART.5 DE DICHO REGLAMENTO Y MEDICAMENTOS Y PRODUCTOS FARMACEUTICOS.",False,goods
l10n_cr_ticofac.activity_513602,513602,4649.2,COMERCIO AL POR MAYOR DE PRODUCTOS DE VETERINARIA,ESTA CLASE INCLUYE LA COMERCIALIZACION DE PRODUCTOS MEDICOS VETERINARIOS,False,goods
l10n_cr_ticofac.activity_513604,513604,4659.0,VENTA AL POR MAYOR EQUIPO MEDICO ACCESORIO MEDICAMENTO PRODUC FARMACEUTICO GRABADOS CON VENTAS,"EN ESTA CLASE SE INCLUYE LA VENTA Y DISTRIBUCION DE TODO TIPO DE ARTICULOS Y EQUIPO MEDICO GRAVADOS CON EL IMPUESTO SOBRE LAS VENTAS, A HOSPITALES, CLINICAS, MEDICOS Y OTROS.",False,goods
l10n_cr_ticofac.activity_513710,513710,4649.9,VENTA AL POR MAYOR DE LIBROS Y TEXTOS EDUCATIVOS,"ESTA CLASE INCLUYE LA VENTA AL POR MAYOR DE LIBROS DE TEXTO, DICCIONARIOS, ENCICLOPEDIAS, TEXTOS DE PRIMARIA, SECUNDARIA, PARAUNIVERSITARIA, LIBROS UNIVERSITARIOS Y SIMILARES.",False,goods
l10n_cr_ticofac.activity_513901,513901,4763.0,VENTA AL POR MENOR DE ARTICULOS DEPORTIVOS,EN ESTA CLASE SE INCLUYE LA VENTA DE ARTICULOS DEPORTIVOS A LOS CONSUMIDORES FINALES.,False,goods
l10n_cr_ticofac.activity_513904,513904,4649.9,VENTA AL POR MAYOR DE SUMINISTROS Y ARTICULOS DE LIBRERIA,EN ESTA CLASE SE INCLUYE LA VENTA AL POR MAYOR DE TODO TIPO DE SUMINISTROS DE LIBRERIA Y ARTICULOS RELACIONADOS.,False,goods
l10n_cr_ticofac.activity_513906,513906,4649.1,"VENTA AL POR MAYOR DE ARTICULOS, ARTEFACTOS, DISCOS Y MUEBLES PARA EL HOGAR","ESTA CLASE ABARCA LA VENTA AL POR MAYOR DE APARATOS, ARTICULOS Y EQUIPO DE USO DOMESTICO (POR EJEMPLO, MUEBLES, ARTEFACTOS, CUBIERTOS, ARTICULOS DE ILUMINACION, APARATOS DE RADIO Y TELEVISION, CRISTALERIA, UTENSILIOS DE MADERA, PAPEL TAPIZ PARA PAREDES Y ARTICULOS PARA RECUBRIR PISOS, ETC.); PRODUCTOS FARMACEUTICOS Y MEDICINALES, INSTRUMENTOS Y DISPOSITIVOS QUIRURGICOS Y ORTOPEDICOS, ARTICULOS DE PERFUMERIA, COSMETICOS Y JABONES; Y PRODUCTOS DIVERSOS PARA EL CONSUMIDOR (POR EJEMPLO, PAPEL Y CARTON, LIBROS, REVISTAS, PERIODICOS Y UTILES DE ESCRITORIO, ARTICULOS FOTOGRAFICOS Y OPTICOS, JUEGOS Y JUGUETES, RELOJES Y ARTICULOS DE JOYERIA, ARTICULOS DEPORTIVOS (INCLUSO BICICLETAS), ARTICULOS DE CUERO Y ACCESORIOS DE VIAJE. INCLUYE LA VENTA AL POR MAYOR DE DISCOS COMPACTOS, DISCOS DE REPRODUCCION FONOGRAFICA, PARA HACER QUE LA AUDICION SEA DE LARGA DURACION.",False,goods
l10n_cr_ticofac.activity_513907,513907,4649.9,VENTA AL POR MAYOR DE DISCOS COMPACTOS Y OTROS DISPOSITIVOSDE GRABACION,"EN ESTA CLASE SE INCLUYE LA VENTA AL POR MAYOR DE DISCOS COMPACTOS, DISCOS DE REPRODUCCION FONOGRAFICA PARA HACER QUE LA AUDICION SEA DE LARGA DURACION.INCLUYE OTROS DISPOSITIVOS DE GRABACION. VIAJE.",False,goods
l10n_cr_ticofac.activity_513910,513910,4690.0,VENTA AL POR MAYOR DE TODO TIPO DE ARTICULOS POR CATALOGO,"ESTA CLASE INCLUYE LAS VENTAS AL POR MAYOR (MAYORISTAS) DE PRODUCTOS QUE OPERAN BAJO LA MODALIDAD DE VENTAS DIRECTAS, POR CATALOGO, PIRAMIDALES, MULTINIVEL Y SIMILARES. AFECTAS AL IMPUESTO GENERAL SOBRE LAS VENTAS DE ACUERDO A LA RESOLUCION DGT-R-047-2014.",False,goods
l10n_cr_ticofac.activity_514101,514101,4661.0,VENTA AL POR MAYOR DE COMBUSTIBLES SOLIDOS (LEÑA Y SIMILARES),"EN ESTA CLASE SE INCLUYE LA VENTA AL POR MAYOR DE COMBUSTIBLES SOLIDOS TALES COMO: LEÑA, TURBA, LIGNITO, ANTRACITA, ENTRE OTROS. LA VENTA DEL CARBON SE ENCUENTRA CONTEMPLADA EN LA ACT 514103, AFECTA AL IMPUESTO DE VENTAS.",False,goods
l10n_cr_ticofac.activity_514103,514103,4661.0,VENTA AL POR MAYOR DE COMBUSTIBLES SOLIDOS (CARBON),"ESTA ACTIVIDAD INCLUYE UNICAMETE LA VENTA AL POR MAYOR DE CARBON, AFECTA AL IMPUESTO DE VENTAS, SEGUN OFICIO DE LA DGT NO. 1232 DE FECHA 18/08/98.",False,goods
l10n_cr_ticofac.activity_514201,514201,4662.0,VENTA AL POR MAYOR DE METALES Y MINERALES METALIFEROS,"ESTA CLASE INCLUYE LA VENTA AL POR MAYOR DE MINERALES METALIFEROS Y DE METALES EN FORMAS PRIMARIAS ES DECIR, EN SU ESTADO NATURAL DE EXTRACCION, SIN QUE HAYA PASADO POR NINGUN PROCESAMIENTO INDUSTRIAL.",False,goods
l10n_cr_ticofac.activity_514304,514304,4663.0,"VENTA AL POR MAYOR DE EQUIPO DE AIRE ACONDICIONADO Y CALENTADORES (ELECTRICOS, SOLARES, ETC.)",ESTA CLASE INCLUYE UNICAMENTE LA VENTA DE EQUIPO DE AIRE ACONDICIONADO Y TODO TIPO DE CALENTADORES. LA INSTALACION Y MANTENIMIENTO DE ESTOS EQUIPOS SE INCLUYE EN EL CODIGO 453006.,False,goods
l10n_cr_ticofac.activity_514308,514308,4663.0,"VENTA AL POR MAYOR DE MATERIALES PARA LA CONTRUCCION, ARTICULOS DE FERRETERIA, EQUIPO Y MATERIALES DE FONTANERIA Y CALEFACCION","ESTA CLASE INCLUYE LA VENTA AL POR MAYOR DE MADERA NO TRABAJADA Y PRODUCTOS RESULTANTES DE LA ELABORACION PRIMARIA DE LA MADERA, ASI COMO LA VENTA DE PINTURAS, LACAS, BARNICES, MATERIALES DE CONTRUCCION, PIEZAS Y ACCESORIOS Y VIDRIOS PLANOS.",False,goods
l10n_cr_ticofac.activity_514701,514701,4669.9,"VENTA AL POR MAYOR DE PRODUCTOS,SUSTANCIAS O REACTIVOS QUIMICOS Y SOLVENTES EN GENERAL","ESTA CLASE INCLUYE LA VENTA AL POR MAYOR DE GASES INDUSTRIALES, INCLUSO GASES ELEMENTALES; AIRE LIQUIDO Y AIRE COMPRIMIDO, ACETILENO, GASES REFRIGERANTES, MEZCLAS DE GASES INDUSTRIALES, OXIGENO, ETC. ASIMISMO, SUSTANCIAS QUIMICAS COMO HIDROCARBUROS, BENCENO, TOLUENO, XILENO Y OTROS PRODUCTOS DE LA DESTILACION DE ALQUITRAN DE HULLA Y ACEITE MINERAL, METANOL Y ALCOHOLES SUPERIORES EXCEPTO ALCOHOL ETILICO; CETONAS Y QUINONAS INCLUSO ACIDO ACITICO, MATERIAS COLORANTES DE ORIGEN ANIMAL Y VEGETAL, COLORANTES ORGANINCOS SINTETICOS, MATERIALES VOLATILES DE LA DESTILACION DE LA MADERA, TINTES SINTETICOS, LEJIA, CLORO, RESINA, ETC. LO ANTERIOR, TANTO PARA USO INDUSTRIAL COMO PARA USO DOMESTICO. ASI COMO REACTIVOS QUIMICOS EN GENERAL Y OTROS SOLVENTES INDUSTRIALES.",False,goods
l10n_cr_ticofac.activity_514901,514901,4669.9,VENTA AL POR MAYOR Y AL POR MENOR DE CHATARRA,EN ESTA CLASE SE INCLUYE LA VENTA AL POR MAYOR Y AL POR MENOR DE CHATARRA DE METAL Y CAUCHO. (OFICIO SDRC-071/07).,False,goods
l10n_cr_ticofac.activity_514903,514903,4669.1,VENTA AL POR MAYOR DE PRODUCTOS PARA USO AGROPECUARIO Y VENTA DESECHOS ORGANICOS E INORGANICOS,"ESTA CLASE INCLUYE LA VENTA AL POR MAYOR DE FERTILIZANTES, NEMATICIDAS, FUNGICIDAS, PLAGUICIDAS, ABONOS, HERBICIDAS, INSECTICIDAS, ETC. ADEMAS INCLUYE LA VENTA DE DESECHOS DE FRUTAS, LEGUMBRES, HORTALIZAS, VERDURAS Y CARNES (HUESO, PELLEJO), ENTIENDASE COMO DESECHOS ORGANICOS (PIEDRA POMEZ, CARBON,ETC), DESECHOS DE LEGUMINOSAS (LENTEJAS, SOYA, FRIJOLES, GARBANZOS, ETC) ASI COMO DE CEREALES (ARROZ, MAIZ, TRIGO, CEBADA, CENTENO, SORGO, AVENA, ETC). ASIMISMO SE INCLUYE LA VENTA DE DESECHOS INORGANICOS TALES COMO PLASTICOS, TELAS SINTETICAS, ACEITES Y GRASAS, LOS CUALES SE RECICLAN PARA PRODUCIR CIERTOS COMBUSTIBLES COMO BIODISEL, ETC).",False,goods
l10n_cr_ticofac.activity_515001,515001,4659.0,"VENTA AL POR MAYOR DE MAQUINARIA Y EQUIPO INDUSTRIAL, DE CONSTRUCCION, INGENIERIA CIVIL Y OTROS, ASI COMO SUS ACCESORIOS","EN ESTA CLASE SE INCLUYE LA VENTA AL POR MAYOR DE MAQUINARIA Y EQUIPO INDUSTRIALDE CONSTRUCCION Y DE INGENIERIA CIVIL, MAQUINARIA Y EQUIPO PARA LA INDUSTRIAS TEXTIL, DE LA MADERA, METALURGICA, DE PISCINA, ET5C. ASI COMO LA VENTA AL POR MAYOR DE ACCESORIOS CONEXOS.",False,goods
l10n_cr_ticofac.activity_515002,515002,4653.0,VENTA AL POR MAYOR DE REPUESTOS Y/O ACCESORIOS PARA MAQUINARIA Y EQUIPO AGROPECUARIO,ESTA CLASE INCLUYE LA VENTA AL POR MAYOR DE REPUESTOS Y/O ACCESORIOS PARA MAQUINARIA Y EQUIPO AGROPECUARIO,False,goods
l10n_cr_ticofac.activity_515003,515003,4653.0,VENTA AL POR MAYOR DE MAQUINARIA Y EQUIPO AGROPECUARIO,ESTA CLASE INCLUYE LA VENTA AL POR MAYOR DE MAQUINARIA Y EQUIPO AGROPECUARIO QUE ESTAN EXENTOS DEL IMPUESTO SOBRE LAS VENTAS DE AUCERDO CON EL ART.5 DEL REGLAEMNTO DE LA LEY DEL IMPUESTO GENERAL SOBRE LAS VENTAS.,False,goods
l10n_cr_ticofac.activity_515004,515004,4690.0,VENTA AL POR MAYOR DE EXTINTORES Y EQUIPO SIMILAR,"ESTA CLASE INCLUYE LA VENTA AL POR MAYOR DE EQUIPO PARA IMPELER, ESPARCIR Y ASPERJAR LIQUIDOS Y POLVOS, ACCIONADO A MANO O ONO. ADEMAS DE LAS PISTOLAS ASPERSORAS Y APARATOS SIMILARES, COMOLOS EXTINGUIDORES DE INCENDIO, MAQUINAS DE LIMPIEZA MEDIANTE ASPERSION DE ARENA A PRESION, LAS MAQUINAS DE LIMPIEZA A VAPOR Y OTRAS MAQUINAS SIMIALRES DE PROYECCION DE CHORRO.",False,goods
l10n_cr_ticofac.activity_515201,515201,4651.0,"VENTA AL POR MAYOR DE EQUIPO DE COMPUTO, SUS PARTES Y ACCESORIOS","EN ESTA CLASE SE INCLUYE LA VENTA DE TODO TIPO DE ACCESORIOS Y_EQUIPOS DE COMPUTO, TALES COMO COMPUTADORAS DE ESCRITORIO, PORTATILES Y SUS ACCESORIOS: TECLADO,MOUSE, CAMARAS, MONITORES, IMPRESORAS Y SUS TINTAS, DISPOSITIVOS DE MEMORIA (DIPOSITIVOS EXTRAIBLES Y DISCOS), SOFTWARE Y HARDWARE EN GENERAL.",False,goods
l10n_cr_ticofac.activity_515203,515203,4659.0,VENTA AL POR MAYOR DE EQUIPO Y SUMINISTROS DE OFICINA,"SE REFIERE A LA VENTA AL POR MAYOR DE TODO TIPO DE OFICINA Y SUMINISTROS, DENTRO DE LOSQUE SE INCLUYEN EQUIPO Y ARTICULOS PARA COMIUNICACION CENTRALES TELEFONICAS, TELEFONOS, CELULARES, FAX,ETC.",False,goods
l10n_cr_ticofac.activity_519003,519003,4649.2,"VENTA AL POR MAYOR DE EQUIPO, ARTICULOS Y ACCESORIOS DE BELLEZA, COSMETICOS E HIGIENE PERSONAL","EN ESTA CLASE SE INCLUYE LA VENTA AL POR MAYOR DE TODO TIPO DE EQUIPO, ACCESORIOS Y ARTICULOS RELACIONADOS CON LA BELLEZA Y EL CUIDADO PERSONAL.",False,goods
l10n_cr_ticofac.activity_519005,519005,4649.3,VENTA AL POR MAYOR DE EQUIPO PARA CAMPO DE JUEGOS (PLAY),EN ESTA CLASE SE INCLUYEN TODO LO REFERENTE AL EQUIPO PARA LOS CAMPOS DE JUEGOS O TAMBIEN CONOCIDOS COMO PLAY.,False,goods
l10n_cr_ticofac.activity_519006,519006,4669.9,DISTRIBUCION Y COMERCIALIZACION AL POR MAYOR DE MATERIAL DEEMPAQUE,"EN ESTA CLASE SE INCLUYE LA DISTRIBUCION Y COMERCIALIZACION DE MATERIAL DE EMPAQUE TAL COMO PLASTICO ADHESIVO, CINTAS, BOLSAS, BANDEJAS, ETC",False,goods
l10n_cr_ticofac.activity_519010,519010,4630.9,COMERCIALIZACION Y DISTRIBUCION AL POR MAYOR DE ALIMENTOS PREPARADOS PARA ANIMALES.,"ESTA CLASE INCLUYE LA COMERCIALIZACION DE ALIMENTOS PREPARADOS PARA ANIMALES DOMESTICOS: ALIMENTOS COMPUESTOS DE MEZCLAS DE VARIOS INGREDIENTES O DE INGREDIENTES ENVASADOS O TRATADOS ESPECIALMENTE PARA QUE SEAN UN ALIMENTO ADECUADO PARA PERROS, GATOS, AVES Y OTROS ANIMALES DOMESTICOS. ELABORACION DE ALIMENTOS PREPARADOS PRINCIPALMENTE PARA ANIMALES DE GRANJA, INCLUSO MEZCLAS PRELIMINARES, ALIMENTOS CONCENTRADOS, FORRAJE EDULCORADO Y ALIMENTOS SUPLEMENTARIOS. LA ELABORACION DEESTOS ALIMENTOS SE ENCUENTRA EN EL CODIGO 153301.",False,goods
l10n_cr_ticofac.activity_519011,519011,4649.3,COMERCIO AL POR MAYOR DE EQUIPO Y ACCESORIOS PARA PESCA DEPORTIVA O ARTESANAL,"EN ESTA CLASE SE INCLUYE LA VENTA DE EQUIPO Y ACCESORIOS PARA TODO TIPO DE PESCA , SEA ARTESANAL O DEPORTIVA.",False,goods
l10n_cr_ticofac.activity_519013,519013,4630.9,COMERCIALIZACION AL POR MAYOR DE SUPLEMENTOS ALIMENTICIOS,"EN ESTA CLASE SE INCLUYE LA COMERCIALIZACION DE PRODUCTOS ALIMENTICIOS, UTILIZADOS COMO SUPLEMENTOS, VITAMINICOS, ETC, ENLATADOS, EMPACADOS O ENVASADOS, AFECTOS AL IMPUESTO SOBRE LAS VENTAS",False,goods
l10n_cr_ticofac.activity_519014,519014,4620.0,VENTA AL POR MAYOR DE POLEN Y/O SEMILLAS PARA USO AGRICOLA,"ESTA ACTIVIDAD INCLUYE LA VENTA DE POLEN Y/O DE SEMILLAS DE USO AGRICOLA DETALLADAS EN EL ART 5 DEL REGLAMENTO DEL IMPUESTO SOBRE LAS VENTAS, TALES COMO LAS SEMILLAS DE TODA CLASE Y TODO TIPO DE MATERIAL DE REPRODUCCION Y POR LO TANTO EXENTAS DE VENTAS",False,goods
l10n_cr_ticofac.activity_519015,519015,4690.0,VENTA AL POR MAYOR DE OTROS PRODUCTOS NO ESPECIALIZADOS,EN ESTA CLASE SE INCLUYEN LA VENTA AL POR MAYOR ESPECIALIZADA DE PRODUCTOS NO ABARCADOS EN NINGUNA DE LAS CLASES ANTERIORES Y LA VENTA AL POR MAYOR DE UNA VARIEDAD DE PRODUCTOS QUE NO REFLEJAN UNA ESPECIALIZACION PARTICULAR,False,goods
l10n_cr_ticofac.activity_519016,519016,4652.0,VENTA AL POR MAYOR DE ARTICULOS Y ACCESORIOS ELECTRONICOS,SE INCLUYE LA VENTA AL POR MAYOR DE ARTICULOS Y ACCESORIOS ELECTRONICOS.,False,goods
l10n_cr_ticofac.activity_521101,521101,4711.1,SUPERMERCADOS Y ALMACENES DE ABARROTES EN CADENA,"ESTA CLASE INCLUYE LOS ALMACENES DE VENTA AL POR MENOR DE UNA GAMA DE PRODUCTOS NUEVOS COMPUESTA PRINCIPALMENTE DE ALIMENTOS, BEBIDAS Y TABACO. SUELEN REALIZAR ESTE TIPO DE ACTIVIDAD LOS DENOMINADOS ALMACENES GENERALES, CUYA PRINCIPAL ACTIVIDAD ES LA VENTA DE VIVERES, PERO QUE ADEMAS VENDEN OTRAS CLASES DE MERCANCIAS, COMO PRENDAS DE VESTIR, MUEBLES, APARATOS DE USO DOMESTICO, ARTICULOS DE FERRETERIA, COSMETICOS, ETC.",False,goods
l10n_cr_ticofac.activity_521102,521102,4721.9,"VENTA AL POR MENOR DE ESPECIAS, SALSAS Y CONDIMENTOS","ESTA CLASE INCLUYE LA VENTA AL POR MENOR DE ESPECIAS, SALSAS Y CONDIMENTOS",False,goods
l10n_cr_ticofac.activity_521201,521201,4711.2,"ABASTECEDORES, PULPERIAS O MINI-SUPER","EN ESTA CLASE SE INCLUYE LOS LOCALES EN DONDE SE VENDEN ARTICULOS DE ALIMENTACION,LIMPIEZA Y MERCERIA Y OTROS NECESARIOS PARA LA CASA DE HABITACION.",False,goods
l10n_cr_ticofac.activity_521202,521202,4711.2,PULPERIAS ( MINI-SUPER)(SIN CANTINA),EN ESTA CLASE SE INCLUYE LAS PULPERIAS Y MINI SUPER SIN QUE EN ESTA HAYA CANTINA,False,goods
l10n_cr_ticofac.activity_521901,521901,4719.1,TIENDAS O ALMACENES POR DEPARTAMENTOS,EN ESTA CLASE SE INCLUYEN LAS TIENDAS O LOS ALMACENES SEPARADOS POR SECCIONES O DEPARTAMENTOS.,False,goods
l10n_cr_ticofac.activity_522001,522001,4721.9,COMERCIO AL POR MENOR DE CONFITES Y OTROS PRODUCTOS RELACIONADOS (CONFITERIA),"ESTA CLASE INCLUYE LA VENTA AL POR MENOR DE CONFITES, CARAMELOS, CHOCOLATES, MELCOCHAS, Y OTROS ARTICULOS DULCES",False,goods
l10n_cr_ticofac.activity_522002,522002,4721.1,"VENTA DE CARNES (RES, POLLO,CERDO) INCLUIDAS EN LA CANASTA BASICA","ESTA CLASE INCLUYE LA VENTA DE CARNES DE RES Y CERDO (TODAS LAS CARNES DE RES O DE CERDO FRESCAS, REFRIGERADAS O CONGELADAS) CARNES DE POLLO (ALAS, MENUDO O VISCERAS, MUSLO, PATAS, PECHUGA Y POLLO ENTERO Y LIMPIO) DE CONFORMIDAD CON EL DE- CRETO 37132-H REFERENTE A LA CANASTA BASICA. NO SE INCLUYEN LAS SAZONADAS, MARIN ADAS, TENDERIZADO, ADOBADAS, CONDIMENTADAS, EMPANIZADAS Y/O PREPARADAS O PRECOCIDAS, DE CONFORMIDAD CON EL DECRETO N 41342-H MODIFICACION AL SUB INCISO I ""CANASTA BASICA TRIBUTARIA"" DEL INCISO 1) DEL ARTICULO 5 DEL DECRETO EJECUTIVO N 14082-H RLIGSV, PUBLICADO EN LA GACETA N 217 DEL 22 DE NOVIEMBRE 2018.",False,goods
l10n_cr_ticofac.activity_522003,522003,4772.0,MACROBIOTICAS,EN ESTA CLASE SE INCLUYE EL COMERCIO AL POR MENOR DE PRODUCTOS Y ALIMENTOS MACROBIOTICOS.,False,goods
l10n_cr_ticofac.activity_522004,522004,4721.4,VENTA DE VERDURAS Y FRUTAS EXENTOS DE VENTAS,ESTA CLASE INCLUYE A LAS VERDULERIAS. ADEMAS SE INCLUYE LA VENTA DE FRUTAS CONSIDERADAS EN LA NUEVA CANASTA BASICA- (DECRETO NO. 37132-H).,False,goods
l10n_cr_ticofac.activity_522005,522005,4721.3,VENTA DE MARISCOS Y/O PESCADO (PESCADERIAS O MARISQUERIAS)INCLUIDOS EN LA CANASTA BASICA,"EN ESTA CLASE SE INCLUYE LA VENTA DE PESCADO (ATUN UNICAMENTE ENTERO, ATUN EN CONSERVA SOLO O CON VEGETALES, EN AGUA O EN ACEITE, PESCADOS (ENTEROS, EN PARTESO EN FILET), DEBEN SER FRESCOS, REFRIGERADOS O CONGELADOS, EN SALMUERA, SALADOS O DESECADOS, EXCEPTO LOS ENLATADOS O ENVASADOS) Y DE CRUSTACEOS Y MOLUSCOS (ALMEJAS, CALAMARES BLANDO Y TORPEDO, CHORAS, CANGREJOS INCLUYENDO LAS JAIBAS,CAMARONDE LOS TIPOS:FIDEL, PINK, CAMELLO, CAMELLITO, TITI Y CAMARON DE CULTIVO,PIANGUASLO ANTERIOR DE ACUERDO AL DECRETO 37132-H Y 38747-H AMBOS REFERENTES A LA CANAS TA BASICA. EN ESTE CODIGO SE INCLUYEN ,LAS PESCADERIAS Y MARISQUERIAS.",False,goods
l10n_cr_ticofac.activity_522007,522007,4722.0,LICORERIAS Y/O DEPOSITO DE LICORES (VENTA AL POR MENOR),"ESTA CLASE INCLUYE LA VENTA AL POR MENOR DE BEBIDAS ALCOHOLICAS EMBOTELLADAS, Y QUE NO IMPLICA SU CONSUMO EN ESE ESTABLECIMIENTO. LAS RESOLUCIONES V-399 DEL 16-01-1984 Y 32-95 DEL 30-11-1995, ESTABLECE LA RECAUDACION DEL IMPUESTO DE VENTAS PARA REFRESCOS, CERVEZAS Y LICORES BAJO EL SISTEMA A NIVEL DE FABRICA Y ADUANAS. POR LO TANTO,LAS LICORERIA Y DEPOSITOS VENDEN ESTOS PRODUCTOS COMO EXENTOS DEL TRIBUTO. EN CASO QUE EL ESTABLECIMIENTO EXPENDA OTROS PRODUCTOS COMO BOCADILLOS, SE DEBE AGREGAR UNA ACTIVIDAD SECUNDARIA.",False,goods
l10n_cr_ticofac.activity_522008,522008,4721.9,VENTA AL POR MENOR DE HUEVOS DE GALLINA INCLUIDOS EN LA CANASTA BASICA,"EN ESTA CLASE SE INCLUYE LA VENTA DE HUEVOS DE GALLINA FRESCOS CON CASCARON, EXENTOS DEL IMPUESTO GENERAL SOBRE LAS VENTAS.",False,goods
l10n_cr_ticofac.activity_522009,522009,4721.4,VENTA DE FRUTAS GRAVADAS CON VENTAS,"EN ESTA CLASE SE INCLUYE LA VENTA DE FRUTAS GRAVADAS TALES COMO: CIRUELAS, DURAZNOS, PERAS, MANZANAS, UVAS E HIGOS, ENTRE OTRAS. ADEMAS DE CUALQUIER FRUTA ENVASADA, ENLATADA Y DESHIDRATADA.",False,goods
l10n_cr_ticofac.activity_522010,522010,4721.1,"VENTA DE EMBUTIDOS Y CARNES (RES, POLLO, CERDO)INCLUIDAS ENLA CANASTA BASICA","EN ESTA CLASE SE INCLUYE LA VENTA DE EMBUTIDOS Y CARNES DE RES Y CERDO (TODAS LAS CERNES DE RES O DE CERDO FRESCAS, REFRIGERADAS O CONGELADAS),CARNES DE POLLO (ALAS, MENUDOS O VISCERAS, MUSLO, PATAS, PECHUGA, POLLO ENTERO Y LIMPIO), EMBUTIDOS (CHORIZO, MORTADELA, PATE, SALCHICHAS, SALCHICHON, EXCEPTO LOS ENLATADOS O ENVASADOS)LO ANTERIOR DE CONFORMIDAD CON EL DECRETO 37132-H REFERENTE A LA CANASTA BASICA.",False,goods
l10n_cr_ticofac.activity_522011,522011,5610.0,"PREPARACION, SERVICIO Y VENTA DE FRUTAS PICADAS Y BEBIDAS DE FRUTAS Y/O LEGUMBRES.","ESTA CLASE COMPRENDE LA PREPARACION, EL SERVICIO Y LA VENTA DE FRUTAS PICADAS ASI COMO DE BEBIDAS (FRUTAS Y LEGUMBRES) PARA SU CONSUMO INMEDIATO EN EL LOCAL COMO FUERA DEL MISMO. INCLUYE A LOS VENDEDORES AMBULANTES DE ESTOS PRODUCTOS.",False,goods
l10n_cr_ticofac.activity_522012,522012,4722.0,COMERCIO AL POR MENOR DE BEBIDAS GASEOSAS Y CARBONATADAS,"EN ESTA CLASE SE INCLUYE LA COMERCIALIZACION DE BEBIDAS ENVASADAS SIN CONTENIDOALCOHOLICO, ES DECIR FEFRESCOS GASEOSOS Y BEBIDAS CARBONATADAS. LA RECAUDACION DEL IMPUESTO SOBRE LAS VENTAS PARA ESTE TIPO DE MERCANCIA ESTA ESTABLECIDA A NIVEL DE FABRICA, SEGUN RESOLUCION 12-96 DEL 08 DE AGOSTO DE 1996.",False,goods
l10n_cr_ticofac.activity_522013,522013,4722.0,COMERCIO AL POR MENOR DE AGUA EMBOTELLADA,EN ESTA CLASE SE INCLUYE LA VENTA AL POR MENOR DE AGUA EMBOTELLADA. LA CUAL SE ENCUENTRA AFECTA AL IMPUESTO GENERAL SOBRE LAS VENTAS.,False,goods
l10n_cr_ticofac.activity_522014,522014,4721.4,VENTA DE FRUTAS INCLUIDAS EN LA NUEVA CANASTA BASICA,ESTA CLASE SE INCLUYE LA COMERCIALIZACION DE FRUTAS INCLUIDAS EN LA NUEVA CANASTA BASICA. (DECRETO NO. 37132).,False,goods
l10n_cr_ticofac.activity_522015,522015,4721.9,"VENTA AL POR MENOR DE CAFE (EXCEPTO EL ENVASADO, ENLATADO, SOLUBLE, DESCAFEINADO)","ESTA CLASE INCLUYE LA VENTA AL POR MENOR DE CAFE CON EXCEPCION DE AQUEL QUE SE COMERCIALIZA ENVASADO O ENLATADO, ASI COMO EL QUE TIENE PRESENTACIONES COMO SOLUBLE, DESCAFEINADO O SABORIZADO, ENTRE OTROS.",False,goods
l10n_cr_ticofac.activity_522016,522016,4723.0,COMERCIO AL POR MENOR DE PRODUCTOS DE TABACO,"ESTA CLASE INCLUYE LA VENTA AL POR MENOR DE PRODUCTOS DE TABACO, TALES COMO CIGARROS, PUROS, CIGARRILLOS ENTRE OTROS",False,goods
l10n_cr_ticofac.activity_522017,522017,4721.1,"VENTA DE EMBUTIDOS Y CARNES (RES, POLLO, CERDO, CABALLO,ETC) GRAVADAS EN VENTAS","EN ESTA CLASE SE INCLUYE LA VENTA DE CUALQUIER TIPO DE CARNE SAZONADA, MARINADA,ADOBADAS, CONDIMENTADAS,EMPANIZADAS Y/O CARNES PREPARADAS. ADEMAS INCLUYE LOS CORTES FINOS DE LOMO Y LOMITO DE CERDO, LOMO Y LOMITO DE RES Y SUS DERIVADOS,EN TODAS LAS PRESENTACIONES O CORTES COMPUESTOS POR ESTOS, T-BONE, SIRLOIN, PORTER HOUSE, DELMONICO O RIBEYE, CARNE TENDERIZADA DE CERDO O RES. ASIMISMO, LA CARNE DE OTROS TIPOS DE ANIMALES O AVES NO INCLUIDA EXPRESAMENTE COMO EXENTA EN LA CA NASTA BASICA. ADEMAS INCLUYE LOS EMBUTIDOS ENLATADOS O ENVASADOS.",False,goods
l10n_cr_ticofac.activity_522018,522018,4721.3,VENTA DE PESCADOS Y/O MARISCOS (PESCADERIAS O MARISQUERIAS) GRAVADOS EN VENTAS,"EN ESTA CLASE SE INCLUYEN TODOS LOS PRODUCTOS DE PESCADO Y MARISCOS ENLATADOS O ENVASADOS, YA SEAN SAZONADOS, COMDIMENTADOS, EMPANIZADOS Y DEMAS PREPARADOS. ADEMAS SE INCLUYEN LOS SIGUIENTES PESCADOS: ATUN EN FILET, SALMON ENTERO O EN FILETROBALO ENTERO O EN FILET Y BACALAO ENTERO O EN FILET.",False,goods
l10n_cr_ticofac.activity_523101,523101,4772.0,FARMACIAS,EN ESTA CLASE SE INCLUYE LAS FARMACIAS (UNICAMENTE VENTA DE MEDICAMENTOS).,False,goods
l10n_cr_ticofac.activity_523102,523102,4772.0,VENTA AL POR MENOR DE COSMETICOS Y PERFUMERIA,VENTA AL POR MENOR DE COSMETICOS Y PERFUMERIA,False,goods
l10n_cr_ticofac.activity_523201,523201,4719.9,BAZARES,EN ESTA CLASE SE INCLUYE LOS BAZARES,False,goods
l10n_cr_ticofac.activity_523202,523202,4771.1,VENTA AL POR MENOR DE ROPA (BOUTIQUE),EN ESTA CLASE SE INCLUYE EL COMERCIO DE PRENDAS DE VESTIR (BOUTIQUE).,False,goods
l10n_cr_ticofac.activity_523203,523203,4771.2,VENTA AL POR MENOR DE CALZADO (ZAPATAERIAS),EN ESTA CLASE SE INCLUYE EL COMERCIO AL POR MENOR DE ZAPATOS (ZAPATERIA).,False,goods
l10n_cr_ticofac.activity_523204,523204,4751.0,PASAMANERIAS,EN ESTA CLASE SE INCLUYE EL COMERCIO AL POR MENOR DE ARTICULOS DE PASAMANERIA.,False,goods
l10n_cr_ticofac.activity_523205,523205,4771.1,"VENTA AL POR MENOR DE PRENDAS DE VESTIR, ROPA Y ZAPATOS (TIENDAS)","ESTA CLASE INCLUYE LAS PRENDAS DE VESTIR, SUS ACCESORIOS Y CALZADO",False,goods
l10n_cr_ticofac.activity_523206,523206,8219.0,SERVICIO DE FOTOCOPIADORA,EN ESTA CLASE SE INCLUYE EL SERVICIO DE FOTOCOPIADO Y EMPASTADO,False,goods
l10n_cr_ticofac.activity_523207,523207,4771.1,VENTA AL POR MENOR DE ARTICULOS DE CUERO (EXCEPTO CALZADO),"EN ESTA CLASE SE INCLUYE LA VENTA AL POR MENOR DE ARTICULOS DE CUERO, TALABARTE-RIA, Y OTROS MATERIALES SIMILARES O IMITACION DE CUERO. ARTICULOS TALES COMO BOLSOS, BILLETERAS, MALETAS, LLAVEROS, ETC.",False,goods
l10n_cr_ticofac.activity_523208,523208,4751.0,VENTA AL POR MENOR DE PRODUCTOS TEXTILES (TELAS),ESTA CLASE INCLUYE LA VENTA AL POR MENOR DE PRODUCTOS TEXTILES (TELA DE TODA CLASE),False,goods
l10n_cr_ticofac.activity_523209,523209,4773.0,VENTA AL POR MENOR DE MATERIALES PARA CALZADO,EN ESTA CLASE SE INCLUYE LA VENTA AL POR MENOR DE TODO TIPO DE MATERIALES TANTO PARA CONFECCION COMO REPARACION DE TODO TIPO DE CALZADO.,False,goods
l10n_cr_ticofac.activity_523301,523301,4759.0,COMERCIO AL POR MENOR DE OBJETOS DE CERAMICA Y PORCELANA,EN ESTA CLASE SE INCLUYE LA VENTA AL POR MENOR DE OBJETOS DE CERAMICA.,False,goods
l10n_cr_ticofac.activity_523302,523302,4759.0,VENTA AL POR MENOR DE CRISTALERIA,EN ESTA CLASE SE INCLUYE LA VENTA AL POR MENOR DE OBJETOS DE CRISTAL Y MATERIALES SIMILARES.,False,goods
l10n_cr_ticofac.activity_523303,523303,4762.0,"VENTA AL POR MENOR DE DISCOS, CDS Y OTROS SIMILARES","EN ESTA CLASE SE INCLUYE LA VENTA AL POR MENOR DE DISCOS, CASETTES, CDS Y CUALQUIER OTRO PRODUCTO SIMILAR",False,goods
l10n_cr_ticofac.activity_523304,523304,4759.0,"VENTA AL POR MENOR DE ELECTRODOMESTICOS, MUEBLES Y ARTICULOS PARA EL HOGAR","EN ESTA CLASE SE INCLUYE LA VENTA AL POR MENOR DE ELECTRODOMESTICOS, MUEBLES Y ARTICULOS VARIOS, TALES COMO ARTEFACTOS DE ILUMINACION,(LAMPARAS, CANDELAS, ETC) DE PLASTICO, ALUMINIO, MADERA Y OTROS. ARTICULOS Y EQUIPO DE USO DOMESTICO NO CLASIFICADOS EN OTRA PARTE(TAL COMO LAS VENTAS POR TELEVISION Y QUE TIENEN LOCALES COMERCIALES). INCLUYASE ADEMAS LA VENTA DE CORTINAS.",False,goods
l10n_cr_ticofac.activity_523306,523306,4774.0,VENTA AL POR MENOR DE ANTIGUEDADES,EN ESTA CLASE SE INCLUYE LA VENTA AL POR MENOR O COMERCIO MINORISTA DE ANTIGUEDADES.,False,goods
l10n_cr_ticofac.activity_523308,523308,4759.0,"VENTA AL POR MENOR DE INSTRUMENTOS MUSICALES, PARTES Y ACCESORIOS",ESTA CLASE INCLUYEN LA VENTA AL POR MENOR DE INSTRUMENTOS MUSICALES. PARTES Y ACCESORIOS.,False,goods
l10n_cr_ticofac.activity_523309,523309,4773.0,VENTA DE CUADROS PINTURAS HECHAS POR PINTORES NACIONALES Y EXTRANJEROS PRODUCIDOS EN EL PAIS,"EN ESTA CLASE SE INCLUYE LA VENTA DE CUADROS Y PINTURAS HECHAS POR PINTORES NACIONALES Y EXTRANJEROS, EXENTA DE IMPUESTO DE VENTAS ART. 5 DEL REGLAMENTO DE LA LEY DE VENTAS.",False,goods
l10n_cr_ticofac.activity_523401,523401,4752.1,VENTA AL POR MENOR DE DEPOSITO DE MADERA,EN ESTA CLASE SE INCLUYE LA VENTA AL POR MENOR DE TODO TIPO DE MADERAS.,False,goods
l10n_cr_ticofac.activity_523402,523402,4752.1,VENTA AL POR MENOR ARTICULOS DE FERRETERIA PINTURAS MADERA Y MATERIALES PARA LA CONSTRUCCION,"ESTA CLASE COMPRENDE LAS ACTIVIDADES DE VENTA AL POR MENOR DE ARTICULOS DE FERRETERIA, PINTURAS, BARNICES Y LACAS, MATERIALES DE CONSTRUCCION COMO LADRILLOS, MADERA, EQUIPO SANITARIO, EQUIPO DE BRICOLAJE, SEGADORAS DE CESPED DE CUALQUIER TIPO, SAUNAS ENTRE OTROS",False,goods
l10n_cr_ticofac.activity_523403,523403,4752.1,VENTA DE PINTURAS,"EN ESTA CLASE SE INCLUYE LA VENTA DE PINTURAS DE TODO TIPO Y USO: DECORATIVAS, ANTICORROSIVAS, LATEX, ACEITE, BARNICES, ESTUCO, LACAS, ETC. ASI COMO PRODUCTOS CONEXOS COMO DILUYENTES.",False,goods
l10n_cr_ticofac.activity_523404,523404,4752.2,VENTA AL POR MENOR DE VIDRIO PARA LA CONSTRUCCION,EN ESTA CLASE SE INCLUYE UNICAMENTE LA VENTA AL POR MENOR DE VIDRIO PLANO PARA LA CONSTRUCCION,False,goods
l10n_cr_ticofac.activity_523405,523405,4752.1,VENTA AL POR MENOR DE MATERIALES PARA LA CONSTRUCCION,"COMPRENDE LA VENTA DE PRODUCTOS DE FERRETERIA, PINTURAS, BARNICES, LACAS,MADERA, PISOS DE CERAMICA, TERRAZO, ETC. Y EN GENERAL TODO TIPO DE MATERIALES PARA LA CONSTRUCCION.",False,goods
l10n_cr_ticofac.activity_523406,523406,4741.0,"VENTA AL POR MAYOR Y MENOR DE ARTICULOS ELECTRONICOS, ELECTRICOS Y SIMILARES","EN ESTA CLASE SE INCLUYE LA VENTA DE TODO TIPO DE ACCESORIOS Y ARTICULOS ELECTRONICOS, ELECTRICOS Y SIMILARES.",False,goods
l10n_cr_ticofac.activity_523407,523407,4752.1,VENTA AL POR MENOR DE PLYWOOD,"SE INCLUYE LA COMERCIALIZACION DE PLYWOOD AL POR MENOR, EXCENTOS DEL IMPUESTO SOBRE LAS VENTAS SEGUN RESOLUCION 01495V DEL 16/03/1995.",False,goods
l10n_cr_ticofac.activity_523501,523501,4759.0,VENTA AL POR MENOR REALIZADA DENTRO DEL DEPOSITO LIBRE COMERCIAL DE GOLFITO.,ESTA CLASE INCLUYE EL COMERCIO AL POR MENOR DE TODO TIPO DE PRODUCTOS QUE SE REALICE DENTRO DEL DEPOSITO LIBRE COMERCIAL DE GOLFITO. SOLO ESTA AFECTA A RENTA SEGUN OFICIO DGT-498-2017 DEL 9 DE MAYO DEL 2017.,False,goods
l10n_cr_ticofac.activity_523601,523601,4741.0,"COMERCIO AL POR MENOR DE COMPUTADORAS, ACCESORIOS, MICROCOMPONENTES Y PAQUETES DE COMPUTO","EN ESTA CLASE SE INCLUYE EL COMERCIO AL POR MENOR DE COMPUTADORAS, MICROCOMPONENTES Y ACCESORIOS DE COMPUTO, ADEMAS PAQUETES DE COMPUTO DISEÑADOS PARA LA COMERCIALIZACION INCLUYENDO LA LICENCIA DE USO.",False,goods
l10n_cr_ticofac.activity_523701,523701,4761.0,LIBRERIAS,"EN ESTA CLASE SE INCLUYE ARTICULOS DE LIBRERIAS (LAPICEROS, REVISTAS, PAPEL BOND, CARTULINA, CUADERNOS, UTILES DE ESCRITORIO, MATERIALES Y EQUIPO DE OFICINA, ETC)",False,goods
l10n_cr_ticofac.activity_523702,523702,4761.0,VENTA AL POR MENOR DE REVISTAS/PERIODICOS EN PUESTOS DE VENTAS O MERCADOS,"EN ESTA CLASE SE INCLUYE LA VENTA AL POR MENOR DE PERIODICOS Y REVISTA EN PUESTOS DE VENTAS, MERCADOS E INCLUSIVE EN LOCALES COMERCIALES",False,goods
l10n_cr_ticofac.activity_523703,523703,4761.0,VENTA AL POR MENOR DE LIBROS Y TEXTOS EDUCATIVOS EXENTOS DE VENTAS,VENTA DE LIBROS Y TEXTOS EDUCATIVOS NO AFECTOS AL IMPUESTO SOBRE LAS VENTAS,False,goods
l10n_cr_ticofac.activity_523801,523801,4773.0,VENTA AL POR MENOR DE ARMAS (ARMERIAS),EN ESTA CLASE SE INCLUYE VENTA AL POR MENOR DE ARMAS Y MUNICIONES,False,goods
l10n_cr_ticofac.activity_523803,523803,4773.0,VENTA AL POR MENOR DE MAQUINARIA Y EQUIPO DE TODO TIPO Y ARTICULOS CONEXOS,"EN ESTA CLASE SE INCLUYE LA VENTA AL POR MENOR DE MAQUINARIA Y EQUIPO INDUSTRIAL AGROPECUARIO, DE CONSTRUCCION Y DE INGENIERIA CIVIL, MAQUINARIA Y EQUIPO PARA LA INDUSTRIAS TEXTIL, DE LA MADERA, METALURGICA, DE PISCINA, ETC, ASI COMO LA VENTA AL POR MENOR DE ACCESORIOS CONEXOS.",False,goods
l10n_cr_ticofac.activity_523805,523805,4759.0,"VENTA AL POR MENOR DE PURIFICADORES DE AGUA, SUS PARTES Y REPUESTOS","EN ESTA CLASE SE INCLUYE LA VENTA AL POR MENOR DE PURIFICADORES AGUA, SUS PARTES Y REPUESTOS.",False,goods
l10n_cr_ticofac.activity_523806,523806,4774.0,VENTA AL POR MENOR DE MAQUINARIA INDUSTRIAL USADA,INCLUYASE EN ESTA ACTIVIDAD LA VENTA AL POR MENOR DE MAQUINARIA INDUSTRIAL USADA,False,goods
l10n_cr_ticofac.activity_523807,523807,4773.0,"VENTA AL POR MENOR DE REPUESTOS NUEVOS PARA MAQUINARIA, EQUIPO Y OTROS","EN ESTA CLASE SE INCLUYE LA VENTA DE REPUESTOS, PARTES, PIEZAS Y ACCESORIOS NUEVOS, PARA MAQUINARIA, EQUIPO Y OTROS.",False,goods
l10n_cr_ticofac.activity_523808,523808,4774.0,"VENTA AL POR MENOR DE REPUESTOS USADOS PARA MAQUINARIA, EQUIPO Y OTROS","EN ESTA CLASE SE INCLUYE LA VENTA DE REPUESTOS, PARTES, PIEZAS Y ACCESORIOS USADOS, PARA MAQUINARIA, EQUIPO Y OTROS.",False,goods
l10n_cr_ticofac.activity_523901,523901,4773.0,VENTA AL POR MENOR DE OTROS PRODUCTOS EN ALMACENES ESPECIALIZADOS,"EN ESTA CLASE SE INCLUYE LA VENTA DE MERCANCIAS U OTROS ARTICULOS DE DIFERENTE NATURALEZA QUE NO HAN SIDO CONTEMPLADOS EN LOS CODIGOS DE COMERCIO AL POR MENOR, Y QUE SON REALIZADOS EN LOCALES ESPECIALIZADOS.",False,goods
l10n_cr_ticofac.activity_523902,523902,4761.0,VENTA AL POR MENOR DE SUMINISTROS Y/0 EQUIPO DE OFICINA,"EN ESTA CLASE SE INCLUYE LA VENTA AL POR MENOR DE MATERIALES Y/O EQUIPO DE OFICINA, ASI COMO ARTICULOS VARIOS DE ESCRITORIO.",False,goods
l10n_cr_ticofac.activity_523903,523903,4773.0,VENTA AL POR MENOR DE FLORES,"EN ESTA CLASE SE INCLUYE EL COMERCIO AL POR MENOR DEDICADO A LA COMPRA Y VENTA DE FLORES, ARREGLOS, CORONAS Y SIMILARES DE FLORES NATURALES O ARTIFICIALES. SUJETAS A VENTAS EN CONCORDANCIA CON EL ARTICULO 4 DE LA LEY DEL IMPUESTO GENERAL SOBRE LAS VENTAS Y SUS REFORMAS Y EL ARTICULO 5 DE SU REGLAMENTO. TAMBIEN SEGUN DECRETO EJECUTIVO 37132-H DEL 17/5/2012.LAS FLORISTERIAS SE REGISTRAN EN EL CODIGO 523907.",False,goods
l10n_cr_ticofac.activity_523904,523904,9529.0,SERVICIOS DE REPARACION DE JOYERIA Y RELOJERIA EN GENERAL,ESTA CLASE INCLUYE LOS SERVICIOS DE REPARACION DE JOYERIA Y RELOJERIA EN GENERAL,False,goods
l10n_cr_ticofac.activity_523905,523905,4773.0,"VENTA AL POR MENOR DE JOYERIA, RELOJERIA Y BISUTERIA","VENTA AL CONSUMIDOR FINAL DE LAS JOYAS Y RELOJES EN LOCALES, TIENDAS, ETC. CONTIENE ADEMAS LAS BISUTERIAS (JOYAS DE MATERIALES NO PRECIOSOS).",False,goods
l10n_cr_ticofac.activity_523906,523906,4741.0,VENTA AL POR MENOR CELULARES ACCESORIOS EQUIPO Y ART PARA COMUNICACIONES INCLUYE LA REPARACION,"EN ESTA CLASE SE INCLUYE LA VENTA Y LA REPARACION DE EQUIPO Y ARTICULOS PARA COMUNICACION TALES COMO: CENTRALES TELEFONICAS, TELEFONOS FIJOS, TELEFONOS CELULARES Y SUS ACCESORIOS, FAX, REDIOCOMUNICADORES, RADIOLOCALIZADORES, ANTENAS, ETC.",False,goods
l10n_cr_ticofac.activity_523907,523907,4773.0,FLORISTERIA,"EN ESTA CLASE SE INCLUYE LA ELABORACION DE ARREGLOS, OFRENDAS FLORALES Y SIMILARES, A PARTIR DE FLORES NATURALES, ARTIFICIALES O DE AMBOS TIPOS. SUJETAS A VENTAS EN CONCORDANCIA CON EL ARTICULO 4 DE LA LEY DEL IMPUESTO GENERAL SOBRE LAS VENTAS Y SUS REFORMAS Y EL ARTICULO 5 DE SU REGLAMENTO. TAMBIEN SEGUN DECRETO EJECUTIVO 37132-H DEL 17/5/2012. EL COMERCIO AL POR MENOR DE FLORES SE REGISTRA EN LA CLASE 523903.",False,goods
l10n_cr_ticofac.activity_523908,523908,4620.0,COMERCIO AL POR MENOR DE ANIMALES DOMESTICOS PARA CONSUMO HUMANO,"SE REFIERE A LA VENTA AL POR MENOR DE ANIMALES PARA CONSUMO DEL SER HUMANO, POR EJEMPLO, POLLOS, GALLINAS, CERDOS, ENTRE OTROS. LA VENTA DE MASCOTAS SE INCLUYE EN LA ACTIVIDAD 523913",False,goods
l10n_cr_ticofac.activity_523909,523909,4773.0,VENTA DE PRODUCTOS DE ARTESANIA Y SOUVENIR,"EN ESTA CLASE SE INCLUYE LA VENTA AL POR MENOR DE PRODUCTOS DE ARTESANIA, INCLUYENDO SOUVENIRS Y SIMILARES.",False,goods
l10n_cr_ticofac.activity_523910,523910,4764.0,VENTA AL POR MENOR DE JUGUETES Y/O ARTICULOS DE ESPARCIMIENTO,"SE REFIERE A LA VENTA AL POR MENOR DE JUGUETES, JUEGOS DE MESA, JUEGOS DIDACTICOS, JUEGOS ELECTRONICOS (EXCEPTO DE CONSOLAS DE VIDEOJUEGOS)",False,goods
l10n_cr_ticofac.activity_523911,523911,4773.0,"VENTA AL POR MENOR DE PAÑALES DESECHABLES, ARTICULOS DE LIMPIEZA Y OTROS (PAÑALERA)","SE REFIERE A LA VENTA DE PAÑALES DESECHABLES JUNTO CON OTROS ARTICULOS COMO POR EJEMPLO DE LIMPIEZA, DE TOCADOR, DE FIESTAS ETC. LOS CUALES SI ESTAN AFECTOS AL IMPUESTO SOBRE LAS VENTAS.",False,goods
l10n_cr_ticofac.activity_523912,523912,4620.0,VENTA AL POR MENOR Y MAYOR DE PRODUCTOS E INSUMOS AGROPECUARIOS,"SE REFIERE A LA VENTA DE FERTILIZANTES, AGROQUIMICOS, PRODUCTOS VETERINARIOS, IMPLEMENTOS AGRICOLAS, CONCENTRADOS, TODA CLASE DE ALIMENTOS PARA ANIMALES.",False,goods
l10n_cr_ticofac.activity_523913,523913,4773.0,VENTA AL POR MENOR DE ANIMALES DOMESTICOS PARA MASCOTAS.,"ESTA CLASE INCLUYE LA VENTA AL POR MENOR DE ANIMALES DOMESTICOS PARA MASCOTAS, COMO: PERROS, PERICOS, PECES, GATOS ENTRE OTROS.",False,goods
l10n_cr_ticofac.activity_523915,523915,4773.0,DISTRIBUCION Y VENTA DE GAS EN CILINDRO,ESTA CLASE INCLUYE LA DISTRIBUCION Y VENTA DE GAS EN CILINDRO.,False,goods
l10n_cr_ticofac.activity_523916,523916,4721.9,COMERCIO AL POR MENOR DE ALIMENTOS Y PRODUCTOS N.C.P. EXENTOS DE VENTAS,"EN ESTA CLASE SE INCLUYE LA VENTA DE CUALQUIER PRODUCTO, ALIMENTO Y ARTICULO NO CONTEMPLADO DENTRO DE LA SECCION DE VENTA AL POR MENOR DE OTROS PRODUCTOS. NO ESTAN SUJETOS AL IMPUESTO SOBRES LAS VENTAS DE ACUERDO CON EL ART. 2 LEY DEL IMPUESTO SOBRE LA RENTA ART. 1 INC B) DECRETO 25514-H.",False,goods
l10n_cr_ticofac.activity_523917,523917,4763.0,VENTA AL POR MENOR DE BICICLETAS Y SUS ACCESORIOS,"EN ESTA CLASE SE INCLUYE LA VENTA AL POR MENOR DE TODO TIPO DE BICICLETAS, REPUESTOS Y ACCESORIOS.EXCEPTO REPARACION, LA CUAL SE INCLUYE EN LA CLASE 526003.",False,goods
l10n_cr_ticofac.activity_523918,523918,4742.0,VENTA AL POR MENOR DE EQUIPO DE AUDIO Y VIDEO,"EN ESTA CLASE SE INCLUYE LA VENTA AL POR MENOR DE EQUIPO DE AUDIO Y VIDEO PARA TODO TIPO DE USO, COMERCIAL, INDUSTRIAL, DOMESTICO, ENTRE OTROS, SE INCLUYE LA VENTA DE CONSOLAS DE VIDEOS JUEGOS.",False,goods
l10n_cr_ticofac.activity_523919,523919,4772.0,VENTA AL POR MENOR DE ARTICULOS Y ACCESORIOS ORTOPEDICOS,"EN ESTA CLASE SE INCLUYE LA VENTA AL POR MENOR DE TODO TIPO DE PRODUCTOS, ARTICULOS Y ACCESORIOS ORTOPEDICOS.",False,goods
l10n_cr_ticofac.activity_523920,523920,4773.0,VENTA AL POR MENOR DE ANTEOJOS Y ARTICULOS OPTICOS (OPTICA),"OPTICAS: SE DEFINE COMO EL COMERCIANTE EN INSTRUMENTOS DE OPTICAS, RELATIVOS A LA VISION. TALES COMO ANTEOJOS DE TODO TIPO, ARTICULOS DE LIMPIEZA, REPUESTOS, AROS, LENTES, LENTES DE CONTACTO, ETC. LOS EXAMENES PARA LA VISTA Y OTROS SERVICIOS RELACIONADOS SE INCLUYEN EN LA CLA SE DE CONSULTA PRIVADA 851204.",False,goods
l10n_cr_ticofac.activity_523921,523921,4773.0,"VENTA AL POR MENOR DE CAJAS REGISTRADORAS, CALCULADORAS O MAQUINAS DE CONTABILIDAD","ESTA CLASE INCLUYEN LA VENTA AL POR MENOR DE CAJAS REGISTRADORAS, CALCULADORAS Y MAQUINAS DE COONTABILIDAD.",False,goods
l10n_cr_ticofac.activity_523922,523922,4721.9,VENTA AL POR MENOR DE POLEN Y SEMILLAS,"ESTA CLASE INCLUYE LA VENTA AL POR MENOR DE POLEN PARA USO AGROPECUARIO Y TODO TIPO DE SEMILLAS,LAS CUALES ESTAN EXENTOS DEL IMPUESTO SOBRE LAS VENTAS.",False,goods
l10n_cr_ticofac.activity_523923,523923,4773.0,VENTA AL POR MENOR DE REPUESTOS PARA ELECTRODOMESTICOS,EN ESTA CLASE SE INCLUYEN TODO TIPO DE REPUESTOS PARA ELECTRODOMESTICOS.,False,goods
l10n_cr_ticofac.activity_523925,523925,4773.0,VENTA AL POR MENOR DE EXTINTORES,ESTA CLASE INCLUYE LA VENTA AL POR MENOR DE EXTINTORES,False,goods
l10n_cr_ticofac.activity_523926,523926,3312.0,MANTENIMIENTO DE EXTINTORES,ESTA CLASE INCLUTE EL MANTENIMIENTO DE APARATOS PARA EXTINGUIR INCENDIOS SEA CONAGUA O CON MEZCLA QUE DIFICULTA LA COMBUSTION.,False,goods
l10n_cr_ticofac.activity_523927,523927,9521.0,REPARACION EQUIPO DE AUDIO Y VIDEO,"ESTA CLASE INCLUYE LA REPARACION DE EQUIPO DE AUDIO Y VIDEO PARA USO COMERCIAL, DOMESTICO E INDUSTRIAL, (PARLANTES, MICROFONOS, GRABADORAS, EQUIPOS DE SONIDO, ALTA VOCES, CAMARAS DE VIDEO, DVD, TELEVISORES, ETC).",False,goods
l10n_cr_ticofac.activity_523929,523929,4773.0,VENTA DE PERROS ENTRENADOS PARA SEGURIDAD,"EN ESTA CLASE SE INCLUYE LA VENTA DE PERROS ENTRENADOS PARA SEGURIDAD, DETECCION DE DROGAS.",False,goods
l10n_cr_ticofac.activity_523930,523930,4799.0,VENTA AL POR MENOR DE PIEZAS DE BAMBU,EN ESTA CLASE SE INCLUYE LA COMPRA Y VENTA DE PIEZAS DE BAMBU.,False,goods
l10n_cr_ticofac.activity_524001,524001,4774.0,VENTA DE TODO TIPO DE ARTICULOS USADOS,"ESTA CLASE INCLUYE LA VENTA DE TODO TIPO DE ARTICULOS USADOS POR EJEMPLO ROPA, LIBROS, MUEBLES Y ELECTRODOMESTICOS, NO AFECTOS AL IMPUESTO SOBRE LAS VENTAS DE ACUERDO AL DECRETO EJECUTIVO NO 29950-H PUBLICADO EN GACETA NO.218 DEL 13/11/20 01.",False,goods
l10n_cr_ticofac.activity_524002,524002,6492.0,CASA DE EMPEÑO Y AFIN,"EN ESTA CLASE SE INCLUYE LA PRESTACION DE DINERO A CAMBIO DE goods CONSIGNADOS COMO GARANTIA. ASI COMO TAMBIEN LA VENTA DE LOS MISMOS VENCIDO EL PLAZO Y LOS PAGOS ACORDADOS. SOLO PODRAN INSCRIBIRSE LAS PERSONAS FISICAS SEGUN LO ESTABLECE LA LEY PARA GARANTIZAR AL PAIS MAYOR SEGURIDAD Y ORDEN, DEL 17/11/1977, EN SUCARTICULO 19.",False,goods
l10n_cr_ticofac.activity_524004,524004,4774.0,VENTA DE LIBROS USADOS,EN ESTA CLASE SE INCLUYE LA VENTA AL POR MENOR DE LIBROS USADOS.,False,goods
l10n_cr_ticofac.activity_524005,524005,4773.0,"VENTA DE MONEDAS, BILLETES,ESTAMPILLAS (NUEVAS Y USADAS) PARA COLECCION Y ESPECIES FISCALES","EN ESTA CLASE SE INCLUYE LA VENTA DE MONEDAS, BILLETES Y ESTAMPILLAS NUEVAS Y USADAS PARACOLECCION (NIMUSMATICA Y FILATERIA) ASI COMO LAS ESPECIES FISCALES . NO ESTA AFECTA AL IMPUESTO SOBRE LAS VENTAS DE ACUERDO CON LA DEFINICION DE MERCANCIA DEL REGLAMENTO DE LA LEY DEL IMPUESTO SOBRE LAS VENTAS.",False,goods
l10n_cr_ticofac.activity_525101,525101,4799.0,VENTA AL POR MENOR DE TODO TIPO DE ARTICULOS POR CATALOGO,"EN ESTA CLASE SE INCLUYE LA VENTA AL POR MENOR DE CUALQUIER PRODUCTO O MERCANCIAPOR CATALOGO VENTAS PIRAMIDALES, VENTAS MULTINIVEL Y SIMILARES. EN ESTA CASE SE DEBEN INCLUIR UNICAMENTE LOS VENDEDORES O AFILIADOS QUE VENDEN AL CONSUMIDOR FINAL. LOS VENDEDORES MAYORISTAS SE DEBEN INCLUIR EN EL CODIGO 513910.",False,goods
l10n_cr_ticofac.activity_525201,525201,4799.0,VENTA DE REVISTAS/PERIODICOS (PUESTOS CALLEJEROS),EN ESTA CLASE SE INCLUYE LA VENTAS DE REVISTAS Y PERIODICOS EN PUESTOS CALLEJEROS,False,goods
l10n_cr_ticofac.activity_525301,525301,9200.0,VENTA DE LOTERIA EN AGENCIAS O AL DETALLE,EN ESTA CLASE SE INCLUYE LA VENTA DE LOTERIA EN AGENCIAS AUTORIZADAS Y/O EN PUESTOS,False,goods
l10n_cr_ticofac.activity_525303,525303,8411.0,EMISION DE LA LOTERIA NACIONAL Y SIMILARES,"EN ESTA CLASE SE INCLUYE LA EMISION DE LA LOTERIA, CHANCES O TIEMPOS A CARGO DE LA JUNTA DE PROTECCION SOCIAL DE SAN JOSE, AFECTA AL IMPUESTO SOBRE LAS VENTAS A NIVEL DE FABRICA, SEGUN RESOLUCION 23-95 PUBLICADA EN LA GACETA 166 DEL 01-09-1995.",False,goods
l10n_cr_ticofac.activity_525901,525901,4753.0,VENTA DE ALFOMBRAS Y TAPICES,EN ESTA CLASE SE INCLUYE LA VENTA DE ALFOMBRAS Y TAPICES.,False,goods
l10n_cr_ticofac.activity_525902,525902,4799.0,VENTA AMBULANTE DE ARTICULOS PARA EL HOGAR,ESTA CLASE INCLUYE LA VENTA AL DETALLE O AL CONSUMIDOR FINAL DE PRODUCTOS VARIOSREALIZADA POR COMERCIANTES DE FORMA AMBULANTE (CASA POR CASA).,False,goods
l10n_cr_ticofac.activity_525903,525903,4799.0,VENTA DE LIBROS A DOMICILIO,"EN ESTA CLASE SE INCLUYE LA VENTA DE LIBROS A DOMICILIO, EXENTOS DEL IMPUESTO DEVENTAS.",False,goods
l10n_cr_ticofac.activity_525904,525904,3290.0,TRABAJOS DE MANUALIDADES,"ESTA CLASE INCLUYE LOS TRABAJOS EFECTUADOS CON LAS MANOS, CON O SIN AYUDA DE HERRAMIENTAS.",False,goods
l10n_cr_ticofac.activity_525905,525905,6190.9,"VENTA AL POR MENOR DE TARJETAS TELEFONICAS, PINES, TIEMPO AIRE Y SIMILARES","INCLUYANSE EN ESTA ACTIVIDAD LOS INTERMEDIARIOS Y DISTRIBUIDORES DE TARJETAS TELEFONICAS, PINES, TIEMPO AIRE Y SIMILARES, QUE OBTIENEN UNA RETRIBUCION O COMISION POR PRESTAR EL SERVICIO EN LA MODALIDAD PREPAGO, COMO A) TARJETAS TELEFONICAS, B) PINES, C) TIEMPO-AIRE Y D) OTROS SIMILARES.",False,goods
l10n_cr_ticofac.activity_526001,526001,9523.0,SERVICIOS DE REPARACION DE ZAPATOS,EN ESTA CLASE SE INCLUYE LA REPARACION DE ZAPATOS.,False,goods
l10n_cr_ticofac.activity_526002,526002,9524.0,REPARACION DE MUEBLES Y ACCESORIOS DOMESTICOS,"EN ESTA CLASE SE INCLUYE RETAPIZADO,ACABADO, RESTAURACION Y REPARACION DE MUEBLES Y ACCESORIOS DOMESTICOS, INCLUIDOS MUEBLES DE OFICINA Y MONTAJE DE MUEBLES NO EMPOTRADOSELACIONADA CON LAS ACTIVIDADES DE FABRICACION Y VENTA AL POR MAYOR O AL POR MENOR",False,goods
l10n_cr_ticofac.activity_526003,526003,9529.0,REPARACION DE BICICLETAS,ESTA CLASE INCLUYE UNICAMENTE EL SERVICIO DE REPARACION DE BICICLETAS YA SE EN UN TALLER O A DOMICILIO.,False,goods
l10n_cr_ticofac.activity_526005,526005,4321.0,"ELECTRICISTA, SERVICIOS","SE REFIERE A LOS SERVICIOS PRESTADOS POR UNA PERSONA ESPECIALIZADA, EN FORMA INDEPENDIENTE, PRINCIPALMENTE INSTALACIONES ELECTRICAS. LA REPARACION DE ESTE CUALQUIER ARTICULO ELECTRICO SE INCLUYE EN LA ACTIVIDAD 526006",False,goods
l10n_cr_ticofac.activity_526006,526006,9522.0,REPARACION DE ARTICULOS ELECTRICOS,SE REFIERE A LA REPARACION DE TODO TIPO DE ARTICULOS ELECTRICOS REALIZADO EN UN TALLER O A DOMICILIO. AFECTO A VENTAS SEGUN OFICIO DGT-087-07 DEL DEL 22-01-2007.,False,goods
l10n_cr_ticofac.activity_526008,526008,9601.0,REPARACION Y MANTENIMIENTO DE PERSIANAS Y CORTINAS,"ESTA CLASE INCLUYE LA REPARACION Y MANTENIMIENTO DE PERSIANAS, CORTINAS O SUS ACCESORIOS.",False,goods
l10n_cr_ticofac.activity_526010,526010,4330.0,INSTALACION Y MANTENIMIENTO DE PERSIANAS Y CORTINAS,ESTA CLASE INCLUYE LA INSTALACION Y MANTENIMIENTO DE PERSIANAS Y CORTINAS INDEPENDIENTEMENTE DEL MATERIAL CON EL QUE SE FABRICARON,False,goods
l10n_cr_ticofac.activity_526011,526011,9512.0,REPARACION Y MANTENIMIENTO DE EQUIPO PARA TELECOMUNICACIONES,"EN ESTA CLASE SE INCLUYE LA REPARACIONES DE EQUIPO PARA COMUNICACIONES TALES COMO: CENTRALES TELEFONICAS, TELEFONOS, FAX, RADIOCOMUNICADORES, RADIOLOCALIZADORES, ANTENAS, ETC.",False,goods
l10n_cr_ticofac.activity_526012,526012,4390.0,"INSTALACION Y MANTENIMIENTO DE PISCINAS,JACUZZIS Y SIMILARES","EN ESTA CLASE SE INCLUYE LA INSTALACION DE EQUIPO PARA PISCINA, JACUZZI Y SIMILARES. SE INCLUYE TAMBIEN EL MANTENIMIENTO DEL MISMO. (NO CONTEMPLA LA VENTA DEL EQUIPO, ACTIVIDAD 523803).",False,goods
l10n_cr_ticofac.activity_551001,551001,5510.9,"ALQUILER DE goods INMUEBLES DE USO HABITACIONAL POR PERIODOS INFERIORES A UN MES (CASAS DE ESTANCIA TRANSITORIA, CASA DE HUESPEDES, CABINAS, CAMPAMENTOS, ENTRE OTROS)","EN ESTA CLASE SE INCLUYE EL ALQUILER DE INMUEBLES PARA ESTANCIAS TRANSITORIAS POR PERIODOS MENORES A UN MES. LAS PARTES SE OBLIGAN RECIPROCAMENTE, UNA A CONCEDER EL USO Y LA OTRA EL GOCE TEMPORAL DEL INMUEBLE. ADEMAS, SE INCLUYE EL HOSPEDAJE TEMPORAL Y EL ALQUILER DE LUGARES PARA ACAMPAR,TANTO AL PUBLICO EN GENERAL COMO A AFILIADOS A UNA DETERMINADA ORGANIZACION. INCLUYE TAMBIEN EL ALQUILER TURISTICO DE CONDOMINIOS SEGUN OFICIO DGT-812-06 DEL 2 DE JUNIO DEL 2006 . ASI COMO, EL ARTICULO 3 DE LA LEY PARA MEJORAR LA LUCHA CONTRA EL FRAUDE FISCAL.",False,goods
l10n_cr_ticofac.activity_551002,551002,5510.1,HOTEL,"ESTA CLASE INCLUYE EL SERVICIO DE ALOJAMIENTO A LAS PERSONAS TEMPORALMENTE Y QUE POR LO GENERAL PROVEEN A LOS HUESPEDES SERVICIOS ADICIONALES COMO RESTAURANTES, PISCINAS, GUARDERIAS, SERVICIOS DE CONFERENCIAS, CONVENCIONES Y REUNIONES EN SU ESTABLECIMIENTO.",False,goods
l10n_cr_ticofac.activity_551004,551004,5510.1,"MOTEL Y/O SERVICIO DE HABITACION OCASIONAL, ALBERGUES, POSADAS Y SIMILARES","EN ESTA CLASE SE INCLUYE LOS ESTABLECIMIENTOS EN LOS QUE SE FACILITA EL ALOJAMIENTO EN HABITACIONES CON ENTRADAS INDEPENDIENTES DESDE EL EXTERIOR, CON O SIN GARAJE, PROXIMOS O CONTIGUOS ADICHA HABITACION. EN COSTA RICA SE FRECUENTAN ESTOS SITIOS PARA CITAS OCASIONALES, CONTEMPLA ALBERGUES Y POSADAS.",False,goods
l10n_cr_ticofac.activity_551005,551005,5223.0,SERVICIO DE SALAS VIP Y PREMIUN EN AEROPUERTOS,"ESTE TIPO DE ACTIVIDAD CONSISTE EN EL SERVICIO DE SALAS VIP Y PREMIUM, QUE PERMITEN EL USO DE WIFI, ACCESO A PERIODICOS, REVISTAS Y TELEVISION, COMPUTADORAS, INTERNET, ENTRE OTROS. ADEMAS DE PAQUETES DE ALIMENTACION BASICA DE CONSUMO ILIMITADO QUE DEBEN SER CANCELADOS DIRECTAMENTE EN LA SALA POR QUIEN LOS DISFRUTA. DE PRESTARSE ESTOS ULTIMOS SERVICIOS SE DEBE INSCRIBIR LA ACTIVIDAD SECUNDARIA QUE CONTENGA VENTAS.",False,goods
l10n_cr_ticofac.activity_552001,552001,5630.0,"BARES, CANTINAS O TABERNAS","EN ESTA CLASE SE INCLUYE LOS ESTABLECIMIENTOS COMERCIALES DONDE SE SIRVEN BEBIDAS ALCOHOLICAS Y NO ALCOHOLICAS Y APERITIVOS, GENERALMENTE PARA SER CONSUMIDOS DE INMEDIATO EN EL MISMO ESTABLECIMIENTO.",False,goods
l10n_cr_ticofac.activity_552002,552002,5610.0,CAFETERIAS,EN ESTA CLASE SE INCLUYE LAS CAFETERIAS.,False,goods
l10n_cr_ticofac.activity_552003,552003,5621.0,SERVICIOS DE CATERING SERVICE,"EN ESTA CLASE SE INCLUYE EL SERVICIO PROFESIONAL QUE SE DEDICA PREFERENTEMENTE AL SUMINISTRO DE COMIDA PREPARADA, PERO TAMBIEN PUEDE ABASTECER DE TODO LO NECESARIO PARA ORGANIZAR UN BANQUETE O UNA FIESTA",False,goods
l10n_cr_ticofac.activity_552004,552004,5610.0,"SERVICIO DE RESTAURANTE, CAFETERIAS, SODAS Y OTROS EXPENDIOS DE COMIDA","ESTA CLASE COMPRENDE EL SERVICIO DE COMIDAS A LOS CLIENTES, (SERVIDAS EN MESA O TIPO BUFFETE) YA SEA PARA CONSUMIR EN EL LOCAL, O PARA ENTREGAR A DOMICILIO. ESTA CLASE COMPRENDE LAS ACTIVIDADES DE: RESTAURANTES, CAFETERIAS, RESTAURANTES DE COMIDA RAPIDA, REPARTO DE PIZZA A DOMICILIO, RESTAURANTES DE COMIDA PARA LLEVAR, VENDEDORES AMBULANTES DE HELADOS, PUESTOS AMBULANTES DE COMIDA, PREPARACION DE ALIMENTOS EN PUESTOS DE MERCADO.",False,goods
l10n_cr_ticofac.activity_552007,552007,5610.0,OTROS EXPENDIOS DE COMIDAS,"EN ESTA CLASE SE INCLUYE LA VENTA O EXPENDIO AL POR MENOR DE COMIDAS NO ESPECIFICADO EN OTRA PARTE, TIPO VENTANA O SIMILAR, TALES COMO VENTA DE CONOS, EMPAREDADOS, GRANIZADOS, PUPUSAS, PIZZAS, TACOS, POLLO FRITO, CHICHARRONES, EMPANADAS,ETC.",False,goods
l10n_cr_ticofac.activity_601001,601001,4911.0,SERVICIO DE TRANSPORTE POR VIA FERREA,"EN ESTA CLASE SE INCLUYE EL TRANSPORTE DE PASAJEROS Y CARGA POR FERROCARRIL INTERURBANO. TAMBIEN SE INCLUYEN LAS ACTIVIDADES CONEXAS, TALES COMO LAS DE CAMBIO DE VIAS Y DE AGUJAS.",False,goods
l10n_cr_ticofac.activity_602001,602001,4923.9,SERVICIO DE TRANSPORTE DE CARGA POR VIA TERRESTRE,EN ESTA CLASE SE INCLUYE EL SERVICIO DE TRANSPORTE DE CARGA POR VIA TERRESTRE (CAMINOS Y CARRETERAS). EL TRANSPORTE POR VIA FERREA SE INCLUYE EN EL CODIGO 601001.,False,goods
l10n_cr_ticofac.activity_602002,602002,4923.9,TRANSPORTE DE PRODUCTOS DERIVADOS DEL PETROLEO,EN ESTA CLASE SE INCLUYE EL SERVICIO DE TRANSPORTE EN VEHICULOS ESPECIALIZADOS (TIPO CISTERNA) DE PRODUCTOS DERIVADOS DEL PETROLEO.,False,goods
l10n_cr_ticofac.activity_602101,602101,4922.1,TRANSPORTE DE ESTUDIANTES Y EMPLEADOS,EN ESTA CLASE SE INCLUYE EL SERVICIO DE TRANSPORTE DE ESTUDIANTES ASI COMO EL SERVICIO DE TRANSPORTE DE EMPLEADOS.,False,goods
l10n_cr_ticofac.activity_602102,602102,4921.0,SERVICIO DE TRANSPORTE REGULAR DE PERSONAS POR VIA TERRESTRE,"ESTA CLASE COMPRENDE EL TRANSPORTE TERRESTRE DE PASAJEROS POR SISTEMAS DE TRANSPORTE URBANOS Y SUBURBANOS, QUE PUEDEN ABARCAR LINEAS DE AUTOBUS, TRANVIA, ETC. EL TRANSPORTE SE REALIZA POR RUTAS ESTABLECIDAS SIGUIENDO NORMALMENTE UN HORARIO FIJO Y ENTRAÑA LA RECOGIDA Y DEPOSICION DE LOS PASAJEROS EN PARADAS FIJAS.",False,goods
l10n_cr_ticofac.activity_602201,602201,4922.3,SERVICIOS DE BUS/MICROBUS (EXCURSIONES),EN ESTA CLASE SE INCLUYE EL SERVICIO DE TRANSPORTE EN BUSES O MICROBUSES PARA EXCURSIONES.,False,goods
l10n_cr_ticofac.activity_602202,602202,4922.2,SERVICIO DE TAXI,EN ESTA CLASE SE INCLUYE EL TRANSPORTE NO REGULAR DE PASAJEROS POR VIA TERRESTRE QUE SE PRESTA POR MEDIO DE UN CONTADOR TAXIMETRO Y QUE SE ENCUENTRA REGULADA POR EL MOPT,False,goods
l10n_cr_ticofac.activity_602203,602203,4922.2,SERVICIO ESPECIAL ESTABLE DE TAXI,"ESTA CLASE INCLUYE EL SERVICIO PUBLICO DE TRANSPORTE REMUNERADO DE PERSONAS DIRIGIDO A UN GRUPO CERRADO DE PERSONAS USUARIAS Y QUE SATISFACE UNA DEMANDA LIMITADA, RESIDUAL, EXCLUSIVA Y ESTABLE. (PORTEADORES)",False,goods
l10n_cr_ticofac.activity_602301,602301,4923.9,SERVICIO DE ACARREO Y DISTRIBUCION DE TODO TIPO DE MERCANCIA (INCLUYE LA MUDANZA NACIONAL),"EN ESTA CLASE, QUE ABARCA TODOS LOS TIPOS DE TRANSPORTE REGULAR Y NO REGULAR DE CARGA POR CARRETERA, SE INCLUYE EL TRANSPORTE EN CAMION DE UNA GRAN VARIEDAD DE MERCANCIAS, COMO TRONCOS, GANADO, PRODUCTOS REFRIGERADOS, CARGA PESADA, CARGA A GRANEL, MUEBLES DE MUDANZAS, ETC. TAMBIEN SE INCLUYEN EL TRANSPORTE DE CARGA EN VEHICULOS DE TRACCION HUMANA Y ANIMAL (AQUELLOS IMPULSADOS POR EL HOMBRE Y/O ANIMAL, EJE; BICICLETA Y CARRETA) Y EL ALQUILER DE CAMIONES CON CONDUCTOR U OPERARIO. PARA EL ACARREO Y LA DISTRIBUCION EXCLUSIVA DE TODO TIPO DE PRODUCTOS PRESTADOS A EMPRESAS COMERCIALIZADORAS DE PRODUCTOS.",False,goods
l10n_cr_ticofac.activity_602302,602302,5221.1,SERVICIOS DE GRUA,EN ESTA CLASE SE INCLUYE EL SERVICIO DE TRASLADO DE CUALQUIER TIPO DE AUTOMOVIL O MOTOCICLETA POR MEDIO DE GRUAS O PLATAFORMAS.,False,goods
l10n_cr_ticofac.activity_602304,602304,4923.1,SERVICIO DE MUDANZA INTERNACIONAL,ESTA CLASE INCLUYE EL SERVICIO PRESTADO POR PERSONAS FISICAS O JURIDICAS PARA TRASLADAR MENAJE DE CASA O EFECTOS PERSONALES DEL PAIS HACIA EL EXTERIOR O VICEVERSA. LA MUDANZA NACIONAL SE INCLUYE EN LA ACTIVIDAD 602301.,False,goods
l10n_cr_ticofac.activity_603001,603001,4930.0,SERVICIO DE TRANSPORTE POR TUBERIAS,"ESTA CLASE COMPRENDE EL TRANSPORTE POR TUBERIAS DE GASES, LIQUIDOS, LECHADAS Y OTROS PRODUCTOS. SE INCLUYEN EL FUNCIONAMIENTO DE LAS ESTACIONES DE BOMBEO Y LA CONSERVACION DE LAS TUBERIAS.",False,goods
l10n_cr_ticofac.activity_611001,611001,5012.0,SERVICIO DE TRANSPORTE DE CARGA Y/O CABOTAJE DE PASAJEROS POR VIA ACUATICA,"ESTA CLASE INCLUYE EL TRANSPORTE REGULAR Y NO REGULAR DE CARGA POR VIA ACUATICA. EJEMPLOS:TRANSPORTE MARITIMO Y DE CABOTAJE, VIA LACUSTRE O RELATIVO A LAGOS ASI COMO TRANSPORTE DEPASAJEROS Y CARGA POR RIOS, CANALES Y OTRAS VIAS DE NAVEGACION INTERIORES, COMO RADAS Y PUERTOS.",False,goods
l10n_cr_ticofac.activity_621001,621001,5120.0,SERVICIO DE TRANSPORTE DE CARGA POR VIA AEREA,ESTA CLASE ABARCA TODO TIPO DE TRANSPORTE URGENTE O NO DE MERCANCIAS VIA AEREA. (INCLUYE SU RECIBO Y ENVIO).,False,goods
l10n_cr_ticofac.activity_621002,621002,5110.0,SERVICIO DE TRANSPORTE AEREO REGULADO DE PASAJEROS (LINEAS AEREAS),EN ESTA CLASE SE INCLUYE LOS SERVICIO PRESTADOS POR LAS LINEAS AEREAS,False,goods
l10n_cr_ticofac.activity_621003,621003,7490.0,SERVICIO DE PILOTAJE,ESTA CLASE COMPRENDE LAS PERSONAS ESPECIALIZADAS EN LA CONDUCCION DE NAVIOS DE SUPERFICIE O AEREOS (PILOTOS) QUE BRINDAN EL SERVICIO DE PILOTAJE.,False,goods
l10n_cr_ticofac.activity_622001,622001,5110.0,SERVICIO DE TRANSPORTE AEREO NO REGULAR DE PASAJEROS,EN ESTA CLASE SE INCLUYE EL TRANSPORTE DE PASAJEROS BRINDADO DE FORMA INDEPEN- DIENTE A LINEAS AEREAS.,False,goods
l10n_cr_ticofac.activity_630001,630001,5223.0,PRESTACION DE SERVICIOS DE TRANSITO AEREO,"INCLUYASE LA PRESTACION DE LOS SERVICIOS DE TRANSITO AEREO, DE TELECOMUNICACIONES AERONAUTICAS Y DE RADIOAYUDAS PARA LA NAVEGACION AEREA. ASI COMO ACTIVIDADES DE CONTROL DE TRAFICO Y NAVEGACION.",False,goods
l10n_cr_ticofac.activity_630101,630101,5224.0,SERVICIO DE CONSOLIDACION DE CARGA Y DESCARGA,"EN ESTA CLASE SE INCLUYE EL SERVICIO DE CARGA, DESCARGA Y ENVIO EN GENERAL DE EQUIPO, MATERIALES Y/O MERCANCIAS, VIA TERRESTRE, MARITIMO O AEREO, DE LA DISTRIBUCION Y TRANSPORTE DE MERCANCIAS DE ECONOMIAS DE ESCALA EN LOGISTICA NACIONAL E INTERNACIONAL.",False,goods
l10n_cr_ticofac.activity_630201,630201,5210.0,SERVICIOS DE ALMACENAJE,EN ESTA CLASE SE INCLUYE EL SERVICIO DE ALMACENAJE EN GENERAL INDEPENDIENTEMENTE DEL PRODUCTO.,False,goods
l10n_cr_ticofac.activity_630301,630301,5221.2,PARQUEOS/ESTACIONAMIENTO DE VEHICULOS,EN ESTA CLASE SE INCLUYE LOS PARQUEOS O LUGARES ADECUADOS PARA EL ESTACIONAMIENTO DE VEHICULOS.,False,goods
l10n_cr_ticofac.activity_630302,630302,5221.2,"FUNCIONAMIENTO DE INSTALACIONES TERMINALES COMO PUERTOS, MUELLES Y AEROPUERTOS","ESTA CLASE INCLUYE EL FUNCIONAMIENTO DE INSTALACIONES TERMINALES, COMO ESTACIONES FERROVIARIAS, PUERTOS, MUELLES, AEROPUERTOS,ETC.",False,goods
l10n_cr_ticofac.activity_630303,630303,5221.9,PERMISO DE PASO POR PROPIEDADES PRIVADAS (PEAJE),"ESTA ACTIVIDAD INCLUYE EL COBRO DE UNA TARIFA A PARTICULARES, PARA HACER USO DE CAMINOS PRIVADOS COMO PASO A OTRAS PROPIEDADES CERCANAS.",False,goods
l10n_cr_ticofac.activity_630401,630401,7911.0,AGENCIAS DE VIAJES Y EXCURSIONES,"ESTA CLASE COMPRENDE LAS ACTIVIDADES DE AGENCIAS DEDICADAS PRINCIPALMENTE A VENDER SERVICIOS DE VIAJES, DE VIAJES ORGANIZADOS, DE TRANSPORTE Y DE ALOJAMIENTO AL PUBLICO EN GENERAL Y A CLIENTES COMERCIALES",False,goods
l10n_cr_ticofac.activity_630403,630403,7912.0,GUIA DE TURIMO Y SERVICIO DE ASESORIA EN VIAJES Y TURISMO,"ESTA ACTIVIDAD COMPRENDE LA ORGANIZACION DE PAQUETES DE SERVICIOS DE VIAJES PARA SU VENTA A TRAVES DE AGENCIAS DE VIAJES O POR LOS PROPIOS OPERADORES TURISTICOS. ESOS VIAJES ORGANIZADOS PUEDEN INCLUIR UNO O VARIOS DE LOS ELEMENTOS SIGUIENTES: TRANSPORTE, ALOJAMIENTO, COMIDAS, VISITAS A MUSEOS, LUGARES HISTORICOS O CULTURALES Y ASISTENCIA A ESPECTACULOS TEATRALES, MUSICALES O DEPORTIVOS",False,goods
l10n_cr_ticofac.activity_630405,630405,7912.0,EXPLOTACION DE ACTIVIDADES TURISTICAS(CUYA PRES TACION NO SEA REALIZADA POR UN CENTRO DE RECREO),"COMPRENDE LA ORGANIZACION Y EXPLOTACION DE ACTIVIDADES TURISTICAS TALES COMO, CANOPY TOURS, BUNGEE, TOURS ACUATICOS, BUCEO CON TANQUE, BUCEO SOLO CON MASCARILLA(SNORKLE) RAPIDOS (RAFTING), TELEFERICO, CAYAK, TOURS EN CUADRACICLOS, CANYONING (RAPPEL EN CATARATA), ESCALADA EN ROCA, ENTRE OTROS,SIEMPRE QUE LA PRESTACION DEL SERVICIO NO SEA REALIZADA POR UN CENTRO DE RECREO, LO ANTERIOR DE CONFORMIDAD CON EL OFICIO DTI-85-2016 DEL 24 DE OCTUBRE DEL 2016.",False,goods
l10n_cr_ticofac.activity_630901,630901,5229.0,"AGENCIAS ADUANALES, ALMACENES FISCALES Y ESTACIONAMIENTOS TRANSITORIOS",EN ESTA CLASE SE INCLUYEN ALMACENES FISCALES Y ESTACIONAMIENTOS TRANSITORIO (ALMACENAMIENTO POR PERIODOS INDEFINIDOS Y DE FORMA TRANSITORIA SEGUN ART.145 LEY GRAL ADUANAS.),False,goods
l10n_cr_ticofac.activity_630903,630903,5229.0,AGENCIA DE TRANSPORTE (NAVIERA),"EN ESTA CLASE SE INCLUYE LOS SERVICIOS BRINDADOS POR AGENCIAS DE TRANSPORTE, INCLUYENDO LA RECEPCION Y ACEPTACION DE LA CARGA, LA PREPARACION DE LOS DOCUMENTOS DE TRANSPORTE, LA AGRUPACION Y EL FRACCIONAMIENTO DE LA CARGA, CONTRATACION DE FLETES. LOS SERVICIOS DE AGENCIAS ADUANALES SE INCLUYEN EN LA ACTIVIDAD 630901Y LOS ALMACENES FISCALES EN LA 630902.",False,goods
l10n_cr_ticofac.activity_630904,630904,5229.0,AGENTE ADUANERO FISICO O JURIDICO,"ESTA CLASE INCLUYE A LOS AGENTES ADUANEROS QUIENES SON PROFESIONALES AUXILIARES DE LA FUNCION PUBLICA ADUANERA, AUTORIZADOS POR EL MINISTERIO DE HACIENDA PARA ACTUAR, EN SU CARACTER DE PERSONA NATURAL, CON LAS CONDICIONES Y REQUISITOS ESTABLECIDOS EN EL CODIGO ADUANERO UNIFORME CENTROAMERICANO Y LA LEY GENERAL DE ADUANAS, NO. 7557, EN LA PRESTACION HABITUAL DE SERVICIOS A TERCEROS, EN LOS TRAMITES, REGIMENES Y LAS OPERACIONES ADUANERAS. OBLIGADOS EN EL IMPUESTO SOBRE LAS VENTAS CONFORME A OFICIO 1719 DEL 28/10/2005 DE LA DIRECCION GENERAL DE TRIBUTACION",False,goods
l10n_cr_ticofac.activity_641101,641101,5310.0,ACTIVIDADES POSTALES Y DE CORREO,"ESTA ACTIVIDAD INCLUYE LA RECOLECCION, CLASIFICACION, TRANSPORFTE Y ENTREGA (NACIONAL O INTERNACIONAL) DE CORRESPONDENCIA ORDINARIA Y PAQUETES POR SERVICIOS POSTALES. LA ACTIVIDAD PUEDE REALIZARSE EN UNO O VARIOS MEDIOS DE TRANSPORTE PROPIOS (TRANSPORTE PRIVADO) O TRANSPORTE PUBLICO. RECOLECCION DE CORRESPONDENCIA Y PAQUETES DEPOSITADOS EN BUZONES PUBLICOS O EN OFICINAS DE CORREOS. DISTRIBUCION Y ENTREGA DE CORRESPONDENCIA Y PAQUETES.ALQUILER DE BUZONES Y SERVICIOS DE APARTADO POSTAL.",False,goods
l10n_cr_ticofac.activity_642001,642001,6190.9,"SERVICIOS DE RADIO-MENSAJES, RADIOLOCALIZADORES Y SIMILARES","EN ESTA CLASE SE INCLUYE LAS ESTACIONES QUE BRINDAN EL SERVICIO DE RADIO MENSAJE, RADIOLOCALIZADORES U OTROS SIMILARES",False,goods
l10n_cr_ticofac.activity_642002,642002,6110.0,"SERVICIO DE TELEVISION POR CABLE, SATELITE U OTROS SISTEMA S SIMILARES","EN ESTA CLASE SE INCLUYE EL SERVICIO DE TELEVISION TRANSMITIDO POR MEDIO DE CABLE, SATELITE U OTROS SISTEMAS SIMILARES, TALES COMO LOS QUE OFRECE AMNET, CABLETICA, SKY, CABLE VISION, ENTRE OTROS.",False,goods
l10n_cr_ticofac.activity_642003,642003,6190.9,MANTENIMIENTO DE REDES DE TELECOMUNICACION,SE INCLUYE EL MANTENIMIENTO DE LAS REDES DE TELECOMUNICACION,False,goods
l10n_cr_ticofac.activity_642004,642004,6010.0,SERVICIO DE RADIO FRECUENCIA,EN ESTA CLASE SE INCLUYE EL SERVICIO BRINDADO POR OPERADORES DE RADIO FRECUENCIA LOS CUALES RECIBEN Y TRANSMITEN INFORMACION A RECEPTORES QUE EJECUTAN LA SOLICITUD.,False,goods
l10n_cr_ticofac.activity_642005,642005,6110.0,"SERVICIOS TELEFONICOS, TELEGRAFICOS Y POR TELEX","SE INCLUYEN LAS COMUNICACIONES TELEFONICAS, TELEGRAFICAS, POR TELEX, INCLUSO POR MEDIO DE INTERNET.SE INCLUYE ADEMAS LOS SERVICIOS TELEFONICOS EN LA MODALIDAD DE PREPAGO, COMERCIALIZADOS POR OPERADORES O EMISORES DE A) TARJETAS TELEFONI- CAS B) PINES C) TIEMPO-AIRE D) OTROS SIMILARES.",False,goods
l10n_cr_ticofac.activity_642007,642007,6110.0,VENTA DE ESPACIO EN EL CABLE SUBMARINO,"EN ESTA CLASE SE INCLUYE LA VENTA DEL ESPACIO DEL CABLE SUBMARINO PARA EL SUMINISTRO DE TELECOMUNICACIONES DEL ICE Y RACSA A SUS USUARIOS, PRINCIPALMENTE INTERNET. SUJETO A IMPUESTO DE VENTAS OF. DGT-6608-2008",False,goods
l10n_cr_ticofac.activity_642008,642008,6120.0,"SERVICIO DE TRANSMISION DE DATOS, TEXTO, SONIDO, VOZ Y VIDEO POR MEDIO DE LA RED DE INTERNET","EN ESTA CLASE SE INCLUYEN LOS SERVICIOS DE CORREO ELECTRONICO, BOLETINES, MENSAJERIA DE TEXTO (SMS), VENTA DE ESPACIO EN LA RED, ENTRE OTROS, UTILIZANDO UNA INFRAESTRUCTURA DE TELECOMUNICACIONES (INCLUYE LAS INALAMBRICAS).",False,goods
l10n_cr_ticofac.activity_651101,651101,6411.0,BANCA CENTRAL,"EN ESTA CLASE SE INCLUYEN LA RECEPCION DE DEPOSITOS PARA OPERACIONES DE COMPENSACION ENTRE INSTITUCIONES FINANCIERAS, LA SUPERVISION DE LAS OPERACIONES BANCARIAS Y, POSIBLEMENTE, EL MANTENIMIENTO DE LAS RESERVAS NACIONALES DE DIVISAS Y LA EMISION Y ADMINISTRACION DE LA MONEDA NACIONAL, ASI COMO LA FUNCION DE BANCO DEL GOBIERNO. LAS ACTIVIDADES DE LOS BANCOS CENTRALES PUEDEN VARIAR POR RAZONES INSTITUCIONALES.",False,goods
l10n_cr_ticofac.activity_651901,651901,6419.0,COOPERATIVAS DE AHORRO Y CREDITO,EN ESTA CLASE SE INCLUYE UNICAMENTE LAS COOPERATIVAS DE AHORRO Y CREDITO,False,goods
l10n_cr_ticofac.activity_651903,651903,6419.0,BANCOS ESTATALES (EXCEPTO EL BANCO CENTRAL),ESTA CLASE ABARCA LA INTERMEDIACION MONETARIA REALIZADA POR LOS BANCOS ESTATALES. SE EXCLUYE LA BANCA CENTRAL.,False,goods
l10n_cr_ticofac.activity_651904,651904,6419.0,ENTIDADES FINANCIERAS PRIVADAS (BANCOS),ESTA CLASE ABARCA LA INTERMEDIACION MONETARIA REALIZADA POR LA BANCA COMERCIAL PRIVADA,False,goods
l10n_cr_ticofac.activity_651905,651905,6419.0,SERVICIO DE ENVIO Y RECIBO DE DINERO,"EN ESTA CLASE SE INCLUYE EL SERVICIO BRINDADO POR EMPRESAS A CAMBIO DE UNA COMISION PARA EL ENVIO Y RECIBO DE DINERO DENTRO Y FUERA DEL PAIS. EMPRESAS DISTINTAS A BANCOS ESTALES, COMERCIALES, BANCOS DE DESCUENTO, CAJAS DE AHORRO O SIMILARES",False,goods
l10n_cr_ticofac.activity_651906,651906,6419.0,INSTITUCIONES DE AHORRO Y CREDITO PARA VIVIENDA,ESTA CLASE INCLUYE LAS INSTITUCIONES ESPECIALIZADAS DE CONCESION DE CREDITO PARA LA COMPRA DE VIVIENDA QUE RECIBEN DEPOSITOS.,False,goods
l10n_cr_ticofac.activity_659101,659101,6491.0,ARRENDAMIENTO OPERATIVO EN FUNCION FINANCIERA CON OPCION DECOMPRA O RENOVACION (LEASING OPERATIVO),"SE CONSIDERARA PARA EFECTOS TRIBUTARIOS, DENTRO DE LA CATEGORIA DE CONTRATOS DE ARRENDAMIENTO OPERATIVO, AQUELLOS EN LOS QUE LOS ARRENDANTES SON ENTIDADES FINANCIERAS O EMPRESAS DEDICADAS HABITUALEMENTE AL NEGOCIO DE ARRENDAMIENTO DE ACTIVOS CON OPCION DE COMPRA O RENOVACION. AFECTO AL IMPUESTO SOBRE LAS VENTAS SEG UN DECRETO NÑ 32876-H DEL DEL 09 DE FEBRERO DE 2006 GACETA 29.",False,goods
l10n_cr_ticofac.activity_659201,659201,6492.0,ENTIDADES FINANCIERAS DISTINTAS AL SISTEMA BANCARIO NACIONAL,"EN ESTA CLASE SE INCLUYE LA INTERMEDIACION FINANCIERA REALIZADA POR INSTITUCIONES QUE NO PRACTICAN LA INTERMEDIACION MONETARIA Y CUYA FUNCION PRINCIPAL ES CONCEDER PRESTAMOS. SE INCLUYEN EL OTORGAMIENTO DE CREDITO A LOS CONSUMIDORES, LA FINANCIACION A LARGO PLAZO PARA EL SECTOR INDUSTRIAL. EN ESTA CLASE SE INCLUYE ELOTORGAMIENTO DE CREDITO PARA LA ADQUISICION DE VIVIENDA POR INSTITUCIONESESPECIALIZADAS QUE NO RECIBEN DEPOSITOS.",False,goods
l10n_cr_ticofac.activity_659202,659202,6492.0,EMISORAS Y PROCESADORAS DE TARJETAS DE CREDITO,"ESTA CLASE INCLUYE EL SERVICIO DE TARJETAS DE CREDITO, ES DECIR LA CONFECCION, OTORGAMIENTO Y SOPORTE EN SOFTWARE AL ADQUIRENTE, DE UNA LINEA DE CREDITO A UN PLAZO, TASA Y CONDICIONES DETERMINADAS BAJO UN CONTRATO ENTRE EL CLIENTE Y EL EMISOR DE LA TARJETA",False,goods
l10n_cr_ticofac.activity_659901,659901,6492.0,SERVICIO DE PRESTAMO (PRESTAMISTAS),"ESTA CLASE INCLUYE A PERSONAS FISICAS O JURIDICAS QUE PRESTA UNA CANTIDAD DE DINERO A DEVOLVER EN UN PLAZO DETERMINADO, Y RECIBE A PARTE DEL DINERO PRESTADO UNA RETRIBUCION CONOCIDA COMO INTERESES.:",False,goods
l10n_cr_ticofac.activity_659902,659902,6430.0,FIDEICOMISOS Y/O ADMINISTRADORES DE FONDOS DE INVERSION,ESTA CLASE ABARCA LA INTERMEDIACION FINANCIERA DE OTRO TIPO CUYO OBJETIVO ES LA ADMINISTRACION DE FONDOS DE TERCEROS O LA ADMINISTRACION DE UN FONDO DE INVERSION,False,goods
l10n_cr_ticofac.activity_659903,659903,6430.0,SOCIEDADES DE INVERSION MOBILIARIA,"EN ESTA CLASE SE INCLUYE LAS INVERSIONES EN VALORES MOBILIARIOS, COMO POR EJEM-PLO ACCIONES, OBLIGACIONES, TITULOS, LOTES DE VALORES MOBILIARIOS DE SOCIEDADESO FONDOS COMUNES DE INVERSION, ETC.",False,goods
l10n_cr_ticofac.activity_659904,659904,6499.0,SERVICIO RECUPERACION DE DEUDAS (FACTORE0),ESTA CLASE SE REFIERE A LAS EMPRESAS O COMPAÑIAS QUE COMPRAN CUENTAS POR COBRAR CON EL OBJETIVO DE RECUPERAR LA DEUDA.,False,goods
l10n_cr_ticofac.activity_659905,659905,6430.0,FONDOS DE INVERSION,INCLUYASE EN ESTA ACTIVIDAD LAS FIGURAS JURIDICAS DE FONDOS DE INVERSION QUE OBTIENEN RENDIMIENTOS PROVENIENTES DE TITULOS VALORES U OTROS ACTIVOS. ASI COMO GANANCIAS DE CAPITAL GENERADAS POR ENAJENACION DE ACTIVOS(ALQUILER DE goods INMUEBLES).,False,goods
l10n_cr_ticofac.activity_659906,659906,6420.0,ACTIVIDADES DE SOCIEDADES DE CARTERA (HOLDING),"ESTA CLASE INCLUYE LAS ACTIVIDADES REALIZADAS POR SOCIEDADES DE CARTERA, CONOCIDAS COMO HOLDING",False,goods
l10n_cr_ticofac.activity_659907,659907,6499.0,INGRESOS POR INTERESES DIFERENTES AL COMERCIO DEL PRESTAMO,"EN ESTA CLASE SE INCLUYE LOS INGRESOS POR INTERESES RECIBIDOS POR FINANCIAMIENTO DE SALDOS, NO CONTEMPLA LOS INTERESES POR PRESTAMOS DE PARTICULARES NI POR ENTIDADES FINANCIERAS DE NINGUN TIPO.",False,goods
l10n_cr_ticofac.activity_659908,659908,8411.0,FONDOS DE LA LEY DEL SISTEMA DE BANCA PARA EL DESARROLLO,"INCLUYASE EN ESTA ACTIVIDAD LOS FONDOS QUE SEGUN LA LEY 9274 ""REFORMA INTEGRAL DE LA LEY 8634, LEY SISTEMA DE BANCA PARA EL DESARROLLO Y REFORMA DE OTRAS LEYES""; ESTAN EXENTOS DE TODO TRIBUTO A SABER: LOS FONDOS DE CREDITO PARA EL DESARROLLO (FDC) Y LOS FONDOS DE FINANCIAMIENTO PARA EL DESARROLLO (FOFIDE).DICHOS FONDOS ESTAN REGULADOS POR LA RESOLUCION DGT-R-10-2015 DEL 17/04/15, EN LA CUAL SESE ESTABLECE EL PROCEDIMIENTO PARA LA CORRECTA APLICACION DE LAS EXENCIONES DEL DEL PAGO DEL IMPUESTO SOBRE LA RENTA, ART. 23 INCISO C) DE LA LEY DEL IMPUESTO SOBRE LA RENTA.",False,goods
l10n_cr_ticofac.activity_659909,659909,8411.0,FIDEICOMISOS DE LA LEY DEL SISTEMA DE BANCA PARA EL DESARROLLO,"INCLUYASE EN ESTA ACTIVIDAD LOS FIDEICOMISOS QUE SEGUN LA LEY 8634 DEL 23 DE ABRIL DEL 2008 SE ESTABLECE LA CREACION DEL FINADE EL CUAL ONSTITUYE UN PATRIMONIO AUTONOMO ADMINISTRADO POR EL BANCO PUBLICO QUE SE DEFINA. LOS MISMOS DEBERAN REGISTRARSE COMO DECLARANTES DEL IMPUESTO SOBRE LA RENTA CON FUNDAMENTO EN LA RESOLUCION DGT-R-21-2014. ADEMAS, LOS MISMOS ESTAN REGULADOS POR LA RESOLUCION DGT-R -10-2015 DEL 17/04/15, EN LA CUAL SE ESTABLECE EL PROCEDIMIENTO PARA LA CORRECTAAPLICACION DE LAS EXENCIONES DEL PAGO DEL IMPUESTO SOBRE LA RENTA, ART. 23 INCISO C) DE LA LEY DEL IMPUESTO SOBRE LA RENTA. AL RESPECTO, LA DIRECCION TECNICA TRIBUTARIA EMITE EL OFICIO DTI-065-2016.",False,goods
l10n_cr_ticofac.activity_660101,660101,6511.0,PLANES DE SEGUROS DE VIDA,"EN ESTA CLASE SE INCLUYEN LA CONCERTACION DE CONTRATOS DE ANUALIDADES Y POLIZAS DE SEGUROS DE VIDA(INCLUSO EL REASEGURO), SEGUROS DE INVALIDEZ Y SEGUROS DE DOBLE INDEMNIZACION, CONTENGAN O NO UN ELEMENTO IMPORTANTE DE AHORRO, MEDIANTE LOS CUALES SE CAPTAN E INVIERTEN FONDOS.",False,goods
l10n_cr_ticofac.activity_660201,660201,6530.0,OPERADORA DE PENSIONES,ESTA CLASE INCLUYE LAS OPERADORAS DE PENSIONES. ABARCA PLANES DE PENSIONES CON PRESTACIONES DEFINIDAS Y PLANES INDIVIDUALES EN LOS QUE LAS PRESTACIONES DEPENDEN DE LAS CONTRIBUCIONES DEL AFILIADO.,False,goods
l10n_cr_ticofac.activity_660202,660202,6530.0,FONDOS DE OPERADORAS DE PENSIONES EXENTOS DEL 8%,"INCLUYASE EN ESTA ACTIVIDAD TODOS AQUELLOS OBLIGADOS TRIBUTARIOS QUE SEGUN EL ARTICULO 72 DE LA LEY DE PROTECCION AL TRABAJADOR, ESTAN EXENTOS DE LOS IMPUESTOS REFERIDOS EN EL ART. 18 Y EN EL INCISO C) DEL ARTICULO 23 DE LA LEY DEL IMPUESTO SOBRE LA RENTA, LOS INTERESES, LOS DIVIDENDOS, LAS GANANCIAS DE CAPITAL YCUALQUIER OTRO BENEFICIO QUE PRODUZCAN LOS VALORES EN MONEDA NACIONAL O EN MONEDA EXTRANJERA, EN LOS CUALES LAS ENTIDADES AUTORIZADAS INVIERTAN LOS RECURSOS DELOS FONDOS QUE ADMINISTREN.",False,goods
l10n_cr_ticofac.activity_660301,660301,6622.0,AGENTES DE SEGUROS,EN ESTA CLASE SE INCLUYEN UNICAMENTE LOS SERVICIOS DE LOS AGENTES DE SEGUROS,False,goods
l10n_cr_ticofac.activity_660302,660302,6622.0,COMERCIALIZADORES DE SEGUROS,EN ESTA CLASE SE INCLUYE LAS AGENCIAS COMERCIALIZADORAS DE SEGUROS,False,goods
l10n_cr_ticofac.activity_660303,660303,6512.0,PLANES DE SEGUROS GENERALES,"ESTA CLASE INCLUYE LOS PLANES DE SEGURO DISTINTOS A LOS SEGUROS DE VIDA, LOS CUALES PUEDEN SER: CONTRA ACCIDENTES Y CONTRA INCENDIOS, SEGURO MEDICO, SEGURO DE COSAS Y AUTOMOVILES, SEGURO MARIIIMO Y AERONAUTICO, SEGURO DE TRANSPORTE, SEGURO CONTRA PERDIDAS PECUNIARIAS Y SEGURO DE RESPONSABILIDADCIVIL. LOS SEGUROS PERSONALES, LOS RIEGOS DE TRABAJO, LAS COSECHAS Y LAS VIVIENDAS DE INTERES SOCIAL SON SEGUROS NO GRAVADOS CON EL IMPUESTO DE VENTAS.",False,goods
l10n_cr_ticofac.activity_671101,671101,6611.0,ADMINISTRACION DE MERCADOS FINANCIEROS,"ESTA CLASE ABARCA LA ADMINISTRACION Y SUPERVISION DE MERCADOS FINANCIEROS PORENTIDADES DISTINTAS DE LAS AUTORIDADES PUBLICAS COMO: BOLSAS DE VALORES. MERCADOS BURSATILES, BOLSAS DE CONTRATOS DE PRODUCTOS BASICOS, BOLSAS DE FUTUROS, BOLSAS DE OPCIONES SOBRE ACCIONES. (ABARCA LOS BANCOS ESTATALES)",False,goods
l10n_cr_ticofac.activity_671201,671201,6612.0,CORREDORES DE BOLSA,ESTA CLASE INCLUYE A AQUELLAS PERSONAS QUE PREVIO ENCARGO TIENEN AUTORIZACION PARA ASESORAR O REALIZAR DIRECTAMENTE INVERSIONES O TRANSACCIONES DE VALORES EN EL MERCADO FINANCIERO,False,goods
l10n_cr_ticofac.activity_671202,671202,6612.0,PUESTOS DE BOLSA,ESTA CLASE INCLUYE LA REALIZACION DE OPERACIONES EN LOS MERCADOS FINANCIEROS POR CUENTA AJENA Y ACTVIDADES CONEXAS,False,goods
l10n_cr_ticofac.activity_671901,671901,6612.0,PUESTOS Y/O CASAS DE CAMBIO DE MONEDA EXTRANJERA,"EN ESTA CLASE SE INCLUYE LOS PUESTOS Y/O CASAS DE CAMBIO DE MONEDA EXTRANJERA, PUEDEN EJERCER ESTA ACTIVIDAD LOS BANCOS, FINANCIERAS, COOPERATIVAS, PUESTOS DE BOLSA, EMPRESAS Y PERSONAS QUE COMPRAN Y VENDEN LA MONEDA EXTRANJERA, POR VIA ELECTRONICA O VENTANILLA EN EL MERCADO MAYORISTA O MINORISTA, A CAMBIO DE ELLO RECIBEN UNA COMISION.",False,goods
l10n_cr_ticofac.activity_671902,671902,6619.0,ASESORES FINANCIEROS Y ACTIVIDADES AUXILIARES DE LA INTERMEDICIACION FINANCIERA,"ESTA CLASE COMPRENDE LAS SIGUIENTES ACTIVIDADES AUXILIARES DE LAS ACTIVIDADES DE SERVICIOS FINANCIEROS, COMO: ACTIVIDADES DE TRAMITACION Y LIQUIDACION DE TRANSACCIONES FINANCIERAS, INCLUIDAS LAS TRANSACCIONES CON TARJETAS DE CREDITO, SERVICIOS DE ASESORAMIENTO EN INVERSIONES ACTIVIDADES DE ASESORES Y CORREDORES HIPOTECARIOS. SE INCLUYEN TAMBIEN LAS ACTIVIDADES DE SERVICIOS DE ADMINISTRACION FIDUCIARIA Y DE CUSTODIA A CAMBIO DE UNA RETRIBUCION O POR CONTRATA",False,goods
l10n_cr_ticofac.activity_672001,672001,6629.0,ACTIVIDADES AUXILIARES DE LA FINANCIACION DE PLANES DE SEGUROS Y DE PENSIONES,"EN ESTA CLASE, QUE ABARCA LAS ACTIVIDADES AUXILIARES DE LA FINANCIACION Y ADMINISTRACION DE PLANES DE SEGUROS Y DE PENSIONES O ESTRECHAMENTE RELACIONADAS CON ELLAS, PERO DISTINTAS DE LAS DE INTERMEDIACION FINANCIERA, SE INCLUYEN LAS ACTIVIDADES DE LOS SERVICIOS DE CORREDORES DE SEGUROS, PERITOS TASADORES Y LIQUIDADORESDE SINIESTROS Y ACTUARIOS, Y LAS DE ADMINISTRACION DEL SALVAMENTO.(INCLUYE A LOS INSPECTORES DE SINIESTROS DEL INS)",False,goods
l10n_cr_ticofac.activity_701001,701001,6810.0,ALQUILER DE CASAS Y OTROS,"EN ESTA CLASE SE INCLUYE EL ALQUIER DE EDIFICIOS DE APARTAMENTOS, CONDOMINIOS, CASAS DE HABITACION Y PISOS O APARTAMENTOS AMUEBLADOS O SIN AMUEBLAR A CAMBIO DE UNA RETRIBUCION O CONTRATA.",False,goods
l10n_cr_ticofac.activity_701002,701002,6810.0,ALQUILER DE LOCALES COMERCIALES Y CENTROS COMERCIALES,ESTA CLASE INCLUYE EL ALQUILER DE LOCALES COMERCIALES Y CENTROS COMERCIALES.,False,goods
l10n_cr_ticofac.activity_701003,701003,6810.0,COMPRA Y VENTA DE PROPIEDADES (INVERSIONISTAS),"EN ESTA CLASE SE INCLUYEN LA COMPRA, VENTA, Y EXPLOTACION DE goods INMUEBLES PROPIOS O ARRENDADOS, TALES COMO EDIFICIOS DE APARTAMENTOS, VIVIENDAS Y EDIFICIOS NO RESIDENCIALES. SI SE TRATA DE UN AGENTE O CORREDOR DE goods RAICES VER ACIVIDAD 702001",False,goods
l10n_cr_ticofac.activity_701004,701004,6810.0,ALQUILER DE EDIFICIOS Y PROPIEDADES DIFERENTES A CASAS DE HABITACION,"SE REFIERE AL ALQUILER DE EDIFICIOS NO HABITACIONEALES, LOTES, FINCAS, ETC.",False,goods
l10n_cr_ticofac.activity_701005,701005,7740.0,ALQUILER DE MARCAS REGISTRADAS,ESTA CLASE ICLUYE EL ALQUILER DE MARCAS DEBIDAMENTE REGISTRADAS.,False,goods
l10n_cr_ticofac.activity_701006,701006,7740.0,"ALQUILER DE PATENTES (DE LICORES, UNICAMENTE)",ESTA CLASE INCLUYE A LOS PROPIETARIOS DE PATENTES DE LICORES QUE ARRENDAN ESTE BIEN INTANGIBLE A PERSONAS FISICAS O JURIDICAS.,False,goods
l10n_cr_ticofac.activity_701007,701007,7740.0,EXPLOTACION DE FRANQUICIAS,EN ESTA CLASE SE INCLUYE LA EXPLOTACION DE FRANQUICIAS MEDIANTE LA VENTA DE DERECHOS DE EXPLOTACION DE LA MARCA.,False,goods
l10n_cr_ticofac.activity_702001,702001,6820.0,AGENTES O CORREDORES DE goods RAICES,"EN ESTA CLASE SE INCLUYE A LOS CORREDORES DE goods RAICES QUE DE ACUERDO AL REGLAMENTO DE LA LEY DE VENTAS SE DEFINE COMO LAS DILIGENCIAS EFECTUADAS POR PERSONAS FISICAS O JURIDICAS PARA LA COMPRA Y VENTA DE goods RAICES, QUE SON RETRIBUIDAS MEDIANTE EL PAGO DE UNA COMISION. ESTA ACTIVIDAD SE ENCUENTRA GRAVADA EN VENTAS CONFORME AL ART. 1 INCISO N) DE LA LEY GENERAL DEL IMPUESTO SOBRE LAS VENTAS. SI SE TRATA DE COMPRA Y VENTA DE PROPIEDADES PARA REINVERTIR VER ACTIVIDAD 701003.",False,goods
l10n_cr_ticofac.activity_702002,702002,6810.0,ARRENDAMIENTO O ALQUILER DE goods INMUEBLES MEDIANTE CONTRATO VERBAL O ESCRITO.,"EN ESTA CLASE SE INCLUYE LA COMPRA, VENTA O ALQUILER DE goods INMUEBLES MEDIANTE CONTRATO VERBAL O ESCRITO, DESTINADO A LA VIVIENDA O AL EJERCICIO DE UNA ACTIVIDAD ECONOMICA POR UN DETERMINADO TIEMPO QUE GENERALMENTE ES PROLONGADO. ADEMAS, INCLUYE EL ALQUILER DE EDIFICIOS DE APARTAMENTOS, CONDOMINIOS, CASAS DE HABITACION, PISOS O APARTAMENTOS.",False,goods
l10n_cr_ticofac.activity_702003,702003,8110.0,"ADMINISTRACION, MANTENIMIENTO, REPARACION Y LIMPIEZA DE LOSSERVICIOS Y goods COMUNES DE LA PROPIEDAD EN CONDOMINIO","CORRESPONDERAN A LA ADMINISTRACION, EL CUIDADO Y LA VIGILANCIA DE LOS goods Y SERVICIOS COMUNES, LA ATENCION Y OPERACION DE LAS INSTALACIONES Y LOS SERVICIOS GENERALES, TODOS LOS ACTOS DE ADMINISTRACION Y CONSERVACION DEL CONDOMINIO Y LA EJECUCION DE LOS ACUERDOS DE LA ASAMBLEA DE CONDOMINOS. INCLUYE LA RECAUDACION DELA CUOTA QUE CADA PROPIETARIO QUE LE CORRESPONDA PARA LOS GASTOS COMUNES.",False,goods
l10n_cr_ticofac.activity_711101,711101,7710.1,ALQUILER DE AUTOMOVILES DE TODO TIPO,EN ESTA CLASE SE INCLUYE EL ALQUILER DE CUALQUIER TIPO DE AUTOMOVILES (RENTA CAR),False,goods
l10n_cr_ticofac.activity_711102,711102,7730.0,ALQUILER DE MOTOCICLETA/SERVICIO,EN ESTA CLASE SE INCLUYE EL ALQUILER DE MOTOCICLETAS SIN CONDUCTOR,False,goods
l10n_cr_ticofac.activity_711103,711103,7730.0,"ALQUILER DE EQUIPO DE TRANSPORTE POR VIA TERRESTRE, ACUATICA O AEREA","EN ESTA CLASE SE INCLUYE EL ALQUILER DE EQUIPO DE TRANSPORTE TERRESTRE, COMO POREJEMPLO LOCOMOTORAS Y VAGONES DE FERROCARRIL, REMOLQUES Y SEMIRREMOLQUES, CASASRODANTES Y SIMILARES. TAMBIEN INCLUYE EL ALQUILER DE CONTENEDORES. EQUIPO ACUATICO, A SABER: BUQUES Y EMBARCACIONES COMERCIALES SIN TRIPULACION. VIA AEREA A SABER: AEROPLANOS, AVIONETAS, AVIONES SIN TRIPULACION",False,goods
l10n_cr_ticofac.activity_711105,711105,7721.0,ALQUILER DE CARRITOS DE GOLF Y OTROS,"ESTA CLASE INCLUYE EL ALQUILER DE CARRITOS PARA CAMPOS DE GOLF, ASI COMO COCHES Y CARRITOS EN LOCALES COMERCIALES, BICICLETAS, ETC.",False,goods
l10n_cr_ticofac.activity_712101,712101,7730.0,ALQUILER DE MAQUINARIA Y EQUIPO PARA USO AGRICOLA,"ESTA CLASE ABARCA EL ALQUILER DE MAQUINARIA Y EQUIPO AGROPECUARIO SIN OPERARIOS, POR EJEMPLO CHAPULINES, TRACTORES, ETC.",False,goods
l10n_cr_ticofac.activity_712201,712201,7730.0,ALQUILER DE MAQUINARIA Y EQUIPO DE CONSTRUCCION E INGENIERIA CIVIL,"EN ESTA CLASE SE INCLUYE EL ALQUILER DE MAQUINARIA Y EQUIPO DE CONSTRUCCION E INGENIERIA CIVIL (INCLUSO CAMIONES GRUA), SIN OPERARIOS.",False,goods
l10n_cr_ticofac.activity_712301,712301,6190.1,SERVICIOS DE INTERNET EN LOCALES PUBLICOS ( CAFE INTERNET ),"ESTA CLASE INCLUYE LOS LOCALES PUBLICOS EN DONDE SE OFRECE A LOS CLIENTES ACCESO A INTERNET. PARA ELLO, EL LOCAL DISPONE DE COMPUTADORAS Y USUALMENTE COBRA UNA TARIFA FIJA POR UN PERIODO DETERMINADO DE TIEMPO POR EL USO DE DICHOS EQUIPOS, INCLUIDO EL ACCESO A INTERNET Y A DIVERSOS PROGRAMAS, TALES COMO PROCESADORES DE TEXTO, PROGRAMAS DE EDICION GRAFICA, VIDEOJUEGOS, COPIA DE CD O DVD, ETC. SERVICIO AFECTO AL IMPUESTO SOBRE LAS VENTAS SEGUN OFICIO DGT-308-2008 DEL 21 DE MAYO DE 2008.",False,goods
l10n_cr_ticofac.activity_712302,712302,7730.0,ALQUILER DE MAQUINARIA Y EQUIPO DE OFICINA,"ESTA CLASE ABARCA EL ALQUILER DE TODO TIPO DE MAQUINARIA Y EQUIPO DE OFICINA, COMO MAQUINAS DE REPRODUCCION, MAQUINAS DE ESCRIBIR Y PROCESADORAS DE TEXTOS; MAQUINAS DE CONTABILIDAD, COMO CALCULADORAS ELECTRONICAS, CAJAS REGISTRADORAS Y OTRAS MAQUINAS PROVISTAS DE DISPOSITIVOS DE CALCULO; Y EQUIPO DE INFORMATICA, COMO COMPUTADORAS DIGITALES, ANALOGICAS E HIBRIDAS, UNIDADES CENTRALES DE PROCESAMIENTO, UNIDADES PERIFERICAS Y LECTORAS MAGNETICAS Y OPTICAS, SIN OPERARIOS NI SERVICIOS ADMINISTRATIVOS.",False,goods
l10n_cr_ticofac.activity_712901,712901,7730.0,ALQUILER DE MAQUINAS EXPENDEDORAS DE ALIMENTOS Y OTROS,"EN ESTA CLASE SE INCLUYE EL ALQUILER DE LAS MAQUINAS EXPENDEDORAS DE ALIMENTOS, BEBIDAS, DULCES, SORPRESAS, Y OTROS ARTICULOS, LAS CUALES INCLUYEN EL PRODUCTO A COMERCIALIZAR.",False,goods
l10n_cr_ticofac.activity_712902,712902,7730.0,ALQUILER DE MAQUINAS DE ENTRETENIMIENTO (CON MONEDAS),SE REFIERE AL ALQUILER Y/O EXPLOTACION DE MAQUINAS DE ENTRENIMIENTO YA SE QUE FUNCIONEN CON MONEDAS O FICHAS.,False,goods
l10n_cr_ticofac.activity_712904,712904,7722.0,ALQUILER DE PELICULAS CINEMATOGRAFICAS (VIDEO CLUB) Y/O VIDEO JUEGOS,ESTA CLASE INCLUYE EL ALQUILER DE PELICULAS Y VIDEO JUEGOS DE TODO TIPO AL USUARIO FINAL.,False,goods
l10n_cr_ticofac.activity_712905,712905,7730.0,"ALQUILER DE EQUIPO PARA RADIO, TELEVISION Y COMUNICACIONES","EN ESTA CLASE SE INCLUYE EL ALQUILER DE EQUIPO PARA RADIO, TELEVISION Y COMUNI- CACIONES, TALES COMO RADIO COMUNICADORES, CAMARAS, TELEFONO FIJOS O MOVILES (CELULARES), BEEPER, ETC EL SERVICIO DE ATENCION DE LLAMADAS SE INCLUYE EN LA CLASE 749905.",False,goods
l10n_cr_ticofac.activity_712906,712906,7730.0,ALQUILER DE EQUIPO PARA DISPENSAR BILLETES (CAJERO AUTOMA-TICO),EN ESTA CLASE SE INCLUYE TODO TIPO DE EQUIPO DISPENSADOR DE BILLETES O TAMBIEN LLAMADOS CAJEROS AUTOMATICOS.,False,goods
l10n_cr_ticofac.activity_712907,712907,7730.0,ALQUILER MAQUINARIA Y EQUIPO PARA LA ELABORACION Y/O MANTENIMIENTO DE PRODUCTOS ALIMENTICIOS,EN ESTA CLASE SE INCLUYE TODO TIPO DE MAQUINARIA Y EQUIPO UTILIZADO EN LA ELABORACION Y/O MANTENIMIENTO O PRESERVACION DE TODO TIPO DE ALIMENTOS. (PUEDEN SER CONGELADORES),False,goods
l10n_cr_ticofac.activity_712909,712909,7730.0,ALQUILER DE OTROS TIPOS DE MAQUINARIA Y EQUIPO PARA USO COMERCIAL,"EN ESTA CLASE SE INCLUYE EL ALQUILER DE TODO TIPO DE MAQUINARIA INDUSTRIAL, MAQUINAS,HERRAMIENTAS, EQUIPO COMERCIAL, TAMBIEN EL DE RADIO, T.V.Y COMUNICACIONES. ADEMAS EL ALQUILER DE EQUIPO PARA EXPLOTACION DE MINAS Y YACIMIENTOS DE PETROLEOY EL DE MAQUINARIA PARA USO PROFESIONAL Y CIENTIFICO PARA MEDIR Y CONTROLAR Y PARA OTROS USOS COMERCIALES E INDUSTRIALES.",False,goods
l10n_cr_ticofac.activity_712910,712910,7730.0,ALQUILER DE MAQUINARIA Y/O EQUIPO PARA USO INDUSTRIAL,"ESTA CLASE INCLUYE EL ALQUILER DE MAQUINARIA Y/O EQUIPO UTILIZADA EN GENERAL PORLAS INDUSTRIAS EN SUS ACTIVIDADES DE PRODUCCION,TALES COMO MAQUINARIA PAR ELEVACION, MANIPULACION, MONTACARGAS, CINTAS TRANSPORTADORAS, TELEFERICOS. EL ARRENDAMIENTO FINANCIERO (LEASING) SE INCLUYE EN LA ACTIVIDAD 659101.",False,goods
l10n_cr_ticofac.activity_712911,712911,7730.0,ALQUILER DE RAMPAS Y SIMILARES,"EN ESTA CLASE SE INCLUYE EL ALQUILER DE RAMPAS, PLATAFORMAS Y SIMILARES, INDEPENDIENTEMENTE DEL USO QUE SE LES DE.",False,goods
l10n_cr_ticofac.activity_713001,713001,7729.0,ALQUILER DE MENAJE,"EN ESTA CLASE SE INCLUYE EL ALQUILER PARA USO DE HOGARES, EMPRESAS U OTROS DE MENAJE, INCLUYE MUEBLES, ELECTRODOMESTICOS, UTENSILIOS DE COCINA Y DE MESA.",False,goods
l10n_cr_ticofac.activity_713002,713002,7721.0,ALQUILER DE EQUIPO RECREATIVO Y DEPORTIVO,"EN ESTA CLASE SE INCLUYE EL ALQUILER DE EQUIPO RECREATIVO Y DEPORTIVO TAL COMO: EMBARCACIONES DE RECREO, CANOAS, VELEROS, BICICLETAS, HAMACAS DE PLAYA Y SOMBRILLAS, ESQUIES, CARRITOS PARA CAMPOS DE GOLF, ASI COMO COCHES Y CARRITOS EN LOCALES COMERCIALES Y OTRO EQUIPO DE DEPORTE",False,goods
l10n_cr_ticofac.activity_713003,713003,7730.0,ALQUILER DE EQUIPO MEDICO Y ARTICULOS CONEXOS,"EN ESTA CLASE SE INCLUYE EL ALQUILER DE ARTICULOS Y EQUIPO MEDICO, COMO POR EJEMPLO CAMAS, SILLAS DE RUEDAS, MULETAS, ETC.",False,goods
l10n_cr_ticofac.activity_713012,713012,7729.0,ALQUILER DE TRAJES DE TODO TIPO,"EN ESTA CLASE SE INCLUYE EL ALQUILER DE TRAJES DE FIESTA Y ETIQUETA TALES COMO: VESTIDOS DE NOVIA, TRAJE ENTERO Y DE CEREMONIA, ESMOQUIN, ETC.",False,goods
l10n_cr_ticofac.activity_713013,713013,7729.0,ALQUILER DE EQUIPO Y UTENSILIOS PARA EVENTOS ESPECIALES,ALQUILER DE EQUIPO DE DIVERSION E INSTALACIONES CONEXAS EN HOGARES O COMERCIOS.,False,goods
l10n_cr_ticofac.activity_713053,713053,7721.0,"ALQUILER DE ANIMALES (CABALLOS, SERPIENTES, ETC)","SE REFIERE AL ALQUILER DE ANIMALES DOMESTICOS TALES COMO LOS CABALLOS PARA MONTAR, Y OTROS COMO ALQUILER DE SERPIENETS PARA EXHIBICIÑN.",False,goods
l10n_cr_ticofac.activity_721001,721001,6202.0,CONSULTORES INFORMATICOS,"ESTA CLASE ABARCA LOS SERVICIOS DE CONSULTORES EN EQUIPOS DE INFORMATICA, CON O SIN APLICACION DE LOS CORRESPONDIENTES PROGRAMAS DE INFORMATICA. POR LO GENERAL, ESTOS SERVICIOS SUPONEN EL ANALISIS DE LAS NECESIDADES Y LOS PROBLEMAS DE LOS USUARIOS Y LA PRESENTACION A ESTOS DE LA SOLUCION MAS APROPIADA.",False,goods
l10n_cr_ticofac.activity_722003,722003,6201.0,"DISEÑADOR GRAFICO, DE SOFWARE Y PAGINAS WEB","EN ESTA CLASE SE INCLUYEN LAS ACTIVIDADES RELACIONADAS CON EL ANALISIS, EL DISEÑO Y LA PROGRAMACION DE SISTEMAS LISTOS PARA SER UTILIZADOS. ESTA ACTIVIDADES COMPRENDE TAMBIEN LA FORMULACION, LA PRODUCCION Y EL SUMINISTRO DE PROGRAMAS ENCARGADOS POR LOS USUARIOS, INCLUIDA LA DOCUMENTACION PERTINENTE, Y DE PROGRAMAS LISTOS PARA SER UTILIZADOS (PROGRAMAS COMERCIALES) O DE FACIL CONFECCION",False,goods
l10n_cr_ticofac.activity_723001,723001,6311.0,PROCESAMIENTO DE DATOS,"EN ESTA CLASE, QUE ABARCA EL PROCESAMIENTO Y LA TABULACION DE TODO TIPO DE DATOS, SE INCLUYEN ACTIVIDADES TALES COMO EL PROCESAMIENTO DE DATOS PROPORCIONADOS POR EL CLIENTE Y LA PREPARACION DE INFORMES BASADOS EN LOS RESULTADOS DE DICHO PROCESAMIENTO, Y ACTIVIDADES ESPECIALIZADAS, COMO LAS DE TECLEADO Y OTROS TIPOS DE ENTRADA DE DATOS, CONVERSION (POR EJEMPLO, DE TARJETAS A CINTAS), RECONOCIMIENTO OPTICO DE CARACTERES, ETC. ESTOS SERVICIOS PUEDEN SER PRESTADOS DIRECTAMENTE Y POR INTERMEDIO DE TERMINALES DE ACCESO A LARGA DISTANCIA Y PUEDEN UTILIZAR PROGRAMAS DE PROPIEDAD DEL CLIENTE Y PROGRAMAS PATENTADOS. SE INCLUYE LA PRESTACION DE TALES SERVICIOS POR HORA Y BAJO UN REGIMEN DE TIEMPO COMPARTIDO. TAMBIEN SE INCLUYEN A ADMINISTRACION Y EL MANEJO PERMANENTES DEL EQUIPO DE PROCESAMIENTO DE DATOS INSTALADO POR LOS USUARIOS.",False,goods
l10n_cr_ticofac.activity_724001,724001,6311.0,ACTIVIDADES RELACIONADAS CON BASES DE DATOS,"EN ESTA CLASE SE INCLUYEN LOS TRES TIPOS SIGUIENTES DE ACTIVIDADES RELACIONADAS CON BASES DE DATOS: PREPARACION DE BASES DE DATOS, A SABER, LA REUNION DE DATOS PROCEDENTES DE UNA O MAS FUENTES. ALMACENAMIENTO DE DATOS, CONCRETAMENTE, LA PREPARACION DE UN REGISTRO COMPUTADORIZADO QUE CONTENGA LOS DATOS DE UNA MANERA PREESTABLECIDA. FACILITACION DE LA INFORMACION ALMACENADA EN LA BASE DE DATOS, A SABER, EL SUMINISTRO DE DATOS CON ARREGLO A UN CIERTO ORDEN O A UNA DETERMINADA SECUENCIA, MEDIANTE SU RECUPERACION EN LINEA O MEDIANTE EL ACCESO A ELLOS EN LINEA (GESTION COMPUTADORIZADA). LOS DATOS PUEDEN SER DE DIVERSA INDOLE, COMO POR EJEMPLO DATOS FINANCIEROS, ECONOMICOS, ESTADISTICOS Y TECNICOS; PUEDEN SER DE ACCESO GENERAL O LIMITADO; Y PUEDEN ESTAR CLASIFICADOS SEGUN LO SOLICITE EL CLIENTE.",False,goods
l10n_cr_ticofac.activity_725001,725001,9511.0,REPARACION DE EQUIPO DE COMPUTO,"ESTA CLASE COMPRENDE LA REPARACION DE EQUIPO ELECTRONICO, COMO ORDENADORES Y ACCESORIOS INFORMATICOS Y EQUIPO PERIFERICO. SE INCLUYEN LA REPARACION DE: ORDENADORES DE ESCRITORIO, ORDENADORES PORTATILES, UNIDADES DE DISCO MAGNETICO, UNIDADES DE MEMORIA USB Y OTROS DISPOSITIVOS DE ALMACENAMIENTO, UNIDADES DE DISCO OPTICO (CD-RW, CD-ROM, DVD-ROM, DVD-RW), IMPRESORAS, PANTALLAS, TECLADOS, RATONES, PALANCAS DE MANDO Y BOLAS RODANTES, MODEMS INTERNOS Y EXTERNOS, TERMINALES INFORMATICAS ESPECIALIZADAS, SERVIDORES INFORMATICOS, ESCANERES, INCLUIDOS LECTORES DE CODIGO DE BARRAS, LECTORES DE TARJETAS INTELIGENTES, CASCOS DE REALIDAD VIRTUAL, PROYECTORES INFORMATICOS. ESTA ACTIVIDAD QUEDA AFECTA AL IMPUESTO SOBRE LAS VENTAS INDEPENDIENTEMENTE DEL LUGAR DONDE SE PRESTE EL SERVICIO, DE ACUERDO AL OFICIO DGT-87-07 DE LA DIRECCION GENERAL DE TRIBUTACION",False,goods
l10n_cr_ticofac.activity_725002,725002,9511.0,MANTENIMIENTO DE EQUIPO DE COMPUTO,"ESTA CLASE COMPRENDE EL MANTENIMIENTO DE EQUIPO ELECTRONICO, COMO ORDENADORES Y ACCESORIOS INFORMATICOS Y EQUIPO PERIFERICO. SE INCLUYEN EL MANTENIMIENTO DE: ORDENADORES DE ESCRITORIO, ORDENADORES PORTATILES, UNIDADES DE DISCO MAGNETICO, UNIDADES DE MEMORIA USB Y OTROS DISPOSITIVOS DE ALMACENAMIENTO, UNIDADES DE DISCO OPTICO (CD-RW, CD-ROM, DVD-ROM, DVD-RW), IMPRESORAS, PANTALLAS, TECLADOS, RATONES, PALANCAS DE MANDO Y BOLAS RODANTES, MODEMS INTERNOS Y EXTERNOS, TERMINALES INFORMATICAS ESPECIALIZADAS, SERVIDORES INFORMATICOS, ESCANERES, INCLUIDOS LECTORES DE CODIGO DE BARRAS, LECTORES DE TARJETAS INTELIGENTES, CASCOS DE REALIDAD VIRTUAL, PROYECTORES INFORMATICOS.",False,goods
l10n_cr_ticofac.activity_725003,725003,3312.0,"REPARACION CAJAS REGISTRADORAS, CALCULADORAS, MAQUINAS DE CONTABILIDAD Y EQUIPO DE OFICINA","ESTA CLASE INCLUYE LA REPARACION DE CAJAS REGISTRADORAS, CALCULADORAS O MAQUINAS DE CONTABILIDAD, FOTOCOPIADORAS, FAX, ETC. DE ACUERDO AL OFICIO DGT-87-07 DE LA DIRECCION GENERAL DE TRIBUTACION, ESTA ACTIVIDAD QUEDA AFECTA A VENTAS INDEPENDIENTEMENTE DEL LUGAR DONDE SE PRESTE EL SERVICIO. EL EQUIPO DE COMPUTO SE ENCUENTRA EN EL CODIGO 725001",False,goods
l10n_cr_ticofac.activity_725004,725004,3312.0,"MANTENIMIENTO DE CAJAS REGISTRADORAS, CALCULADORAS, MAQUINAS DE CONTABILIDAD","EN ESTA CLASE SE INCLUYE EL MANTENIMIENTO (NO CONTEMPLA REPARACION) DE MAQUINARIA Y EQUIPO DE OFICINA TALES COMO CAJAS REGISTRADORAS, CALCULADORAS, SUMADORAS, DATAFONOS Y OTROS EQUIPOS SIMILARES. POR SER MANTENIMIENTO NO SE ENCUENTRA SUJETO AL IMPUESTO SOBRE LAS VENTAS",False,goods
l10n_cr_ticofac.activity_729001,729001,6209.0,OTRAS ACTIVIDADES DE INFORMATICA,"ESTA CLASE COMPRENDE OTRAS ACTIVIDADES RELACIONADAS CON LA TECNOLOGIA DE LA INFORMACION E INFORMATICA TALES COMO: RECUPERACION EN CASOS DE DESASTRE INFORMATICO, INSTALACION (CONFIGURACION) DE ORDENADORES PERSONALES, INSTALACION DE PROGRAMAS INFORMATICOS. NO SE INCLUYEN LAS ACTIVIDADES DE: INSTALACION DE ORDENADORES CENTRALES Y EQUIPO SIMILAR, PROGRAMACION INFORMATICA, CONSULTORIA DE INFORMATICA, GESTION DE INSTALACIONES INFORMATICAS, PROCESAMIENTO DE DATOS",False,goods
l10n_cr_ticofac.activity_731001,731001,7210.0,INVESTIGACION Y DESARROLLO EXPERIMENTAL EN EL CAMPO DE LAS CIENCIAS NATURALES Y LA INGENIERIA,"EN ESTA CLASE SE INCLUYE LOS TRABAJOS SISTEMATICOS DE NATURALEZA CREATIVA QUEFORMAN PARTE DE ACTIVIDADES DE INVESTIGACION Y DESARROLLO EN EL CAMPO DE LA CIENCIA, TECNOLOGIA E INGENIERIA PARA CREAR NUEVOS MATERIALES, PRODUCTOS, DISPOSITIVOS, PROCESOS, SISTEMAS Y SERVICIOS, Y PERFECCIONAR SUSTANCIALMENTE LOS YA EXISTENTES. LA INVESTIGACION Y DESAARROLLO CON FONDOS DE GOBIERNO, SE INCLUYE EN LA DIVISION 75 (ADMINISTRACION PUBLICA).",False,goods
l10n_cr_ticofac.activity_731003,731003,7490.0,METEOROLOGO POR CUENTA PROPIA,"EN ESTA CLASE INCLUYE A LOS PROFESIONALES QUE BRINDAN ASESORIA EN EL CAMPO DE LACIENCIA QUE ESTUDIA LOS FENOMENOS ATMOSFERICOS,LAS PROPIEDADES DE LA ATMOSFERA,Y EN ESPECIAL SU RELACION CON EL TIEMPO ATMOSFERICO Y LA SUPERFICIE DE LA TIERRA Y MARES.",False,goods
l10n_cr_ticofac.activity_732001,732001,7220.0,INVESTIGACIONES Y DESARROLLO EXPERIMENTAL EN EL CAMPO DE LAS CIENCIAS SOCIALES Y LAS HUMANIDADES,"ESTA CLASE ABARCA LOS TRABAJOS SISTEMATICOS DE NATURALEZA CREATIVA QUE FORMA PARTE DE LOS TRES TIPOS DE ACTIVIDADES DE INVESTIGACION Y DESARROLLO DESCRITOS MAS ARRIBA Y SE REALIZAN EN EL CAMPO E LAS CIENCIAS SOCIALES (ECONOMIA, PSICOLOGIA, SOCIOLOGIA, DERECHO, ETC.) Y LAS HUMANIDADES (POR EJEMPLO, LINGÑISTICA, IDIOMAS Y ARTE). SU OBJETIVO ES AMPLIAR EL CAUDAL DE CONOCIMIENTOS Y DESCUBRIR NUEVAS APLICACIONES.",False,goods
l10n_cr_ticofac.activity_741101,741101,6910.0,"BUFFETE DE ABOGADO, NOTARIO, ASESOR LEGAL","ESTA CLASE COMPRENDE LAS ACTIVIDADES DE REPRESENTACION DE INTERESES SEA O NO ANTE TRIBUNALES U OTROS ORGANOS JUDICIALES, ASESORAMIENTO Y REPRESENTACION EN PROCEDIMIENTOS CIVILES, PENALES O CONFLICTOS LABORALES, PREPARACION DE DOCUMENTOS JURIDICOS, ACTIVIDADES DE NOTARIOS PUBLICOS, EJECUTORES JUDICIALES, ARBITROS Y EXAMINADORES , REALIZADAS POR ABOGADOS O BAJO LA SUPERVISION DE LOS MISMOS.",False,goods
l10n_cr_ticofac.activity_741203,741203,6920.0,"ACTVIDAD DE CONTABILIDAD (CONTADORES), TENEDURIA DE LIBROS,AUDITORIA Y ASESOR FISCAL","ESTA CLASE ABARCA LAS ACTIVIDADES DE REGISTRO CONTABLE DE TRANSACCIONES COMERCIALES PARA EMPRESAS Y OTRAS ENTIDADES, LA PREPARACION DE ESTADOS DE CUENTAS, EL EXAMEN DE DICHOS ESTADOS Y LA CERTIFICACION DE SU EXACTITUD, Y LA PREPARACION DE DECLARACIONES DE INGRESOS PARA PERSONAS Y EMPRESAS. EN ESTA CLASE SE INCLUYE TAMBIEN LOS PROFESIONALES QUE BRINDAN SERVICIOS DE AUDITORIA Y ASESORIA EN MATERIA FISCAL",False,goods
l10n_cr_ticofac.activity_741301,741301,7320.0,ASESORES EN MERCADEO Y VENTAS,"EN ESTA CLASE SE INCLUYEN LOS ESTUDIOS SOBRE LAS POSIBILIDADES DE COMERCIALIZACION, LA ACEPTACION Y EL GRADO DE DIFUSION DE LOS PRODUCTOS Y SOBRE LOS HABITOS DE COMPRA DE LOS CONSUMIDORES, CON MIRAS A PROMOVER LAS VENTAS Y DESARROLLAR NUEVOS PRODUCTOS, ASI COMO LAS ENCUESTAS DE OPINION PUBLICA SOBRE CUESTIONES POLITICAS, ECONOMICAS Y SOCIALES.",False,goods
l10n_cr_ticofac.activity_741302,741302,7320.0,ENCUESTAS DE OPINION PUBLICA,"EN ESTA CLASE SE INCLUYE LOS ESTUDIOS A BASE DE ENCUENTAS DE OPINION PUBLICA, POR CUALQUIER MEDIO, REALIZADOS POR EMPRESAS U PROFESIONALES. INCLUYE ADEMAS LOSSERVICIOS DE LOS ENCUESTADORES. LOS ESTUDIOS PUEDEN ESTAR RELACIONADOS CON LA ACEPTACION, DIFUSION, DE UN PRODUCTO, HABITOS DE COMPRA, PARA PROMOVER VENTAS Y DESARROLLAR NUEVOS PRODUCTOS, ASI COMO ENCUESTAS POLITICAS, ECONOMICAS Y SOCIA- LES.",False,goods
l10n_cr_ticofac.activity_741401,741401,7490.0,ECONOMISTAS,EN ESTA CLASE SE INCLUYE A LOS PROFESIONALES EN CUALQUIER RAMA DE LA ECONOMIA,False,goods
l10n_cr_ticofac.activity_741402,741402,7020.0,ASESORAMIENTO EMPRESARIAL Y EN MATERIA DE GESTION (HANDLING),"“ESTA CLASE COMPRENDE LA PRESTACION DE ASESORAMIENTO, ORIENTACION Y ASISTENCIA OPERACIONAL A EMPRESAS Y ORGANIZACIONES SOBRE CUESTIONES DE GESTION, COMO LAS RELACIONES PUBLICAS, COMUNICACION SOCIAL, PLANIFICACION ESTRATEGICA ORGANIZATIVA, ESFERAS DE DECISION DE CARACTER FINANCIERO; (SE INCLUYE EL DISENO DE METODOS O PROCEDIMIENTOS CONTABLES, PROGRAMAS DE CONTABILIDAD DE COSTOS, PROCEDIMIENTOS DE CONTROL PRESUPUESTARIO), LA PRESTACION DE ASESORAMIENTO Y AYUDA A LAS EMPRESAS Y LAS ADMINISTRACIONES PUBLICAS EN MATERIA DE PLANIFICACION, ORGANIZACION, EFICIENCIA Y CONTROL, INFORMACION ADMINISTRATIVA, ENTRE OTROS, ADEMAS DE OBJETIVOS Y POLITICAS DE COMERCIALIZACION; POLITICAS, PRACTICAS Y PLANIFICACION DE DERECHOS HUMANOS; Y PLANIFICACION DE LA PRODUCCION Y CONTROL, INFORMACION ADMINISTRATIVA DE ASESORAMIENTO Y GESTION COMBINADOS, COMO POR EJEMPLO LAS DE INGENIEROS Y ECONOMISTAS AGRONOMOS, DE ARBITRAJE Y CONCILIACION ENTRE LA GERENCIA Y EL PERSONAL; Y DE GESTION DE SOCIEDADES DE CARTERA, SERVICIOS DE ORGANIZACION Y COORDINACION DE BODAS Y EVENTOS (NO INCLUYE ALQUILER O VENTA DE ARTICULOS) SOLAMENTE ASESORIA Y LOGISTICA, FACILITADORES PARA VUELOS PRIVADOS SOLAMENTE ASESORIA Y LOGISTICA.” ADEMAS, CONTEMPLA LA ASESORIA Y LOGISTICA DE VUELOS COMERCIALES, EL HANDLING (ATENCION AL CLIENTE EN MOSTRADOR, SERVICIO DE RAMPA, SERVICIOS DE MANTENIMIENTO DE EQUIPO Y MAQUINARIA DE RAMPA Y/O AVIONES, COORDINACION DE OPERACIONES DE CAMPO, GESTION Y ADMINISTRACION DE PROCEDIMIENTOS PREVIOS AL VUELO, APROVISIONAMIENTO DE PLANES DE VUELO Y DATOS CLIMATICOS, SUPERVISION DE VUELOS, SERVICIOS DE ASISTENCIA Y ESCOLTA VIP A TRIPULACIONES Y CLIENTES, SERVICIOS A LA AERONAVE, MANTENIMIENTO A LA AERONAVE, CONTRATACION DE SERVICIOS DE COMBUSTIBLE, CONTRATACION DE ALIMENTACION, SERVICIO DE HOSPEDAJE, SERVICIO DE SEGURIDAD Y SERVICIO DE TRANSPORTE; ENTRE OTROS).",False,goods
l10n_cr_ticofac.activity_741407,741407,5229.0,ASESOR ADUANERO,"EN ESTA CLASE SE INCLUYE LOS SERVICIOS DE ASESORIA EN MATERIA ADUANERA BRINDADOS POR PROFESIONALES EN ESTA RAMA, LOS CUALES NO SON CONSIDERADOS AUXILIARES DE LA FUNCION PUBLICA POR NO ESTAR AUTORIZADOS. CASO CONTRARIO, VER CODIGO 630904.",False,goods
l10n_cr_ticofac.activity_741408,741408,9000.0,"CORRESPONSAL DE RADIO, TELEVISION Y PRENSA ESCRITA",EN ESTA CLASE SE INCLUYE LOS SERVICIOS BRINDADOS POR PERSONAS QUE A CAMBIO DE UNA RETRIBUCION O POR CONTRATO COLABORAN CON LOS MEDIOS DE COMUNICACION EN CALIDADDE CORRESPONSALES. LOS PERIODISTAS PROFESIONALES SE INLCUYEN EN LA ACTIVIDAD 741404,False,goods
l10n_cr_ticofac.activity_742102,742102,7110.0,ACTIVIDADES DE ARQUITECTURA E INGENIERIA,"EN ESTA CLASE SE INCLUYE LOS SERVICIOS PRESTADOS POR PROFESIONALES FISICOS O JURIDICOS DE ARQUITECTURA E INGENIERIA TALES COMO: TOPOGRAFOS (GEOMATICOS), CIVIL, AGRONOMO, INDUSTRIAL, FORESTAL, MECANICO, QUIMICO, ELECTROMECANICO, ELECTRICO, EN SISTEMAS DE ACONDICIONAMIENTO DE AIRE Y/REFRIGERACION, EN INFORMATICA, OCEANICO, NAVAL, AMBIENTAL, AGRICOLA, AERONATICO, FISICO, NUCLEAR, GENETICO, ALIMENTARIO, AGROINDISTRIAL, SANITARIO, METROLOGO ETC. TAMBIEN INCLUYE EL ASESORAMIENTO TECNICO EN CONSTRUCCIONES Y OBRAS DE INGENIERIA CIVIL.",False,goods
l10n_cr_ticofac.activity_742105,742105,7110.0,SERVICIOS DE CONSULTORIA EN MANTENIMIENTO INDUSTRIAL Y MECANICO,"SE REFIERE A SERVICIOS DE ASESORIA O CONSULTORIA INDUSTRIAL, MECANICA, PRECISION, ETC, PRESTADOS A TALLERES, LUGARES ESPECIALIZADOS O EMPRESAS POR PROFESIONALES O TECNICOS A CAMBIO DE UNA RETRIBUCION ECONOMICA, SEA POR ASESORAMIENTO O MANTENIMIENTO.",False,goods
l10n_cr_ticofac.activity_742107,742107,7120.0,QUIMICOS,ESTA CLASE INCLUYE A LOS PROFESIONALES EN QUIMICA,False,goods
l10n_cr_ticofac.activity_742108,742108,7110.0,ACTIVIDADES DE GEOGRAFIA Y/O GEOLOGIA,"EN ESTA CLASE SE INCLUYEN LAS ACTIVIDADES DE GEOLOGICAS Y DE PROSPECCION, QUE SEBASAN EN LA REALIZACION DE MEDICIONES Y OBSERVACIONES DE SUPERFICIE PARA OBTENER INFORMACION SOBRE LA ESTRUCTURA DEL SUBSUELO Y LA UBICACION DE YACIMIENTOS DEPETROLEO, GAS NATURAL Y MINERALES, Y DEPOSITOS DE AGUAS SUBTERRANEAS, PUEDEN INCLUIR ESTUDIOS AEROGEOFISICOS, ESTUDIOS HIDROLOGICOS, ETC. INCLUYE ADEMAS LAS ACTIVIDADES DE GEOGRAFIA",False,goods
l10n_cr_ticofac.activity_742110,742110,7490.0,BIOLOGO POR CUENTA PROPIA,"ESTA CLASE INCLUYE A LOS PROFESIONALES QUE BRINDAN SERVIOCIOS Y/O ASESORIA EN EL CAMPO DE LA BIOLOGIA. LA CUAL ABARCA UN AMPLIO ESPECTRO DE CAMPOS DE ESTUDIO QUE, A MENUDO, SE TRATAN COMO DISCIPLINAS INDEPENDIENTES. JUNTAS, ESTUDIAN LA VIDA EN UN AMPLIO CAMPO DE ESCALAS.",False,goods
l10n_cr_ticofac.activity_742112,742112,7110.0,DIBUJANTE ARQUITECTONICO Y/O PLANOS DE CONSTRUCCION,"EN ESTA CLASE SE INCLUYE A LOS DIBUJANTES ARQUITECTONICOS, DE PLANOS DE CONSTRUCCION A CAMBIO DE UNA RETRIBUCION O POR CONTRATO.",False,goods
l10n_cr_ticofac.activity_742201,742201,7120.0,ENSAYOS Y ANALISIS TECNICOS,"ESTA CLASE ABARCA LOS ENSAYOS DE TODO TIPO DE MATERIALES Y PRODUCTOS, COMO POR EJEMPLO MINERALES, ALIMENTOS, ETC., PARA DETERMINAR SU COMPOSICION Y PUREZA; LOS ENSAYOS DE CALIFICACION Y FIABILIDAD, LA CERTIFICACION DE PRODUCTOS, LOS ANALISIS DE DEFECTOS, LA EVALUACION DE MATERIALES, ETC.; LOS ENSAYOS PARA DETERMINAR LAS PROPIEDADES FISICAS Y EL RENDIMIENTO DE PRODUCTOS Y MATERIALES EN CUANTO, POR EJEMPLO, A SU RESISTENCIA, ESPESOR, DURABILIDAD, CONDUCTIVIDAD ELECTRICA, RADIACTIVIDAD, ETC. TAMBIEN SE INCLUYEN LOS ENSAYOS DE PRODUCTOS TEXTILES, LOS ENSAYOS RADIOGRAFICOS DE SOLDADURAS Y ARTICULACIONES Y LOS ENSAYOS DE MAQUINAS, MOTORES, AUTOMOVILES, INSTRUMENTOS Y EQUIPO ELECTRONICO, SE BASEN O NO EN EL USO DE MA QUETAS O MODELOS DE BARCOS, AERONAVES, REPRESAS, ETC.",False,goods
l10n_cr_ticofac.activity_742202,742202,7120.0,PROFESIONALES EN TECNOLOGIA DE ALIMENTOS,"EN ESTA CLASE SE INCLUYE LOS SERVICIOS Y ASESORIA EN TECNOLOGIA DE ALIMENTOS, CERTIFICACION DE PRODUCTOS, ETC.",False,goods
l10n_cr_ticofac.activity_743001,743001,7310.0,PUBLICIDAD,"ESTA CLASE INCLUYE LA PRESTACION DE SERVICIOS DE PUBLICIDAD EN GENERAL. LAS ACTIVIDADES DE LAS EMPRESAS DE PUBLICIDAD SEAN FISICAS O JURIDICAS, PROPIETARIO O NO, INTERMEDIARIOS,QUE ABARCAN LA CREACION Y COLOCACION DE ANUNCIOS PARA SUS CLIENTES EN DIARIOS, REVISTAS, PERIODICOS, SUPLEMENTOS Y OTROS IMPRESOS, ESTACIONES DE RADIO Y TELEVISION; LA PUBLICIDAD AL AIRE LIBRE, COMO POR EJEMPLO MEDIANTE FABRICACION DE CARTELES O ROTULOS ILUMINADOS O NO, TABLEROS, BOLETINESY CARTELERAS, Y LA DECORACION DE ESCAPARATES, EL DISENO DE SALAS DE EXHIBICION,LA COLOCACION DE ANUNCIOS EN AUTOMOVILES Y AUTOBUSES, ETC.; LA REPRESENTACION DE LOS MEDIOS DE DIFUSION, A SABER, LA VENTA DE TIEMPO Y ESPACIO DE DIVERSOSMEDIOS DE DIFUSION INTERESADOS EN LA OBTENCION DE ANUNCIOS; LA PUBLICIDAD AEREA ;LA DISTRIBUCION Y ENTREGA DE MATERIALES Y MUESTRAS DE PUBLICIDAD; EL ALQUILER ESPACIOS DE PUBLICIDAD; ETC.",False,goods
l10n_cr_ticofac.activity_743004,743004,7310.0,SERVICIOS DE PUBLICIDAD,SE REFIERE A LOS SERVICIOS PRESTADOS TANTO POR AGENCIAS PUBLICITARIAS COMO POR PROFESIONALES EN PUBLICIDAD DE MANERA REMUNERADA.,False,goods
l10n_cr_ticofac.activity_743005,743005,7310.0,ALQUILER DE ESPACIOS PUBLICITARIOS,"EN ESTA CLASE SE INCLUYE EL ALQUILER DE ESPACIOS PARA TRANSMISION DE PROGRAMAS RADIALES EN RADIOEMISORAS RURALES, ALQUILER DE VALLAS PUBLICITARIAS Y SIMILARES.EL ALQUILER DE ESPACIOS TELEVISIVOS, DE PRENSA Y DE RADIOEMISORAS URBANAS SE ENCUENTRAN AFECTAS AL IMPUESTO GENERAL SOBRE LAS VENTAS Y SE CLASIFICAN EL EL CODIGO 743001.",False,goods
l10n_cr_ticofac.activity_743006,743006,7310.0,PUBLICIDAD A TRAVES DE MEDIOS ELECTRONICOS,ESTA CLASE INCLUYE TODO LOS SERVICIOS PUBLICITARIOS PRESTADOS ATRAVES DE INTERNET. Y/O CUALQUIER OTRO MEDIO ELECTRONICO DE AVANZADA.,False,goods
l10n_cr_ticofac.activity_749101,749101,7830.0,SERVICIOS DE ADMINISTRACION DE PERSONAL,"EN ESTA CLASE SE INCLUYE LA BUSQUEDA, SELECCION, RECOMENDACION Y COLOCACION DE PERSONAL PARA EMPLEO EN DISTINTOS SECTORES. LOS SERVICIOS PUEDEN PRESTARSE A EMPLEADORES Y A CANDIDATOS A EMPLEO Y PUEDEN ABARCAR LA FORMULACION DE DESCRIPCIONES DE FUNCIONES, LA SELECCION Y EL EXAMEN DE CANDIDATOS, LA VERIFICACION DE REFERENCIAS, ETC. SE INCLUYEN LAS ACTIVIDADES DE BUSQUEDA Y COLOCACION DE PERSONAL EJECUTIVO, ASI COMO LAS DE SUBCONTRATACION DE MANO DE OBRA, A SABER, LAS CONSISTENTES EN PROPORCIONAR, POR LO GENERAL TEMPORALMENTE, PERSONAL YA CONTRATADO Y REMUNERADO POR LA AGENCIA",False,goods
l10n_cr_ticofac.activity_749102,749102,7490.0,SERVICIOS DE BIBLIOTECOLOGIA,"EN ESTA CLASE SE INCLUYE LOS SERVICIOS DE BIBLIOTECOLOGIA PRESTADOS POR PROFESIONALES INDEPENDIENTES O EMPRESAS ESPECIALISTAS EN EL CAMPO, A CAMBIO DE UNA RETRIBUCION O POR CONTRATA.",False,goods
l10n_cr_ticofac.activity_749201,749201,8010.0,"SERVICIOS DE INVESTIGACION, SEGURIDAD PRIVADA, AGENCIAS Y CONSULTORES","ESTA CLASE ABARCA LAS ACTIVIDADES DE INVESTIGACION, VIGILANCIA, CUSTODIA Y OTRAS ACTIVIDADES DE PROTECCION DE PERSONAS Y goods, SE INCLUYEN LA COMPROBACION DE ANTECEDENTES PERSONALES, BUSQUEDA DE PERSONAS DESAPARECIDAS, INVESTIGACION DE ROBOS Y DESFALCOS, EL PATRULLAJE Y OTRAS ACTIVIDADES SIMILARES. ASI COMO OTROS MEDIOS DE PROTECCION COMO PERROS GUARDIANES, VEHICULOS BLINDADOS, GUARDAESPALDAS, PATRULLAJE DE CALLES, GUARDAS Y SERENOS DE VIVIENDAS O APARTAMENTOS, OFICINAS, FABRICAS, OBRAS EN CONSTRUCCION, HOTELES, TEATROS, SALONES DE BAILE, ETC; DETECTIVES Y VIGILANCIA MEDIANTE DISPOSITIVOS DE PROTECCION MECANICOS O ELECTRICOS, ASESORAMIENTO EN MATERIA DE SEGURIDAD INDUSTRIAL, IDENTIFICACION DACTILOSCOPICA, CALIGRAFICA Y DE FIRMAS, ENTRE OTRAS.",False,goods
l10n_cr_ticofac.activity_749204,749204,8549.0,INSTRUCTOR DE TIRO (MANEJO DE ARMAS).,EN ESTA CLASE SE INCLUYE LOS INSTRUCTORES DE MANEJO DE ARMAS O TIRO.,False,goods
l10n_cr_ticofac.activity_749301,749301,8129.0,SERVICIOS DE FUMIGACION (NO AGRICOLA),EN ESTA CLASE SE INCLUYE LOS SERVICIOS DE FUMIGACION NO AGRICOLA,False,goods
l10n_cr_ticofac.activity_749302,749302,8121.0,SERVICIOS DE LIMPIEZA (INTERIORES Y EXTERIORES),"EN ESTA CLASE SE INCLUYE EL SERVICIO DE LIMPIEZA TANTO INTERIOR COMO EXTERIOR DE EDIFICIOS, OFICINAS, FABRICAS, ALMACENES, LOCALES COMERCIALES Y DE PROFESIONALES, EDIFICIOS RESIDENCIALES, ETC.",False,goods
l10n_cr_ticofac.activity_749401,749401,7420.0,ESTUDIOS FOTOGRAFICOS,EN ESTA CLASE SE INCLUYE LOS ESTUDIOS FOTOGRAFICOS CON LOCAL.,False,goods
l10n_cr_ticofac.activity_749402,749402,7420.0,SERVICIO DE FOTOGRAFIA (FOTOGRAFO),"SE REFIERE AL SERVICIO DE FOTOGRAFIA INDEPENDIENTE, SIN LOCAL.",False,goods
l10n_cr_ticofac.activity_749501,749501,8292.0,SERVICIOS DE ENVASE Y EMPAQUE,"EN ESTA CLASE SE INCLUYEN LAS ACTIVIDADES DE ENVASE Y EMPAQUE A CAMBIO DE UNARETRIBUCION O POR CONTRATA, TALES COMO LA MEZCLA DE SUSTANCIAS Y SU INSERCION ENAEROSOLES, LATAS, BOTELLAS, BOLSAS PLASTICAS Y OTROS TIPOS DE ENVASE O EMPAQUE.",False,goods
l10n_cr_ticofac.activity_749901,749901,8219.0,SERVICIO DE FOTOCOPIADO Y OTROS,"EN ESTA CLASE SE INCLUYE EL SERVICIO DE FOTOCOPIADO ASI COMO LA CONFECCION DE EMPASTES DE LUJO, EMPASTES SUAVES, EMPASTES CON RESORTES PLASTICOS EN ESPIRAL, RESORTE PLASTICO TRADICIONAL, RESORTE METALICO DOBLE ""O"" EMPASTES RUSTICOS, ETC.",False,goods
l10n_cr_ticofac.activity_749902,749902,8219.0,SERVICIOS DE LEVANTADO DE TEXTO Y/O CORRECCION DE TEXTOS Y OTROS,"EN ESTA CLASE SE INCLUYE LOS SERVICIOS DE LEVANTADO DE TEXTO Y/O CORRECCION DE TEXTOS Y OTROS, GENERALMENTE BRINDADOS POR UN PROFESIONAL EN FILOLOGIA, GRAMATICA O RAMAS RELACIONADAS",False,goods
l10n_cr_ticofac.activity_749903,749903,8219.0,SERVICIOS SECRETARIALES Y/O OFICINISTA,"ESTA CLASE INCLUYE UNA VARIEDAD ACTIVIDADES DE SOPORTE ESPECIALIZADO DE OFICINA Y PREPARACION DE DOCUMENTOS, EDICION Y CORRECCION DE DOCUMENTOS; TIPEADO, PROCESAMIENTO DE TEXTOS O EDICION; SERVICIOS DE SOPORTE SECRETARIALES; TRASCRIPCION DE DOCUMENTOS Y OTROS SERVICIOS SECRETARIALES.",False,goods
l10n_cr_ticofac.activity_749904,749904,7410.0,SERVICIO DE DISEÑO O DECORACION DE INTERIORES (POR CUENTA PROPIA).,"INCLUYE LOS SERVICIOS DE DECORACION DE EVENTOS ESPECIALES, SERVICIOS BRINDADOS POR DECORADORES INDEPENDIENTES",False,goods
l10n_cr_ticofac.activity_749905,749905,8220.0,SERVICIO DE CONTESTACION DE TELEFONOS (CALL CENTER),EN ESTA CLASE SE INCLUYE LA ACTIVIDAD DE SERVICIO DE CONTESTACION DE TELEFONOS REALIZADAS GENERALMENTE PARA CLIENTES COMERCIALES.,False,goods
l10n_cr_ticofac.activity_749906,749906,7490.0,SERVICIOS DE TRADUCTOR,"EN ESTA CLASE SE INCLUYE LOS SERVICIOS DE TRADUCCION E INTERPRETACION DE CUALQUIER IDIOMA, POR CUALQUIER MEDIO UTILIZADO.",False,goods
l10n_cr_ticofac.activity_749907,749907,5229.0,SERVICIO DE INSPECCION DE TODO TIPO DE MERCADERIAS (INCLUYEDROGAS),EN ESTA CLASE SE INCLUYE TODO TIPO DE CHEQUEO O REVISION DE MERCANCIAS EN GENERAL A NIVEL DE PUERTOS Y AEROPUERTOS. ASI COMO LA INSPECCION DE DROGAS YA SEA DE FORMA TERRESTRE O EN ACTVIDADES DE BUCEO.,False,goods
l10n_cr_ticofac.activity_749908,749908,8299.0,SERVICIO DE RECOLECCION DE MONEDAS DE LOS TELEFONOS PUBLICOS,EN ESTA CLASE SE INCLUYE EL SERVICIO DE RECAUDAR LAS MONEDAS DE LOS TELEFONOS PUBLICOS.,False,goods
l10n_cr_ticofac.activity_749911,749911,7420.0,AGENCIAS FOTOGRAFICAS POR CATALOGO,EN ESTA CLASE SE INCLUYE EL ALQUILER O VENTA DE FOTOGRAFIAS A TRAVES DE LA ADMINISTRACION DE BANCOS DE IMAGENES (CATALOGOS).,False,goods
l10n_cr_ticofac.activity_749914,749914,8291.0,SERVCICIO DE COBRANZA DE RECIBOS PUBLICOS Y OTROS,"SE REFIERE A LAS EMPRESAS O LOCALES COMERCIALES QUE FACILITAN EL SERVICIO DE CANCELACION DE LOS RECIBOS PUBLICOS,PAGO DE IMPUESTOS, PAGO DE PRESTAMOS A CAMBIO DE UNA COMISION.",False,goods
l10n_cr_ticofac.activity_749917,749917,7490.0,MODELAJE PROFESIONAL (MODELO),"ESTA CLASE INCLUYE LAS PERSONAS QUE SE DEDICAN PROFESIONALMENTE A EXHIBIR, PRENDAS DE VESTIR, ROPA, ACCESORIOS Y OTROS; A SOLICITUD DE TERCERAS PERSONAS. TAMBIEN INCLUYE A LAS PERSONAS QUE SON REPRESENTADAS POR AGENCIAS DE MODELOS, PARA LAS CUALES POSAN PARA SER REPRESENTADAS EN UNA OBRA DE ARTE, UN CUADRO, UNA ESCULTURA O UNA FOTOGRAFIA, ASI COMO LAS QUE TRABAJAN DE FORMA INDEPENDIENTE.",False,goods
l10n_cr_ticofac.activity_749918,749918,8291.0,AGENCIAS DE COBRO Y CALIFICACION CREDITICIA,"EN ESTA CLASE SE INCLUYEN LAS SIGUIENTES ACTIVIDADES: COBRO DE CANTIDADES ADEUDADAS Y ENTREGA DE ESOS FONDOS A LOS CLIENTES, COMO SERVICIOS DE COBRO DE FACTURAS O DE DEUDAS. COMPILACION DE INFORMACION, COMO HISTORIALES DE CREDITO Y DE EMPLEO DE PEROSNAS E HISTORIALES DE CREDITO DE EMPRESAS Y SUMINISTROS DE ESA INFORMACION A INSTITUCIONES FINANCIERAS, EMPRESAS DE VENTA AL POR MENOR Y OTRAS ENTIDADES QUE NECESITAN PODER EVALUAR LA SOLVENCIA DE ESAS PERSONAS Y EMPRESAS",False,goods
l10n_cr_ticofac.activity_751101,751101,8411.0,ACTIVIDADES DE LA ADMINISTRACION PUBLICA EN GENERAL,EN ESTA CLASE SE INCLUYE UNA VARIEDAD DE ACTIVIDADES DE LA ADMINISTRACION PUBLICA LAS CUALES SE ENCUENTRAN AFECTA AL IMPUESTO DE RENTA YA SEA COMO CONTRIBUYENTE O DECLARANTES.,False,goods
l10n_cr_ticofac.activity_751102,751102,8411.0,"ACTIVIDADES DE LA ADMINISTRACION PUBLICA EN GENERAL, NO SUJETAS AL IMPUESTO SOBRE LA RENTA","EN ESTA CLASE SE DEBEN INCLUIR LOS MINISTERIOS, MUNICIPALIDADES E INSTITUCIONESAUTONOMAS Y SEMIAUTONOMAS DEL ESTADO QUE POR LEY ESPECIAL GOCEN DE ESTA EXTENCION. QUE DE ACUERDO A LA DGT21-2014 NO ESTAN OBLIGADOS A DECLARAR EL IMPUESTO A LAS UTILIDADES.",False,goods
l10n_cr_ticofac.activity_751201,751201,9499.0,"JUNTAS DE EDUCACION, COMEDORES ESCOLARES, PATRONATOS, COOPERATIVAS ESCOLARES, COLEGIALES, VOCACIONALES","INCLUYE LOS PROGRAMAS QUE PRESTAN LOS SERVICIOS EDUCATIVOS PUBLICOS DE ENSEÑANZAPRIMARIA, SECUNDARIA Y UNIVERSITARIA, ASI COMO DE PROGRAMAS DE EDUCACION PROFES IONAL. SEGUN EL ARTICULO 6 DEL REGLAMENTO A LA LEY DEL IMPUESTO SOBRE LA RENTA, DEBEN REGISTRARSE COMO DECLARANTES DE DICHO IMPUESTO.",False,goods
l10n_cr_ticofac.activity_751202,751202,8411.0,COMITES CANTONALES DE DEPORTES Y RECREACION,"SE INCLUYEN LOS COMITES CANTONALES DE DEPORTES Y RECREACION LOS CUALES DE ACUERDO AL PRONUNCIAMIENTO DE LA PROCURADURIA GENERAL DE LA REPUBLICA C-136-2002 DEL 04/06/2002 ESTAN EXENTOS DE TODO TRIBUTO. ADEMAS DE ACUERDO AL ART. 8 INCISO Q) DELA LEY DE RENTA ESTAS ENTIDADES PUEDEN RECIBIR DONACIONES, LAS CUALES SERAN DEDUCIBLES DE GASTOS.",False,goods
l10n_cr_ticofac.activity_751301,751301,8413.0,ACTIVIDADES DEL SECTOR PUBLICO RELACIONADAS CON LA INFRAESTRUCTURA,"EN ESTA CLASE SE INCLUYE LAS ACTIVIDADES DEL SECTOR PUBLICO, RELACIONADAS SOBRE TODO CON LA INFRAESTRUCTURA, ASUNTOS RELACIONADOS CON LA ORDENACION DE TIERRAS, ADMINISTRACION DE ACTIVIDADES VETERINARIAS Y FORESTALES, PESCA, COMBUSTIBLE, ENERGIA, MINERIA, TURISMO, TRANSPORTE, COMUNICACIONES, TALES COMO CAMINOS Y CARRETERAS, SUMINISTRO DE AGUA, FERROCARRILES, TRENES URBANOS Y CONSTRUCCION DE INSTALACIONES PARA EL TRANSPORTE AEREO. ACTIVIDADES DE SERVICIOS ADMINISTRATIVOSEN GENERAL.",False,goods
l10n_cr_ticofac.activity_751302,751302,8413.0,FONDOS PUBLICOS (ACTIVIDADES DEL SECTOR PUBLICO),"ESTA CLASE INCLUYE ACTIVIDADES DEL SECTOR PUBLICO TALES COMO: RELACIONADAS CON LA INFRAESTRUCTURA, ORDENACION DE TIERRAS DE USO AGROPECUARIO, REFORMA AGRARIA YCOLONIZACION , REGULACION DE COMERCIALIZACION DE PRODUCTOS AGROPECUARIOS Y CONSECION DE SUBVENCIONES, ADMINISTRACION DE LA LUCHA CONTRA PLAGAS INSPECCION DE CULTIVOS Y PRODUCTOS, ACTIVIDADES VETERINARIAS, FORESTALES, PESCAS CON FINES COMERCIALES Y DEPORTIVOS, SERVICIOS RELACIONADOD CON EL COMBUSTIBLE Y LA ENERGIA, COMBUSTIBLES RELACIONADOS CON LA ENERGIA ELECTRICA, CON LA MINERIA Y RECURSOS MINERALES, EXPLOTACION, CONSERVACION Y COMERCIALIZACION DE YACIMIENTOS. ADMINISTRACION DE PROYECTOS DE OBJETIVOS MULTIPLES, REGULACION, CONSECION DE LICENCIAS E INSPECCION RELACIONADA CON EL SECTOR COMERCIAL DIVERSO. EJECUCION DE MEDIDAS DE POLITICAS DE DESARROLLO REGIONAL PARA REDUCIR EL DESEMPLEO Y LUCHA CONTRA EL SUBDESARROLLO, ASI COMO LA REGULACION Y ADMINISTRACION DE ACTIVIDADES RELACIONADAS CON LOS TRANSPORTES Y LAS COMUNICACIONES, TALES COMO LOS REFERENTES A CAMINOS Y CARRETERAS INSTALACIONES DE SUMINISTRO DE AGUA,FERROCARRILLES, TRENES URBANOS, TRANSPORTE AEREO, OBRAS HIDROGRAFICAS, PUENTES, ASI COMO LA ADQUISICION DE OTROSgoods Y SERVICIOS NECESARIOS PARA EL CUMPLIMIENTO DEL FONDO.",False,goods
l10n_cr_ticofac.activity_751401,751401,7010.0,ACTIVIDADES DE SERVICIOS AUXILIARES PARA LA ADMINISTRACION PUBLICA EN GENERAL,"ESTA CLASE ABARCA LAS ACTIVIDADES DE SERVICIOS DE PERSONAL Y OTRAS ACTIVIDADES DE SERVICIOS GENERALES. ADMINISTRACION Y FUNCIONAMIENTO DE LOS SERVICIOS DE PERSONAL EN GENERAL, ESTEN O NO RELACIONADOS CON UNA FUNCION CONCRETA. FORMULACION Y APLICACION DE NORMAS Y PROCEDIMIENTOS GENERALES DE PERSONAL EN MATERIA DE METODOS DE SELECCION, CALIFICACION Y ASCENSO, DESCRIPCION DE FUNCIONES, EVALUACION Y CLASIFICACION, APLICACION DE REGLAMENTOS DE PERSONAL, ETC. ADMINISTRACION, DIRECCION Y RESPALDO DE SERVICIOS GENERALES, TALES COMO LOS DE SUMINISTRO Y COMPRA CENTRALIZADOS, CONSERVACION Y CUSTODIA DE REGISTROS Y ARCHIVOS PUBLICOS, ADMINISTRACION DE EDIFICIOS DE PROPIEDAD PUBLICA U OCUPADOS POR LA ADMINISTRACION PUBLICA , SERVICIOS DE OFICINAS CENTRALES Y OTROS SERVICIOS GENERALES NO RELACIONADOS CON NINGUNA FUNCION CONCRETA.",False,goods
l10n_cr_ticofac.activity_752101,752101,8421.0,RELACIONES EXTERIORES,"EN ESTA CLASE SE INCLUYEN LA ADMINISTRACION Y EL FUNCIONAMIENTO DEL MINISTERIO DE RELACIONES EXTERIORES Y DE LAS MISIONES DIPLOMATICAS Y CONSULARES EN EL EXTRANJERO Y ANTE ORGANIZACIONES INTERNACIONALES. LA ADMINISTRACION, LA DIRECCION Y EL RESPALDO DE SERVICIOS INFORMATIVOS Y CULTURALES QUE SE PRESTAN EN EL EXTRANJERO. EL SUMINISTRO DE AYUDA ECONOMICA A PAISES EN DESARROLLO, SEA EFECTUADO O NO POR CONDUCTO DE ORGANIZACIONES INTERNACIONALES. EL SUMINISTRO DE AYUDA MILITAR A OTROS PAISES. ASUNTOS RELACIONADOS CON EL COMERCIO INTERNACIONAL EN GENERAL, COMO EL COMERCIO EXTERIOR, LA FINANCIACION INTERNACIONAL Y CUESTIONES DE CARACTER TECNICO. ASISTENCIA INTERNACIONAL, COMO PROGRAMAS DE SOCORRO A REFUGIADOS Y DE LUCHA LUCHA CONTRA EL HAMBRE.",False,goods
l10n_cr_ticofac.activity_752201,752201,8422.0,ACTIVIDADES DE DEFENSA,"ESTA CLASE ABARCA ASUNTOS RELACIONADOS CON LA DEFENSA MILITAR Y CIVIL. ADMINISTRACION, SUPERVISION Y GESTION DE ASUNTOS Y FUERZAS DE DEFENSA MILITAR: EJERCITO, MARINA, FUERZAS AEREA Y ESPACIAL; MANDOS Y FUERZAS DE INGENIERIA, TRANSPORTE, COMUNICACIONES, INTELIGENCIA, SUMINISTRO DE MATERIALES, PERSONAL Y OTRAS FUERZAS DE ENDOLE CONEXA NO DESTINADAS AL COMBATE; Y FUERZAS AUXILIARES DE RESERVA Y PARA EL SISTEMA DE DEFENSA. ABASTECIMIENTO DE EQUIPO, ESTRUCTURAS, SUMINISTROS, ETC. ACTIVIDADES SANITARIAS PARA EL PERSONAL MILITAR EN CAMPANA. ADMINISTRACION, FUNCIONAMIENTO Y RESPALDO DE FUERZAS DE DEFENSA CIVIL. PRESTACION DE APOYO A LA ELABORACION DE PLANES DE EMERGENCIA Y LA EJECUCION DE MANIOBRAS CON LA PARTICIPACION DE INSTITUCIONES Y CIVILES. SE INCLUYEN LA APLICACION DE LAS POLITICAS DE",False,goods
l10n_cr_ticofac.activity_752301,752301,8423.0,ACTIVIDADES DE MANTENIMIENTO DEL ORDEN PUBLICO Y DE SEGURIDAD,"EN ESTA CLASE SE INCLUYEN LAS ACTIVIDADES POLICIALES Y DE LUCHA CONTRA INCENDIOS, LA ADMINISTRACION Y EL FUNCIONAMIENTO DE TRIBUNALES Y LA ADMINISTRACION Y EL FUNCIONAMIENTO DE PRISIONES. LA ADMINISTRACION Y DIRECCION DE FUERZAS DE POLICIA REGULARES Y AUXILIARES QUE DEPENDEN DE LAS AUTORIDADES PUBLICAS, DE FUERZAS DE VIGILANCIA PORTUARIA, FRONTERIZA Y COSTERA Y DE OTRAS FUERZAS ESPECIALES DE POLICIA. ENTRE LAS FUNCIONES DE LA POLICIA SE INCLUYEN LA ORDENACION DEL TRAFICO, EL REGISTRO DE EXTRANJEROS, LA UTILIZACION DE LABORATORIOS POLICIALES Y EL MANTENIMIENTO DE FICHEROS DE DETENIDOS. EL SUMINISTRO DE EQUIPO Y MATERIALES PARA LOS SRVICIOS POLICIALES, INCLUSO VEHICULOS, AERONAVES Y EMBARCACIONES. PREVENCION YEXTINCION DE INCENDIOS. ADMINISTRACION Y FUNCIONAMIENTO DE CUERPOS ORDINARIOS Y",False,goods
l10n_cr_ticofac.activity_752302,752302,8423.0,"SERVICIOS DE VIGILANCIA O CONTROL PORTUARIA, COSTERA, AEREA,Y FRONTERIZA","SE INCLUYE LA PRESTACION DE LOS SERVICIOS DE VIGILANCIA O CONTROL FRONTERIZO, AEREO. COSTERO Y PORTUARIO.",False,goods
l10n_cr_ticofac.activity_753001,753001,8430.0,ACTIVIDADES DE PLANES DE SEGURIDAD SOCIAL DE AFILIACION OBLIGATORIA,"EN ESTA CLASE SE INCLUYEN LAS SIGUIENTES ACTIVIDADES: FINANCIACION Y ADMINISTRACION DE LOS PROGRAMAS DE SERVICIOS PUBLICOS DE SEGURIDAD SOCIAL: SEGUROS DE ENFERMEDAD, CONTRA ACCIDENTES LABORALES Y DE DESEMPLEO, PENSIONES DE JUBILACION, PROGRAMAS QUE CUBREN LA PERDIDA DE INGRESOS EN CASOS DE MATERNIDAD, INCAPACIDAD TEMPORAL, VIUDEDAD, ENTRE OTROS",False,goods
l10n_cr_ticofac.activity_801001,801001,8510.0,ENSEÑANZA PREESCOLAR Y PRIMARIA PRIVADA,EN ESTA CLASE SE INCLUYE LAS ESCUELAS PRIVADAS DE ENSEÑANZA PREESCOLAR Y PRIVADA,False,goods
l10n_cr_ticofac.activity_802101,802101,8521.0,ENSEÑANZA SECUNDARIA PRIVADA,EN ESTA CLASE SE INCLUYE LA ENSEÑANZA SECUNDARIA PRIVADA DE FORMACION GENERAL.,False,goods
l10n_cr_ticofac.activity_802201,802201,8530.2,ENSEÑANZA SECUNDARIA DE FORMACION TECNICA Y PROFESIONAL,EN ESTA CLASE SE INCLUYE TODA LA ENSEÑANZA TECNICA Y PROFESIONAL DE NIVEL INFERIOR AL UNIVERSITARIO. POR LO GENERAL EN LOS PROGRAMAS DE ESTE NIVEL SE HACE HINCAPIE EN UNA DETERMINADA ESPECIALIZACION Y SE IMPARTEN CONOCIMIENTOS TEORICOS Y PRACTICOS QUE SUELEN TENER POR OBJETO MEJORAR LAS POSIBILIDADES ACTUALES O FUTURAS DE EMPLEO. LOS OBJETIVOS DE LOS PROGRAMAS PUEDEN VARIAR DESDE LA PREPARACION PARA UNA ESFERA GENERAL DE EMPLEO HASTA LA PREPARACION PARA UNA OCUPACION CONCRETA. EN ESTE NIVEL TAMBIEN SE INCLUYE LA ENSEÑANZA TECNICA Y PROFESIONAL DE TIPO ACADEMICO PARA ESTUDIANTES INCAPACITADOS.,False,goods
l10n_cr_ticofac.activity_803002,803002,8530.1,ENSEÑANZA SUPERIOR PRIVADA (UNIVERSIDADES),EN ESTA CLASE SE INCLUYE LAS UNIVERSIDADES PRIVADAS,False,goods
l10n_cr_ticofac.activity_803003,803003,8530.1,ENSENANZA SUPERIOR PUBLICA (UNIVERSIDADES),"ESTA CLASE COMPRENDE LA ENSENANZA UNIVERSITARIA PROPIAMENTE DICHA, QUE CULMINA EN LA OBTENCION DE UN TITULO UNIVERSITARIO O SU EQUIVALENTE. EN ESTE NIVEL SE OFRECE GRAN VARIEDAD DE PROGRAMAS ESPECIALIZADOS EN DIFERENTES DISCIPLINAS, ALGUNOS DE LOS CUALES SE CONCENTRAN EN CONOCIMIENTOS TEORICOS, MIENTRAS QUE OTROS HACEN HINCAPIE EN LOS CONOCIMIENTOS PRACTICOS.",False,goods
l10n_cr_ticofac.activity_809001,809001,8549.0,ESCUELAS COMERCIALES (NO ESTATALES),"EN ESTA CLASE SE INCLUYE LA ENSEÑANZA DE ACTIVIDADES NO ABARCADAS POR LOS SISTEMAS ORDINARIOS DE ENSEÑANZA PRIMARIA, SECUNDARIA O UNIVERSITARIA. EJEMPLO: ESCUELAS DE MANEJO, MUSICA, ACADEMIAS DE BELLEZA, INSTITUTOS DE IDIOMAS, ETC.",False,goods
l10n_cr_ticofac.activity_809004,809004,8549.0,PROFESOR POR CUENTA PROPIA,"INCLUYE LOS PROFESORES DE TODO TIPO DE ENSEÑANZA PRIMARIA, SECUNDARIA, UNIVERSITARIA, ENTRE OTROS. INCLUYE ADEMAS LA INSTRUCCION IMPARTIDA MEDIANTE PROGRAMAS DE TELEVISION, RADIO Y CORRESPONDENCIA, ASI COMO CUALQUIER OTRA ACTIVIDAD RELACIONADA COMO EL CUIDO DE EXAMENES ENTRE OTRAS.",False,goods
l10n_cr_ticofac.activity_809005,809005,8542.0,ENSEÑANZA CULTURAL,"EN ESTA CLASE COMPRENDE LAS ACTVIDADES DE FORMACION ARTISTICA, TEATRAL Y MUSICAL. LAS UNIDADES QUE IMPARTEN ESTE TIPO DE FORMACION PUEDEN DENOMINARSE ESCUELAS, ESTUDIOS, ACADEMIAS, CLASES, ETC. OFRECEN FORMACION ESTRUCTURADA, PRINCIPALMENTE PARA FINES RECREATIVOS, DE AFICION O DE DESARROLLO PERSONAL, PERO ESA FORMACION NO CONDUCE A LA OBTENCION DE UN DIPLOMA PROFESIONAL NI DE UN TITULO DE LICENCIADO O GRADUADO. INCLUYE: CLASES DE PIANO Y OTRAS ACTIVIDADES DE FORMACION MUSICAL. FORMACION ARTISTICA. ESCUELAS Y ACADEMIAS DE BAILE. ESCUELAS DE TEATRO, BELLAS ARTES,ARTES INTERPRETATIVAS,FOTOGRAFIA (EXCEPTO LAS ACADEMICAS)",False,goods
l10n_cr_ticofac.activity_809006,809006,8549.0,ENSEÑANZA DE LA DE SEGURIDAD PRIVADA,"EN ESTA CLASE SE INCLUYE LAS ACADEMIAS O ESCUELAS DONDE CAPACITEN A PERSONAS PARA BRINDAR EL SERVICIO DE SEGURIDAD PRIVADA. DICHO SERVICIO, SE ENCUENTRA EN EL CODIGO 749201.",False,goods
l10n_cr_ticofac.activity_809007,809007,8542.0,ESCUELA Y AGENCIA DE MODELOS,EN ESTA CLASE SE INCLUYE LAS ESCUELAS DE MODELAJE Y EL SERVICIO DE COLOCACION DE LOS MODELOS.,False,goods
l10n_cr_ticofac.activity_851101,851101,8610.0,"CLINICA, CENTROS MEDICOS, HOSPITALES PRIVADOS Y OTROS","SE REFIERE A LAS ACTIVIDADES DE CONSULTA MEDICA PRIVADA, QUE REALIZA TANTO UNA CLINICA, HOSPITAL O CENTRO MEDICO.",False,goods
l10n_cr_ticofac.activity_851201,851201,8620.1,GINECOLOGO,EN ESTA CLASE SE INCLUYE LOS SERVICIOS BRINDADOS POR GINECOLOGOS,False,goods
l10n_cr_ticofac.activity_851202,851202,8620.1,SERVICOS DE MEDICO GENERAL,"ESTA CLASE ABARCA LAS ACTIVIDADES DE CONSULTA Y TRATAMIENTO POR MEDICOS DE MEDICINA GENERAL, COMPRENDE LAS ACTIVIDADES DE DICHOS PROFESIONALES EN INSTITUCIONES DE ATENCION DE LA SALUD (ENTRE ELLAS LAS CLINICAS Y LOS SERVICIOS DE HOSPITAL PARA PACIENTES EXTERNOS Y LAS SOCIEDADES INTEGRADAS POR GRUPOS DE MEDICOS CUYOS SERVICIOS DEBEN PAGARSE POR ADELANTADO) Y EN CONSULTORIOS PRIVADOS. SE INCLUYEN ADEMAS LAS ACTIVIDADES REALIZADAS EN CLINICAS DE EMPRESAS, ESCUELAS, HOGARES DE ANCIANOS, ORGANIZACIONES SINDICALES Y ASOCIACIONES PROFESIONALES, ASI COMO EN EL DOMICILIO DE LOS PACIENTES.",False,goods
l10n_cr_ticofac.activity_851203,851203,8620.1,NEUROLOGOS,EN ESTA CLASE SE INCLUYE LOS SERVICIOS BRINDADOS POR NEUROLOGOS,False,goods
l10n_cr_ticofac.activity_851204,851204,8620.1,"SERVICIOS DE OFTALMOLOGO U OCULISTA, OPTOMETRISTA Y/O OPTICO","EN ESTA CLASE SE INCLUYE LOS SERVICIOS BRINDADOS POR OFTALMOLOGOS U OCULISTAS, OPTOMETRISTAS Y/O OPTICOS (CONSULTA PRIVADA). INCLUYE LOS EXAMENES PARA LA VISTA Y OTROS SERVICIOS RELACIONADOS. LAS OPTICAS SE INCLUYEN EN EL CODIGO 523920.",False,goods
l10n_cr_ticofac.activity_851206,851206,8620.1,ORTOPEDISTA (CONSULTA PRIVADA),EN ESTA CLASE SE INCLUYE LOS SERVICIOS BRINDADOS POR ORTOPEDISTAS,False,goods
l10n_cr_ticofac.activity_851207,851207,8620.2,SERVICIOS DE ODONTOLOGO Y CONEXOS,"ESTA CLASE INCLUYE LOS SERVICIOS PROFESIONALES EN ODONTOLOGIA, ORTODONCIA Y OTROS. INCLUYE ADEMAS LOS TECNICOS DENTALES Y PUEDE LLEVARSE A ACABO EN CONSULTORIOS PRIVADOS, CLINICAS, ESCUELAS Y EMPRESAS.",False,goods
l10n_cr_ticofac.activity_851208,851208,8620.1,"OTORRINOLARINGOLOGIA, AUDIOLOGIA Y SERVICIOS CONEXOS.","EN ESTA CLASE SE INCLUYE LOS SERVICIOS TECNICOS Y PROFESIONALES EN EL AREA DE OTORRINOLARINGOLOGIA, AUDIOLOGIA Y SERVICIOS RELACIONADOS.",False,goods
l10n_cr_ticofac.activity_851209,851209,8620.1,FARMACEUTICO O BOTICARIO,"ESTA CLASE INCLUYE AL PROFESIONAL DE LA SALUD EXPERTO EN MEDICINAS Y FARMACOS, Y EN LA UTILIZACION DE LOS MEDICAMENTOS CON FINES TERAPEUTICOS EN EL SER HUMANO. EL COMETIDO DEL FARMACEUTICO PUEDE SER REGENTAR UNA OFICINA DE FARMACIA, TRABAJAR EN UN HOSPITAL, INVESTIGAR Y DESARROLLAR NUEVOS FARMACOS, ETC.",False,goods
l10n_cr_ticofac.activity_851210,851210,8620.1,CARDIOLOGOS,ESTA CLASE INCLUYE A LOS PROFESIONALES EN CIENCIAS MEDICAS QUE SE ESPECIALIZAN EN AFECCIONES A NIVEL CARDIACO Y DEL APARATO CIRCULATORIO.,False,goods
l10n_cr_ticofac.activity_851212,851212,8620.1,ONCOLOGOS,EN ESTA CLASE SE INCLUYE LOS SERVICIOS BRINDADOS POR PROFESIONALES MEDICOS EN ONCOLOGIA (CONSULTA PRIVADA),False,goods
l10n_cr_ticofac.activity_851213,851213,8620.1,REUMATOLOGO,EN ESTA CLASE SE INCLUYEN LOS SERVICIOS BRINDADOS POR LOS MEDICOS REUMATOLOGOS.,False,goods
l10n_cr_ticofac.activity_851901,851901,8690.9,MEDICINA ALTERNATIVA,"EN ESTA CLASE SE INCLUYE CUALQUIER TIPO DE MEDICINA ALTERNATIVA QUE SE UTILIZA EN LUGAR DE LA MEDICINA CONVENCIONAL. POR EJEMPLO LA ACUPUNTURA, HIPNOSIS, YOGA, FITOTERAPIA (PLANTAS MEDICINALES), AROMATERAPIA, MUSICOTERAPIA, HOMEOPATIA, NATURISTAS, ETC.",False,goods
l10n_cr_ticofac.activity_851902,851902,8690.9,FISICO TERAPISTA,"ESTA CLASE INCLUYE EL PROFESIONAL CAPACITADO Y AUTORIZADO PARA EVALUAR, EXAMINAR, DIAGNOSTICAR, Y TRATAR, LAS DEFICIENCIAS, LIMITACIONES FUNCIONALES Y DISCAPACIDADES FISICAS.",False,goods
l10n_cr_ticofac.activity_851905,851905,8690.9,PSICOLOGO,"ESTA CLASE INCLUYE LOS PROFESIONALES QUE ESTUDIAN LA CONDUCTA, EL COMPORTAMIENTO HUMANO Y LOS PROCESOS MENTALES.",False,goods
l10n_cr_ticofac.activity_851906,851906,8620.1,PSIQUIATRIA,EN ESTA CLASE SE INCLUYE LOS SERVICIOS BRINDADOS POR EL PROFESIONAL DE LA MEDICINA QUE SE DEDICA DE FORMA ESPECIALIZADA A IDENTIFICAR LAS ENFERMEDADES MENTALES DE LAS PERSONAS Y A DESARROLLAR UN TRATAMIENTOS QUE LAS SOLUCIONE.,False,goods
l10n_cr_ticofac.activity_851907,851907,8690.9,SERVICIOS DE ENFERMERIA,"ESTA CLASE INCLUYE A LOS PROFESIONEALES QUE SE ENCARGAN DE LOS CUIDADOS AUTONOMOS Y EN COLABORACION, QUE SE PRESTAN A LAS PERSONAS DE TODAS LAS EDADES, FAMILIAS, GRUPOS Y COMUNIDADES, ENFERMOS O SANOS, EN TODOS LOS CONTEXTOS, E INCLUYE LA PROMOCION DE LA SALUD, LA PREVENCION DE LA ENFERMEDAD, Y LOS CUIDADOS DE LOS ENFERMOS, DISCAPACITADOS, Y PERSONAS MORIBUNDAS",False,goods
l10n_cr_ticofac.activity_851908,851908,8690.1,LABORATORIOS MEDICOS - CLINICOS,"EN ESTA CLASE SE INCLUYEN LOS SERVICIOS DE LABORATORIOS MEDICOS Y CLINICOS QUE REALIZAN ANALISIS CLINICOS QUE CONTRIBUYEN AL ESTUDIO, PREVENCION, DIAGNOSTICO Y TRATAMIENTO DE LOS PROBLEMAS DE SALUD DE LOS PACIENTES. TAMBIEN SE LE CONOCE COMO LABORATORIOS DE PATOLOGIA CLINICA. REALIZAN ANALISIS CLINICO COMO HEMATOLOGIA, INMUNOLOGIA, MICROBIOLOGIA Y QUIMIA CLINICA (O BIOQUIMICA)",False,goods
l10n_cr_ticofac.activity_851909,851909,8610.0,"SERVICIOS DE RADIOLOGIA, ANESTESIOLOGIA Y OTROS","ESTA CLASE INCLUYE LOS SERVICIOS BRINDADOS POR PERSONAS FISICAS O JURIDICAS EN EL AREA DE RADIOLOGIA, ANESTESIOLOGIA, MICROBIOLOGIA Y OTROS N.C.P.",False,goods
l10n_cr_ticofac.activity_851910,851910,8690.9,TRANSPORTE EN AMBULANCIA TERRESTRE Y AEREO (SERVICIO PRIVADO),ESTA CLASE INCLUYE LOS SERVICIOS DE AMBULANCIA PRIVADOS TERRESTRES Y AEREOS.,False,goods
l10n_cr_ticofac.activity_851911,851911,7110.0,PROFESIONALES EN SALUD OCUPACIONAL,"ESTA CLASE INCLUYE A TODO TIPO DE PROFESIONALES INCLUSIVE AUDITORES, INSPECTORESQUE PRESTEN LOS SERVICIOS PREVENTIVOS, ASESORAMIENTO DEL EMPLEADOR, TRABAJADOR Y SUS REPRESENTANTES SOBRE LOS REQUISITOS NECESARIOS PARA ESTABLECER Y CONSERVAR UN MEDIOAMBIENTE DE TRABAJO SEGURO Y SALUDABLE, QUE FAVOREZCA UNA SALUD FISICA Y MENTAL OPTIMA EN RELACION CON EL TRABAJO Y DE LA ADAPTACION DE ESTE A LAS CAPACIDADES DE LOS TRABAJADORES, TENIENDO EN CUENTA SU ESTADO DE SALUD FISICA Y MENTAL",False,goods
l10n_cr_ticofac.activity_851912,851912,8690.9,NUTRICIONISTA,"ESTA CLASE INCLUYE AL PROFESIONAL QUE JUNTO AL EQUIPO MEDICO COLABORA PARA PROVEER UN CUIDADO SEVERO AL PACIENTE PARA QUE MANTENGA SU ESTADO DE SALUD O LA PROMUEVA. ES EL QUE DISEÑA MENUS, ESTABLECE POLITICAS SEGURAS DE MANEJOS DE ALIMENTOS, PROVEE EDUCACION EN SALUD O ENFERMEDAD, SUPERVISA Y ADMINISTRA SERVICIOS DE ALIMENTOS Y NUTRICION, PARTICIPA EN PROCESOS DE INVESTIGACION PARA BRINDAR CUIDADO NUTRICIONAL ATEMPERADO A LAS REALIDADES DE CADA MOMENTO, ENTRE OTROS.",False,goods
l10n_cr_ticofac.activity_851913,851913,8510.0,PROFESIONALES EN EDUCACION ESPECIAL,"EN ESTA CLASE SE INCLUYE LOS PROFESIONALES DE ENSEÑANZA ESPECIAL TALES COMO PSICOPEDAGOGOS, FONOAUDIOLOGOS (TERAPIA DE LENGUAJE), TRABAJADORES SOCIALES, ETC.",False,goods
l10n_cr_ticofac.activity_851914,851914,8690.9,SERVICIOS DE PARAMEDICOS,"EN ESTA CLASE SE INCLUYE LOS SERVICIOS RELACIONADOS CON LA ATENCION DE EMERGENCIAS MEDICAS, ATIENDE TRAUMAS EN EL AMBIENTE PREHOSPITALARIO SIGUIENDO PROTOCOLOS INTERNACIONAMENTE REVISADOS Y ACEPTADOS.",False,goods
l10n_cr_ticofac.activity_851915,851915,8690.1,SERVICIOS DE ESTERILIZACION DE PRODUCTOS MEDICOS Y FARMACEUTICOS,"EN ESTA CLASE SE INCLUYE EL SERVICIO DE ESTERILIZACION DE TODO TIPO DE PRODUCTOS, POR EL METODO DE CONTROL DEL CRECIMIENTO MICROBIANO QUE INVOLUCRA LA ELIMINACION DE TODAS LAS FORMAS DE VIDA MICROSCOPICAS, INCLUIDOS VIRUS Y ESPORAS .",False,goods
l10n_cr_ticofac.activity_851916,851916,8690.9,"OTRAS ACTIVIDADES RELACIONADAS CON LA SALUD HUMANA(BANCO DE SANGRE, BANCO DE PIEL, ETC)","INCLUYASE LAS ACTIVIDADES DEL BANCO DE SANGRE Y DEL BANCO DE PIEL, PARA TRANSPLANTES O INJERTOS. PROCESAMIENTO, ALMACENAMIENTO, CONSERVACION Y DISTRIBUCION PARA EL TRATAMIENTO DE PACIENTES.",False,goods
l10n_cr_ticofac.activity_852001,852001,7500.0,SERVICIOS VETERINARIOS CON VENTA DE PRODUCTOS GRAVADOS CON VENTAS,"SE REFIERE A LAS VETERINARIAS QUE PRESTAN SERVICIOS DE ATENCION MEDICA Y A LA VEZ VENDEN ARTICULOS PARA MASCOTAS, ALIMENTOS, ETC. GRAVADOS CON EL IMPUESTO SOBRE LAS VENTAS.",False,goods
l10n_cr_ticofac.activity_852002,852002,7500.0,SERVICIOS MEDICOS VETERINARIOS,"SE REFIERE A LAS ACTIVIDADES DE ATENCION MEDICA PARA ANIMALES, EN CLINICAS Y HOSPITALES ESPECIALIZADOS, O POR UN PROFESIONAL EN EL CAMPO. Y QUE NO VENDEN ARTICULOS GRAVADOS.",False,goods
l10n_cr_ticofac.activity_853101,853101,8810.0,FUNDACIONES DE BIEN SOCIAL,EN ESTA CLASE SE INCLUYE FUNDACIONES DE BIEN SOCIAL CON ALOJAMIENTO Y SIN ALOJAMIENTO.,False,goods
l10n_cr_ticofac.activity_853102,853102,8790.0,FUNDACIONES DE SERVICIO SOCIAL (PRIVADAS),"ESTA CLASE COMPRENDE LAS ACTIVIDADES DESTINADAS A PROPORCIONAR ASISTENCIA SOCIALO SERVICIOS SOCIALES CON ALOJAMIENTO, REALIZADAS POR DEPENDENCIAS PUBLICAS O PRIVADAS.",False,goods
l10n_cr_ticofac.activity_853103,853103,5590.0,RESIDENCIAS UNIVERSITARIAS CON SERVICIOS INTEGRADOS,"EN ESTA CLASE SE INCLUYE LAS RESIDENCIAS PARA ESTUDIANTES UNIVERSITARIOS, EN DONDE SE LES BRINDA SERVICIOS DE HOSPEDAJE, LAVADO, PLANCHADO E INSTALACIONES COMO LABORATORIOS, AULAS, ETC. DICHO SERVICIO NO ESTA SUJETO AL IMPUESTO SOBRE LAS VENTAS SEGUN OFICIO DN-198-06 DEL 07 DE JULIO DEL 2006, DE LA DIVISION NORMATIVA.",False,goods
l10n_cr_ticofac.activity_853201,853201,8890.0,GUARDERIAS/CENTROS INFANTILES Y SERVICIOS SOCIALES,"ESTA ACTIVIDAD ABARCA SERVICIOS DE GUARDERIAS, ACTIVIDADES DE ATENCION Y CUIDO DE PERSONAS INCAPACITADAS, ORIENTACION DE NIÑOS, ADOPCION, ASISTENCIA SOCIAL, PERSONAS CON DERECHO A RECIBIR, FONDOS, ASESORAMIENTO SOBRE EL PRESUPUESTO FAMILIAR Y ORIENTACION ACERCA DEL MATRIMONIO Y LA FAMILIA ENTRE OTROS QUE PUEDEN SER PRESTADOS A PARTICULARES Y A FAMILIAS EN SUS HOGARES Y EN OTROS LUGARES. ESTA ACTIVIDAD PUEDE SER REALIZADA POR DEPENDENCIAS PUBLICAS Y POR ORGANIZACIONES PRIVADAS (INCLUYE PERSONAS FISICAS), ORGANIZACIONES DE goodsTAR SOCIAL RELACIONADAS CON IGLESIAS, ORGANIZACIONES PARA SOCORRO EN CASOS DE DESASTRE Y ORGANIZACIONES NACIONALES O LOCALES DE AUTOAYUDA. INCLUYE LA RED NACIONAL DE CUIDO Y DESARROLLO INFANTIL.",False,goods
l10n_cr_ticofac.activity_853301,853301,9499.0,"ASOCIACIONES DECLARADAS DE UTILIDAD PUBLICA POR EL PODER EJECUTIVO, INCLUYE LAS ASADAS",ESTA CLASE INCLUYE LAS ASOCIACIONES DECLARADAS DE UTILIDAD PUBLICA DE TODO TIPO Y LAS CUALES SE DEBEN INSCRIBIR COMO DECLARANTES. (ENTRE ELLAS LAS ASADAS).,False,goods
l10n_cr_ticofac.activity_900001,900001,3811.0,"ASESORAMIENTO Y ELIMINACION DE DESPERDICIOS, SANEAMIENTO (EXCEPTO LIMPIEZA DE TANQUES SEPTICOS)","EN ESTA CLASE SE INCLUYEN LA RECOLECCION DE BASURA, DESPERDICIOS, TRASTOS Y DESECHOS PROVENIENTES DE HOGARES Y DE UNIDADES INDUSTRIALES Y COMERCIALES, ASI COMO SU TRANSPORTE Y ELIMINACION MEDIANTE INCINERACION Y OTROS METODOS, REDUCCION DE DESECHOS, LA RECOLECCION DE CENIZAS, RECOLECCION DE DESPERDICIOS UTILIZANDO RECIPIENTES COLOCADOS EN LUGARES PUBLICOS, LA REMOCION DE ESCOMBROS, LA DESCARGA DE DESPERDICIOS EN TIERRA FIRME Y EN EL MAR, EL ENTERRAMIENTO Y CUBRIMIENTO DE DESPERDICIOS. LA LIMPIEZA DE TANQUES SEPTICOS Y AGUAS RESIDUALES SE ENCUENTRA BAJO EL CODIGO 900002.",False,goods
l10n_cr_ticofac.activity_900002,900002,3700.0,LIMPIEZA DE TANQUES SEPTICOS Y AGUAS REDISUALES,"EN ESTA CLASE SE INCLUYE LA LIMPIEZA DE TANQUES SEPTICOS, RESIDENCIALES, COMERCIALES O INDUSTRIALES, LA EVACUACION POR CLOACAS, ALCANTARILLAS Y OTROS MEDIOS DE EXCREMENTOS HUMANOS, SU TRATAMIENTO Y ELIMINACION, ASI COMO LAS ACTIVIDADES DE MANTENIMIENTO DE LOS MISMOS.",False,goods
l10n_cr_ticofac.activity_911101,911101,9411.0,ACTIVIDADES DE ORGANIZACIONES EMPRESARIALES Y DE EMPLEADORES,"EN ESTA CLASE SE INCLUYEN LAS ACTIVIDADES DE ORGANIZACIONES CUYOS MIEMBROS SE ITERESAN PRINCIPALMENTE EN EL DESARROLLO Y LA PROSPERIDAD DE UN DETERMINADO RAMO DE ACTIVIDAD EMPRESARIAL O COMERCIAL, INCLUSO EL CONCERNIENTE AL SECTOR AGROPECARIO, O EN LA SITUACION Y EL CRECIMIENTO ECONOMICOS DE UNA DETERMINADA ZONA GEORAFICA O SUBDIVISION POLITICA, INDEPENDIENTEMENTE DEL RAMO DE ACTIVIDAD. SE INCUYEN LAS ACTIVIDADES DE FEDERACIONES DE ASOCIACIONES CUYOS MIEMBROS COMPARTEN UN MISMO RAMO DE ACTIVIDAD Y DE LAS FEDERACIONES DE ASOCIACIONES BASADAS EN CRITERIOS TERRITORIALES CUYO FIN ES AMPLIAR SU ALCANCE GEOGRAFICO. LOS PRINCIPALES SEVICIOS PRESTADOS CONSISTEN EN LA DIFUSION DE INFORMACION, LA REPRESENTACION ANTE ORGANISMOS PUBLICOS, LAS RELACIONES PUBLICAS Y LA PARTICIPACION EN NEGOCIACIONES",False,goods
l10n_cr_ticofac.activity_911102,911102,9411.0,CAMARAS DE COMERCIO,"EN ESTA CLASE SE INCLUYEN LAS ACTIVIDADES DE CAMARAS DE COMERCIO, GREMIOS Y O RGANIZACIONES SIMILARES. TODAS AQUELLAS QUE APORTEN LA DECLARACTORIA DE UTILIDAD PUBLICA DEBERAN QUEDAR REGISTADAS COMO DECLARANTES DEL IMPUESTO GENERAL DE LA RENTA.",False,goods
l10n_cr_ticofac.activity_911201,911201,9412.0,ACTIVIDADES DE ORGANIZACIONES PROFESIONALES,"ESTA CLASE ABARCA LAS ACTIVIDADES DE ORGANIZACIONES CUYOS MIEMBROS SE INTERESAN PRINCIPALMENTE EN UNA DISCIPLINA CIENTIFICA (ASOCIACIONES CIENTIFICAS), PRACTICA PROFESIONAL O ESFERA TECNICA CONCRETA. SE INCLUYEN LAS ACTIVIDADES DE ASOCIACIONES DE ESPECIALISTAS EN EL CAMPO CULTURAL, COMO ESCRITORES, PINTORES, ARTISTAS, PERIODISTAS, ETC. (COLEGIOS PROFESIONALES)",False,goods
l10n_cr_ticofac.activity_912001,912001,9420.0,ASOCIACIONES SOLIDARISTAS,EN ESTA CLASE SE INCLUYE LAS ASOCIACIONES SOLIDARISTAS,False,goods
l10n_cr_ticofac.activity_912002,912002,9420.0,ACTIVIDADES DE SINDICATOS,"ESTA CLASE COMPRENDE LAS ACTIVIDADES DE ASOCIACIONES CUYOS AFILIADOS EN SU MAYORIA SON EMPLEADOS INTERESADOS PRINCIPALMENTE EN DAR A CONOCER SUS OPINIONES SOBRE LA SITUACION LABORAL Y EN TOMAR MEDIDAS CONCERTADAS POR CONDUCTO DE SU ORGANIZACION. SE INCLUYEN LAS ACTIVIDADES DE SINDICATOS DE PROFESIONALES, TECNICOS, TRABAJADORES EN LA ESFERA CULTURAL Y TRABAJADORES RURALES, ASI COMO DE FUNCIONARIOS PUBLICOS, Y LAS ACTIVIDADES DE SINDICATOS DE EMPRESAS, SINDICATOS CON FILIALES Y ORGANIZACIONES LABORALES COMPUESTAS DE SINDICATOS AFILIADOS Y CONSTITUIDAS EN FUNCION DEL OFICIO DE SUS MIEMBROS O EN FUNCION DE CRITERIOS GEOGRAFICOS, ESTRUCTURALES O DE OTRA INDOLE. SE DEBE INSCRIBIR COMO DECLARANTE DEL IMPUESTO SOBRE LA RENTA DE CONFORMIDAD CON EL ARTICULO 3 DE LA LEY DEL IMPUESTO SOBRE LA RENTA Y 6 DEL REGLAMENTO.",False,goods
l10n_cr_ticofac.activity_919101,919101,9491.0,ACTIVIDADES DE ORGANIZACIONES RELIGIOSAS,ESTA CLASE SE REFIERE A LAS ACTIVIDADES DE ORGANIZACIONES RELIGIOSAS.,False,goods
l10n_cr_ticofac.activity_919201,919201,9492.0,ACTIVIDADES DE ORGANIZACIONES POLITICAS,"ESTA CLASE ABARCA LAS ACTIVIDADES DE ORGANIZACIONES POLITICAS Y DE ORGANIZACIONES AUXILIARES DE ESTAS, COMO LAS ORGANIZACIONES JUVENILES ASOCIADAS CON UN PARTIDO POLITICO. LAS ORGANIZACIONES DE ESTA CLASE SE INTERESAN PRINCIPALMENTE EN COLCAR A MIEMBROS Y SIMPATIZANTES DEL PARTIDO EN PUESTOS POLITICOS Y SUS ACTIVIDADES PUEDEN INCLUIR LA DIFUSION DE INFORMACION, LAS RELACIONES PUBLICAS, LA RECAUDACION DE FONDOS, ETC.",False,goods
l10n_cr_ticofac.activity_919901,919901,9499.0,ASOCIACION DE DESARROLLO COMUNAL Y/O SERVICIOS COMUNITARIOS,"EN ESTA CLASE SE INCLUYEN LAS ASOCIACIONES DE DESARROLLO COMUNAL, INTEGRAL Y ESPECIFICAS DE APOYO A SERVICIOS COMUNITARIOS. COMPRENDE ADEMAS LAS ASOCIACIONES AUTORIZADAS POR DINADECO",False,goods
l10n_cr_ticofac.activity_919902,919902,9499.0,ASOCIACIONES DE CLUBES SOCIALES,"ESTA CLASE INCLUYE LAS ACTIVIDADES REALIZADAS POR ASOCIACIONES DE CLUBES SOCIALES, TALES COMO DE LEONES, UNIVERSITARIOS, ACTIVOS 20-30, GRUPOS ETNICOS, DE HISTORIA, DE PROPIETARIOS DE AUTOMOVILES, ETC.",False,goods
l10n_cr_ticofac.activity_919903,919903,9499.0,"ASOCIACIONES O ENTIDADES CON FINES CULTURALES, SOCIALES, RECREATIVOS, ARTESANALES, ETC.","ESTA CLASE INCLUYE LAS ACTIVIDADES REALIZADAS POR ASOCIACIONES O ENTIDADES CON FINES CULTURALES, RECREATIVOS, SOCIALES, ARTESANALES, ETC.",False,goods
l10n_cr_ticofac.activity_919905,919905,8720.0,ASOCIACION PROAYUDA A PERSONAS ADICTAS A DROGAS E INDIGENTES,"EN ESTA CLASE SE INCLUYE LAS ASOCIACIONES PROAYUDA A NIÑOS Y ADULTOS, ADICTOS A DROGAS O PERSONAS EN CONDICION INDIGENTE.",False,goods
l10n_cr_ticofac.activity_921101,921101,5911.0,ACTIVIDADES PRODUCCION POSTPRODUCCION Y DISTRIBUCION DE PELICULAS CINEMATOGRAFICAS (VIDEOS),"PRODUCCION Y POSPRODUCCION DE AUDIOVISUALES, DOCUMENTALES, CORTOS PUBLICITARIOS (ANUNCIOS), PELICULAS DE FICCION, CORTOMETRAJES, LARGOMETRAJES, DIBUJOS ANIMADOS",False,goods
l10n_cr_ticofac.activity_921201,921201,5914.0,EXHIBICION DE FILMES Y VIDEOCINTAS (SALAS DE CINE),ESTA CLASE COMPRENDE LA EXHIBICION DE FILMES Y VIDEOCINTAS EN CINEMATOGRAFOS Y AL AIRE LIBRE Y EN SALAS PRIVADAS Y OTROS LOCALES DE EXHIBICION. ESTA ACTIVIDAD ESTA SUJETA AL IMPUESTO DE VENTAS CONFORME A LA LEY GENERAL DEL IMPUESTO SOBRE LAS VENTAS ARTICULO 1 INCISO K).,False,goods
l10n_cr_ticofac.activity_921301,921301,6010.0,RADIOEMOSORAS,"EN ESTA CLASE SE INCLUYE LOS SERVICIOS BRINDADOS A TRAVES DE LA RADIO, LOS CUALES SE ENCUENTRAN AFECTOS UNICAMENTE AL IMPUESTO SOBRE LA RENTA, SEGUN EL ARTICULO PRIMERO, INCISO L) PARRAFO SEGUNDO DE LA LEY DEL IMPUESTO SOBRE LAS VENTAS Y ASI RATIFICADO MEDIANTE OFICIO 001181 DEL 28 DE OCTUBRE DE 1993 DE LA DIRECCION GENERAL DE TRIBUTACION.",False,goods
l10n_cr_ticofac.activity_921302,921302,6020.0,PROGRAMACION Y TRANSMISIONES DE RADIO Y TELEVISION,EN ESTA CLASE SE INCLUYE LOS SERVICIOS DE PRODUCCION EN VIVO O EN CINTA U OTRO MATERIAL DE GRABACION DE PROGRAMAS DE RADIO Y TELEVISION PARA SU DIFUSION SIMULTANEA O POSTERIOR.,False,goods
l10n_cr_ticofac.activity_921401,921401,9000.0,TEATROS (EXPLOTACION),INCLUYASE EN ESTA ACTIVIDAD CUALQUIER TIPO DE ESPECTACULO PUBLICO QUE SE REALICE DENTRO DE LAS INSTALACIONES DE UN TEATRO. (EXENTOS DE VENTAS DE ACUERDO AL FALLO 177/95 DEL TRIBUNAL FISCAL ADMINISTRATIVO Y LEY GENERAL DEL IMPUESTO SOBRE LAS VENTAS ARTICULO 1 INCISO K).,False,goods
l10n_cr_ticofac.activity_921402,921402,9000.0,ACTIVIDADES MUSICALES Y ARTISTICAS (SERVICIOS),"INCLUYASE EN ESTA CLASE, CONJUNTOS MUSICALES, CANTANTES, TRIOS, MARIACHIS, CIMARRONAS, MARIMBAS, DUOS, GUITARRISTAS, GRUPOS DE TEATRO, ACTORES, CUENTACUENTOS, GRUPOS FOLKLORICOS, MASCARADAS, MIMOS, PAYASOS, COMPARSAS, BANDAS, MUSICOS, INCLUSO ESCRITORES, COMPOSITORES, ANIMADORES DE EVENTOS, ESCULTORES,ETC. SIEMPRE Y CUANDO ESTOS SERVICIOS SEAN PRESTADOS DE FORMA INDEPENDIENTE Y QUE NO SEAN PARTE DE UN ESPECTACULO DONDE SE ESTE COBRANDO EL DERECHO DE INGRESO (ENTRADA); ESTE TIPO DE SERVICIO, SE ENCUENTRA EN EL CODIGO 924908, LA EXPLOTACION DE CINES EN EL CODIGO 921201 Y LA DE TEATROS EN EL 921401.",False,goods
l10n_cr_ticofac.activity_921403,921403,9000.0,PERIODISTA POR CUENTA PROPIA,"ESTA CLASE INCLUYE LAS PERSONAS QUE SE DEDICAN PROFESIONALMENTE AL PERIODISMO, EN CUALQUIERA DE SUS FORMAS, YA SEA EN LA PRENSA ESCRITA, RADIO, TELEVISION O MEDIOS DIGITALES. A CAMBIO DE UNA RETRIBUCION O POR CONTRATA",False,goods
l10n_cr_ticofac.activity_921501,921501,6020.0,CANALES DE TELEVISION,EN ESTA CLASE SE INCLUYE LOS CANALES DE TELEVISION,False,goods
l10n_cr_ticofac.activity_921902,921902,4762.0,"VENTA AL POR MENOR DE DISCOS, GRABACIONES DE MUSICA Y DE VIDEO","EN ESTA CLASE SE INCLUYE LAS TIENDAS DE VENTA DE DISCOS, CASETTES, ETC.",False,goods
l10n_cr_ticofac.activity_921903,921903,9329.0,SALON DE BAILE Y DISCOTECA,EN ESTA CLASE SE INCLUYE LOS SALONES DE BAILE Y DISCOTECAS,False,goods
l10n_cr_ticofac.activity_921904,921904,9329.0,SALON DE PATINES,EN ESTA CLASE SE INCLUYE LOS SALONES DE ESPARCIMIENTO ADECUADOS PARA LA PRACTICA DEL PATINAJE.,False,goods
l10n_cr_ticofac.activity_922001,922001,6391.0,ACTIVIDADES DE AGENCIAS DE NOTICIAS,"ESTA CLASE ABARCA LAS ACTIVIDADES DE CONSORCIOS Y AGENCIAS DE NOTICIAS QUE PROPORCIONAN MATERIAL NOTICIERO, FOTOGRAFICO Y PERIODISTICO A LOS MEDIOS DE DIFUSION Y SERVICIOS DE NOTICIAS A PERIODICOS, REVISTAS Y ESTACIONES DE RADIO Y TELEVISION.",False,goods
l10n_cr_ticofac.activity_923101,923101,9101.0,ACTIVIDADES DE BIBLIOTECAS Y ARCHIVOS,"ESTA CLASE INCLUYE LAS ACTIVIDADES DE DOCUMENTACION E INFORMACION REALIZADAS POR BIBLIOTECAS DE TODO TIPO, SALAS DE LECTURA, AUDICION Y PROYECCION ARCHIVOS AL PUBLICO EN GENERAL O A DETERMINADAS CATEGORIAS DE PERSONAS, COMO ESTUDIANTES, CIENTIFICOS, EMPLEADOS DE LA ORGANIZACION A LA QUE PERTENECE LA BIBLIOTECA Y GESTION DE ARCHIVOS DE LA ADMINISTRACION PUBLICA: ORGANIZACION DE FONDOS BIBLIOGRAFICOS, CATALOGACION DE LOS FONDOS, MANTENIMIENTO Y PRESTAMO DE LIBROS, MAPAS, REVISTAS, PELICULAS, DISCOS, CINTAS GRABADAS, OBRAS DE ARTE, ETC. ACTVIDADES DE BUSQUEDA PARA ATENDER A SOLICITUDES DE INFORMACION, ETC. SERVICIOS DE ARCHIVOS FOTOGRAFICOS Y BANCOS DE IMAGENES.",False,goods
l10n_cr_ticofac.activity_923201,923201,9102.0,GALERIAS DE ARTE,"EN ESTA CLASE SE INCLUYE LAS GALERIAS DE ARTE, EXCLUYENDO EL COMERCIO EXCLUSIVO DE OBRAS",False,goods
l10n_cr_ticofac.activity_923202,923202,9000.0,SERVICIOS DE RESTAURACION DE OBRAS DE ARTE,"EN ESTA CLASE SE INCLUYE EL SERVICIO DE RESTAURACION Y/O MANTENIMIENTO DE OBRAS DE ARTE, PRESTADAS POR PERSONAS FISICAS A CAMBIO DE UNA RETRIBUCION ECONOMICA.",False,goods
l10n_cr_ticofac.activity_923301,923301,9103.0,"ACTIVIDADES DE JARDINES BOTANICOS, ZOOLOGICOS, PARQUES NACIONALES Y RESERVAS NACIONALES","SN ESTA CLASE SE INCLUYE LA EXPLOTACION DE LAS ACTIVIDADES DE JARDINES BOTANICOS(PLANTAS ORMANENTALES, ORQUIDEAS, ETC.), JARDINES ZOOLOGICOS (ACUARIOS, RANAS, SERPENTARIOS, MARIPOSARIOS, AVIARIOS, ETC.). PARQUES NACIONALES, RESERVAS BIOLOGICAS DE CARACTER PUBLICO O PRIVADO. ADEMAS, INCLUYE LA PRESERVACION DE LA FLORAY FAUNA SILVESTRES, ASI COMO TERRENOS PROTEGIDOS, ETC.",False,goods
l10n_cr_ticofac.activity_924101,924101,9311.0,GIMNASIOS,"EN ESTA CLASE SE INCLUYE LOS SERVICIOS PRESTADADOS POR LOS GIMNASIOS, ASI COMO SUS ACTIVIDADES CONEXAS (EQUIPO BIOMECANICO, PESAS, SALA DE AEROBICOS, PILATES, AEROBICOS, TAEBO, COMBO, BAILE, ZUMBA FITNESS, ETC, EQUIPO CARDIOVASCULAR, SPINNING) ENTRE OTROS",False,goods
l10n_cr_ticofac.activity_924102,924102,9311.0,EXPLOTACION DE PISCINAS O ALBERCAS DE BAÑO,EN ESTA CLASE SE INCLUYE LA EXPLOTACION DE PISCINAS,False,goods
l10n_cr_ticofac.activity_924103,924103,8541.0,"ENTRENADOR, INSTRUCTORES Y/O PREPARADORES FISICOS POR CUENTA PROPIA","ESTA CLASE SE REFERIERE A ENTRENADORES, PREPARADORES FISICOS Y/O INSTRUCTORES DE TODO TIPO DE DEPORTES O ACTIVIDADES FISICAS ENCARGADA DE LA DIRECCION, INSTRUCCION Y ENTRENAMIENTO DE UN DEPORTISTA INDIVIDUAL O DE UN COLECTIVO",False,goods
l10n_cr_ticofac.activity_924104,924104,8541.0,ACTIVIDADES DE ESCUELAS Y CLUBES DEPORTIVOS,"ESTA CLASE INCLUYE LAS ESCUELAS Y CLUBES DE TODO TIPO DE DEPORTE, POR EJEMPLO: FUTBOL, BOLOS, NATACION, GOLF, BOXEO, LUCHA, GIMNASIA, AJEDREZ, DOMINO, NAIPES, ATLETISMO, BUCEO, ETC",False,goods
l10n_cr_ticofac.activity_924105,924105,9311.0,EXPLOTACION DE INSTALACIONES Y CAMPOS DEPORTIVOS,"EN ESTA CLASE SE INCLUYE LA EXPLOTACION DE LAS INSTALACIONES PARA PRACTICAR DEPORTES TALES COMO FUTBOL, BOLOS, NATACION, GOLF, BOXEO, LUCHA LIBRE, GIMNASIA,ATLETISMO, TIRO AL BLANCO, BEISBOL, BASQUETBOL, FUTBOL 5, Y OTROS TALES COMO CAMINATAS CON FINES DE ESPARCIMIENTO.",False,goods
l10n_cr_ticofac.activity_924106,924106,9319.0,ACTIVIDADES DEPORTIVAS Y OTRAS POR CUENTA PROPIA,"EN ESTA CLASE SE INCLUYE LOS DEPORTISTAS POR CUENTA PROPIA QUE PERCIBEN RETRIBU-CION POR PARTE DE CLUBES, EMPRESAS U OTROS PATROCINADORES. SE INCLUYEN ADEMAS, LAS ACTIVIDADES RELACIONADAS CON LA PROMOCION Y PRODUCCION DE ESPECTACULOS DEPORTIVOS Y LAS QUE REALIZAN POR CUENTA PROPIA DEPORTISTAS, ATLETAS, JUECES, ARBITROSCRONOMETRADORES, INSTRUCTORES, Y ENTRENADORES ENTRE OTROS.",False,goods
l10n_cr_ticofac.activity_924107,924107,9311.0,ESPECTACULOS DEPORTIVOS,"ESTA CLASE INCLUYE LA ORGANIZACION Y DIRECCION DE TODO TIPO DE ACTIVIDADES DEPORTIVAS AL AIRE LIBRE Y BAJO TECHO, CON LA PARTICIPACION DE PROFESIONALES Y ESPECTADORES. (FUTBOL, BOLOS, NATACION, GOLF, BOXEO, LUCHA LIBRE, GIMNASIA, LEVANTAMIENTO DE PESAS (FISICULTURISMO), AJEDREZ, ATLETISMO, TIRO AL BLANCO, COMPETENCIAS DE CARROS, DE MOTOS (FREE STYLE Y SUPER CROSS). (EXENTOS DEL IMPUE STO GENERAL SOBRE LAS VENTAS DE ACUERDO A LA LEY GENERAL DEL IMPUESTO SOBRE LAS VENTAS ARTICULO 1 INCISO K).",False,goods
l10n_cr_ticofac.activity_924901,924901,9329.0,NIGHT CLUB/CABARETTE,EN ESTA CLASE SE INCLUYE LOS CENTROS DE ENTRETENIMIENTO NOCTURNOS (NIGHT CLUB),False,goods
l10n_cr_ticofac.activity_924902,924902,9200.0,CASINOS Y SALAS DE JUEGOS,"EN ESTA CLASE SE INCLUYE LA EXPLOTACION DE CASINOS Y SALAS DE JUEGO. NO SE INCLUYEN LOS LUGARES O ESPACIOS DONDE EXCLUSIVAMENTE SE EXPLOTEN JUEGOS COMO POOL,BILLAR, DAMAS, AJEDREZ Y OTROS SIMILARES. LOS CUALES SE INCLUYEN EN LA CLASE 924904. LOS CASINOS Y SALAS DE JUEGO SE ENCUENTRAN AFECTOS AL IMPUESTO SOBRE LA RENTA Y AL IMPUESTO A LAS SALAS DE JUEGO Y LAS MISMAS SOLO PUEDEN ESTAR UBICADOS EN HOTELES DE 4 O MAS ESTRELLAS. EL IMPUESTO SOBRE LAS VENTAS CORRESPONDE AL SERVICIO DE BAR Y RESTAURANTE QUE ESTOS CENTROS DE DIVERSION BRINDAN. CUANDO ESTE EXISTA INCLUYASE COMO ACTIVIDAD SECUNDARIA.",False,goods
l10n_cr_ticofac.activity_924903,924903,9319.0,PESCA DEPORTIVA,"SE REFIERE A LA ASISTENCIA Y ORGANIZACION DE TOURS, ASI COMO ESTABLECIMIENTOS DEDICADOS A LA PESCA COMO ACTIVIDAD DE ESPARCIMIENTO.",False,goods
l10n_cr_ticofac.activity_924904,924904,9329.0,"ACTIVIDADES DE JUEGOS DE BILLAR, POOL Y OTROS SIMILARES","EN ESTA CLASE SE INCLUYE LOS LUGARES O ESPACIOS DESTINADOS A LA EXPLOTACION EXCLUSIVA DE JUEGOS DE BILLAR, POOL, DAMAS, AJEDREZ Y OTROS SIMILARES.",False,goods
l10n_cr_ticofac.activity_924905,924905,9329.0,SALA DE VIDEO JUEGOS,EN ESTA CLASE SE INCLUYE LOS CENTROS DE ENTRETENIMIENTO CON MAQUINAS DE VIDEO JUEGOS.,False,goods
l10n_cr_ticofac.activity_924906,924906,5920.0,"GRABACION DE SONIDO (MUSICA, ETC.) EN DISCOS GRAMOFONICOS YEN CINTA MAGNETOFONICA","ESTA CLASE INCLUYE LA GRABACION DE SONIDO (MUSICA,ETC) EN DISCOS GRAMOFONICOS Y EN CINTA MAGNETOFONICA A CAMBIO DE UNA RETRIBUCION O POR CONTRATA.",False,goods
l10n_cr_ticofac.activity_924907,924907,9200.0,SERVICIO DE ENLACE DE LLAMADAS Y CASAS DE APUESTAS ELECTRONICAS (SPORTBOOKS),"EN ESTA CLASE SE INCLUYE EL SERVICIO PRESTADO POR UN CENTRO DE LLAMADAS EXCLUSIVAMENTE PARA EL ENLACE DE APUESTAS ELECTRONICAS, TAMBIEN SE INCLUYEN LAS EMPRESAS DEDICADAS A LA RECEPCION Y EL PROCESAMIENTO DE DATOS QUE GENERAN LAS APUESTAS ELECTRONICAS, CONOCIDOS COMO SPORTBOOKS. EL SERVICIO DE UN CALL CENTER DE SERVICIO AL CLIENTE SE ENCUENTRA EN LA CLASE 749905",False,goods
l10n_cr_ticofac.activity_924908,924908,9000.0,ESPECTACULOS PUBLICOS EN GENERAL EXCEPTO LOS DEPORTIVOS Y EL TEATRO,"INCLUYASE EN ESTA ACTIVIDAD CUALQUIER TIPO DE ESPECTACULO PUBLICO QUE SE REALICE EN INSTALACIONES TALES COMO GIMNASIOS, ESTADIOS, HOTELES, AREAS ABIERTAS, CAMPOS FERIALES (FERIAS), EXPOSICIONES NO GRATUITAS, ETC. LAS ENTRADAS O TODO DERECHO DE ACCESO A LOS ESPECTACULOS PUBLICOS SE ENCUENTRAN GRAVADOS CON EL IMPUESTO GENERAL SOBRE LAS VENTAS DE CONFORMIDAD CON EL ART 1 INC K DE LA LEY Y LA RESOLUCION DGT-08-2008 DEL 16-04-08. LAS PERSONAS FISICAS O JURIDICAS QUE ORGANIZAN ESTE TIPO DE EVENTOS SON CONTRIBUYENTES DE ESTE IMPUESTO. CUANDO LAS ACTIVIDADES ANTERIORES SON DESARROLLADAS DENTRO DE UN TEATRO, SE INCLUYEN EN EL CODIGO 921401; LOS ESPECTACULOS DEPORTIVOS SE INCLUYEN EN EL CODIGO 924107.",False,goods
l10n_cr_ticofac.activity_924909,924909,9329.0,OTRAS ACTIVIDADES DE ESPARCIMIENTO,"ESTA CLASE COMPRENDE TODAS LAS ACTIVIDADES DE ESPARCIMIENTO QUE NO ESTAN INCLUIDAS EN NINGUNA DE LAS DEMAS CLASES DE ESTA DIVISION. SE INCLUYEN, ENTRE OTRAS ACTIVIDADES, LAS DE CONTRATACION DE ACTORES Y ACTRICES PARA OBRAS CINEMATOGRAFICAS,DE TELEVISION Y DE TEATRO; PARQUES DE RECREO, PLAYAS (INCLUSO EL ALQUILER DE CASETAS, GUARDARROPAS, SILLAS) DE PESCA CON FINES DE ESPARCIMIENTO, DE INSTALACIONES DE TRANSPORTE PARA FINES RECREATIVOS, ETC.",False,goods
l10n_cr_ticofac.activity_930101,930101,9601.0,SERVICIOS DE LAVANDERIA DE TODO TIPO,"EN ESTA CLASE SE INCLUYE EL SERVICIO DE LAVADO, LIMPIEZA, PLANCHADO DE TODO TIPO DE PRENDAS DE VESTIR Y OTROS ARTICULOS DE TELA QUE SE REALIZAN CON EQUIPO MECANICO, A MANO Y MAQUINAS ACCIONADAS CON MONEDAS PARA EL PUBLICO EN GENERAL, CLIENTES INDUSTRIALES Y COMERCIALES. TAMBIEN SE INCLUYE LA RECOLECCION Y DISTRIBUCION DE ROPA POR LAS LAVANDERIAS, ASI COMO EL LAVADO DE ALFOMBRAS, TAPICES, CORTINAS EN LOCALES O RESIDENCIAS. ASI COMO EL LAVADO POR CUENTA PROPIA O POR CONTRATO DE SERVILLETAS, TAPETES, UNIFORMES, MANTELERIA, CANASTAS, CESTAS Y CUALQUIER TIPO DE LAVADO A MANO O A MAQUINA.",False,goods
l10n_cr_ticofac.activity_930102,930102,1313.0,SERVICIO DE TEÑIDO DE PRENDAS DE VESTIR,EN ESTA CLASE SE INCLUYE EL SERVICIO DE TEÑIDO DE PRENDAS DE VESTIR.,False,goods
l10n_cr_ticofac.activity_930103,930103,9601.0,SERVICIO DE LIMPIEZA Y LAVADO DE MUEBLES,"EN ESTA CLASE SE INCLUYE EL SERVICIO DE LAVADO Y LIMPIEZA DE MUEBLES, INDEPENDIENTEMENTE DEL LUGAR DONDE SE REALICE.",False,goods
l10n_cr_ticofac.activity_930202,930202,9602.0,"SALONES DE BELLEZA, PELUQUERIA Y BARBERIA","EN ESTA CLASE SE INCLUYEN LAS ACTIVIDADES DE LAVADO, CORTE, PEINADO, TEÑIDO, COLORACION, ONDULACION Y ALISADO DEL CABELLO TANTO, PARA HOMBRES COMO PARA MUJERES. ADEMAS SE INCLUYE EL AFEITADO Y EL RECORTE DE LA BARBA, MASAJES FACIALES, ARREGLOS DE MANOS Y PIES, MAQUILALJE Y OTROS TRATAMIENTOS DE BELLEZA.",False,goods
l10n_cr_ticofac.activity_930301,930301,9603.0,SERVICIOS FUNEBRES Y ACTIVIDADES CONEXAS,"EN ESTA CLASE SE INCLUYEN LAS ACTIVIDADES RELACIONADAS CON FUNERALES, POR EJEMPLO LOS SERVICIOS BRINDADOS POR LAS FUNERARIAS, LAS CUALES PUEDEN INCLUIR MERCANCIAS TALES COMO ARREGLOS FLORALES, VELAS, CAFE, COMO ALQUILER DE CARROZA, ETC. ASI MISMO SE INCLUYEN LOS SERVICIOS DE INCINERACION, CREMACION O EMBASAMIENTOS DE CADAVERES. IGUALMENTE SE INCLUYE LAS ACTIVIDADES DE PREPARACION DE LOS CUERPOS PARA SU INHUMACION O CREMACION.",False,goods
l10n_cr_ticofac.activity_930302,930302,9603.0,CEMENTERIO PUBLICO (JUNTA ADMINISTRATIVA),"EN ESTA CLASE SE INCLUYE LOS CEMENTERIOS PUBLICOS Y/O JUNTAS ADMINISTRATIVAS QUE ADMINISTRAN LOS MISMOS; LAS CUALES, POR SU NATURALEZA, SON DECLARANTES EN EL IMPUESTO SOBRE LA RENTA. PARA CEMENTERIOS PRIVADOS (CONTRIBUYENTES), VER LA ACTIVIDAD 930303.",False,goods
l10n_cr_ticofac.activity_930303,930303,9603.0,CEMENTERIO O CAMPOSANTO PRIVADO,"EN ESTA CLASE SE INCLUYE LOS CEMENTERIOS O CAMPOSANTOS PRIVADOS LOS CUALES POR SU FIN DE LUCRO, SON CONTRIBUYENTES.",False,goods
l10n_cr_ticofac.activity_930901,930901,9609.0,SALAS DE MASAJES,"EN ESTA CLASE SE INCLUYE LAS SALAS DE MASAJES TERAPEUTICOS , BAÑOS TURCOS, VAPOR, SAUNA Y OTROS SERVICIOS RELACIONADOS CON EL goodsTAR Y LOZANIA FISICAS.",False,goods
l10n_cr_ticofac.activity_930903,930903,9609.0,OTRAS ACTIVIDADES DE SERVICIOS PERSONALES N.C.P.,"COMPRENDE LOS SERVICIOS PRESTADOS POR PERSONAS A EMPRESAS A CAMBIO DE UNA RETRI-BUCION ECONOMICA. EJEMPLO: CONSERJES, MISCELANEOS, MENSAJEROS, BARTENDER O SALONEROS, BODEGUEROS, COBRADORES, EMPLEADAS DOMESTICAS, PERSONAS DEDICA- DAS A PERIFONEAR, AFILADORES A MANO O CON INSTRUMENTOS ELECTRICOS, CHOFERES DE BUSES, CHOFER DE MONTACARGA, ESTIBADORES DE CUALQUIER TIPO DE MERCANCIA, COCINERO(A), DISPLAY (DEMOSTRADORES DE PRODUCTOS), IMPULSADORES DE VENTAS, CHOFERES DE TRASPORTE DE PERSONAS, CHOFERES DE SERVICIOS ESPECIALES (ESTUDIANTES, TRABAJADORES Y TURISMO), CHOFER DE MONTACARGA DE CUALQUIER TIPO DE MERCANCIA, GUARDACABOS (SERVICIO DE AMARRE Y DESAMARRE DE BUQUES). SE EXCEPTUA LA PRESTACION DE SERVICIOS EN FORMA LIBERAL; POR EJEMPLO TODO PROFESIONAL O TECNICO QUE PRESTE SERVICIOS SIN QUE MEDIE RELACION DE DEPENDENCIA CON SUS CLIENTES.",False,goods
l10n_cr_ticofac.activity_930904,930904,9609.0,CENTRO O SALA DE BRONCEADO,EN ESTA CLASE SE INCLUYE EL SERVICIO DE BRONCEADO ARTIFICIAL DE LA PIEL.,False,goods
l10n_cr_ticofac.activity_930905,930905,9609.0,PELUQUERIA Y SALA DE ESTETICA PARA ANIMALES,"EN ESTA CLASE SE INCLUYE LOS SERVICIOS BRINDADOS DE LAVADO, CORTE, RECORTE, PEINADO, CORTE DE UÑAS Y SIMILARES PARA TODO TIPO DE MASCOTAS.",False,goods
l10n_cr_ticofac.activity_930906,930906,9609.0,SERVICIO DE TATUAJE Y PIERCING,EN ESTA CLASE SE INCLUYE EL SERVICIO DE TATUAR A LA PERSONAS Y LA COLOCACION DE PIERCING (ARETE),False,goods
l10n_cr_ticofac.activity_930907,930907,9329.0,SERVICIO DE DISCO MOVIL,"EN ESTA CLASE SE INCLUYE EL SERVICIO DE DISCO MOVIL (SE DIFERENCIA ESTA ACTIVIDAD DE OTRAS COMO SALON DE BAILE Y DISCOTECA, ESPECTACULOS PUBLICOS DESARROLLADOS FUERA O DENTRO DE UN TEATRO).",False,goods
l10n_cr_ticofac.activity_930908,930908,0162.9,SERVICIO DE HERRADURA,SEMICIRCULO DE HIERRO QUE SE PONE EN EN CASCO DE LOS CABALLOS PARA PROTECCION DELOS MISMOS.,False,goods
l10n_cr_ticofac.activity_930915,930915,9609.0,ALBERGUE Y CUIDO DE ANIMALES A DOMICILIO,"SE INCLUYE EN ESTA ACTIVIDAD EL CUIDO DE ANIMALES (MASCOTAS) EN LUGARES FIJOS COMO HOTELES, GUARDERIA, VILLAS, ETC, ASI COMO A DOMICILIO. PARA LA VENTA DE ACCESORIOS Y ALIMENTOS VER EL CODIGO DE ACTIVIDAD 523913.",False,goods
l10n_cr_ticofac.activity_950001,950001,9700.0,HOGARES PRIVADOS CON SERVICIO DOMESTICO,"ESTA CLASE ABARCA LAS ACTIVIDADES DE HOGARES PRIVADOS QUE EMPLEAN PERSONAL DOMESTICO DE TODO TIPO, COMO SIRVIENTES, COCINEROS, CAMAREROS, AYUDAS DE CAMARA, MAYORDOMOS, LAVANDEROS, JARDINEROS, PORTEROS, MOZOS DE CUADRA, CHOFERES, CONSERJES, INSTITUTRICES, NIÑERAS, PRECEPTORES, SECRETARIOS, ETC.",False,goods
l10n_cr_ticofac.activity_960104,960104,EXCLUIR,IMPUESTO A LAS PERSONAS JURIDICAS,"EN ESTA CLASE SE ESTA INCLUYENDO EL IMPUESTO A LAS PERSONAS JURIDICAS LEY 9428 PARA TODAS SOCIEDADES MERCANTILES, LAS SUCURSALES DE UNA SOCIEDAD EXTRANJERA O SU REPRESENTANTE Y LAS EMPRESAS INDIVIDUALES DE RESPONSABILIDAD LIMITADA. LA FECHA DE INICIO DE ESTA OBLIGACION TRIBUTARIA PARA LAS SOCIEDADES INSCRITAS EN EL REGISTRO NACIONAL ES EL 01 DE SETIEMBRE DEL 2017 Y PARA LAS NUEVAS SOCIEDADEDES LA FECHA DE CONSTITUCION DE LA SOCIEDAD. ESTO SE DEFINE POR CUANTO ESTE CAMPO ES OBLIGATORIO YA QUE NO CORRESPONDE A LA REALIZACION DE UNA ACTIVIDAD ECONOMICA.",False,goods
l10n_cr_ticofac.activity_960105,960105,2000.1,ACTIVIDADES PREOPERATIVAS O DE ORGANIZACION,"EN ESTA CLASE SE INCLUYE A LAS PERSONAS FISICAS O JURIDICAS QUE ESTAN EN LA ETAPA PREVIA AL INICIO DE LA ACTIVIDAD ECONOMICA, ES DECIR AL INICIO DE OPERACIONES, PRESTACION DE UN SERVICIO O ENAJENACION DE goods, DENOMINADO GENERALMENTE COMO: PERIODO PREOPERATIVO O DE ORGANIZACION. ESTE PERIODO O ETAPA COMPRENDE EL LAPSO DE TIEMPO ENTRE LA FECHA DE CONSTITUCION DE LA SOCIEDAD O DE LAS ACTIVIDADES PREOPERATIVAS REFERENTES A LA CONTRATACION DE PERSONAL, ALQUILER O CONSTRUCCION DE OBRAS DE INFRAESTRUCTURA, ACONDICIONAMIENTO DE LOCALES O PLANTA PRODUCTIVA, ETC. ADEMAS, TRAMITES DE LICENCIAS, PERMISOS, PATENTES,EXONERACIONES,ENTRE OTROS; Y LA FECHA EN QUE SE INICIAN ACTIVIDADES ECONOMICAS AFECTAS A IMPUESTOS.",False,goods
l10n_cr_ticofac.activity_960106,960106,EXCLUIR,EXPORTADORES DE MERCANCIAS EXENTAS DEL IMPUESTO DE VENTAS,INCLUYASE EN ESTE CODIGO LOS EXPORTADORES DE MERCANCIAS EXENTAS DEL IMPUESTO DE VENTAS; INSCRITOS EN RENTA O RENTA SIMPLIFICADA ESTRICTAMENTE COMO DECLARANTES EN VENTAS. LO ANTERIOR DE CONFORMIDAD CON EL ART. 4 DE LA LEY GENERAL DEL IMPUESTO SOBRE LAS VENTAS Y 9 SU REGLAMENTO.,False,goods
l10n_cr_ticofac.activity_960107,960107,EXCLUIR,PRODUCTORES DE MERCANCIAS EXENTAS DEL IMPUESTO DE VENTAS,INCLUYASE EN ESTE CODIGO LOS PRODUCTORES DE MERCANCIAS EXENTAS DEL IMPUESTO DE VENTAS; INSCRITOS EN RENTA O RENTA SIMPLIFICADA ESTRICTAMENTE COMO DECLARANTES EN VENTAS. LO ANTERIOR DE CONFORMIDAD CON EL ARTICULO 9 DEL REGLAMENTO DE VENTAS.,False,goods
l10n_cr_ticofac.activity_960108,960108,EXCLUIR,COMERCIALIZADORES DE MERCANCIAS EXENTAS DEL IMPUESTO DE VENTAS,INCLUYASE EN ESTE CODIGO LOS COMERCIALIZADORES DE MERCANCIAS EXENTAS DEL IMPUESTO DE VENTAS; INSCRITOS EN RENTA O RENTA SIMPLIFICADA ESTRICTAMENTE COMO DECLARANTES EN VENTAS. LO ANTERIOR DE CONFORMIDAD CON EL ARTICULO 9 DEL REGLAMENTO DE VENTAS.,False,goods
l10n_cr_ticofac.activity_960109,960109,EXCLUIR,DISTRIBUIDORES DE MERCANCIAS EXENTAS DEL IMPUESTO DE VENTAS,INCLUYASE EN ESTE CODIGO LOS DISTRIBUIDORES DE MERCANCIAS EXENTAS DEL IMPUESTO DE VENTAS; INSCRITOS EN RENTA O RENTA SIMPLIFICADA ESTRICTAMENTE COMO DECLARANTES EN VENTAS. LO ANTERIOR DE CONFORMIDAD CON EL ARTICULO 9 DEL REGLAMENTO DE VENTAS.,False,goods
l10n_cr_ticofac.activity_990001,990001,9900.0,"ACTIVIDADES DE ORGANIZACIONES Y ORGANOS EXTRATERRITORIALES, INCLUYE LAS EMBAJADAS DE OTROS PAISES","EN ESTA CLASE SE INCLUYEN LAS ACTIVIDADES DE ORGANIZACIONES INTERNACIONALES, COMO LAS NACIONES UNIDAS Y SUS ORGANISMOS ESPECIALIZADOS, ORGANOS REGIONALES, ETC.,LA ORGANIZACION DE LOS ESTADOS AMERICANOS, EL CONSEJO DE AYUDA MUTUA ECONOMICA,LAS COMUNIDADES EUROPEAS, LA ORGANIZACION DE COOPERACION Y DESARROLLO ECONOMICOS, LA ORGANIZACION DE LA UNIDAD AFRICANA, LA LIGA DE LOS ESTADOS ARABES, EL CONSEJO DE COOPERACION ADUANERA, LA ORGANIZACION DE PAISES EXPORTADORES DE PETROLEO,EL FONDO MONETARIO INTERNACIONAL, EL BANCO MUNDIAL, INCLUYE LAS EMBAJADAS DE OTROS PAISES EN COSTARICA. ExcepciOn: LA EMBAJADA DE COSTA RICA SE INCLUYE EN LA ACTIVIDAD 752101, YA QUE DICHA RAMA SE REFIERE A LA ADMINISTRACION PUBLICA, ES DECIR, LAS INSTITUCIONES DEL GOBIERNO DE COSTA RICA",False,goods
l10n_cr_ticofac.activity_501002,501002,4510.0,"VENTA AL POR MAYOR Y MENOR DE VEHICULOS NUEVOS Y/O USADOS, EXCEPTO PARTIDAS ARANCELARIAS 8702 Y 8704",,False,goods
l10n_cr_ticofac.activity_523102,523102,4772.0,VENTA AL POR MENOR DE COSMETICOS Y PERFUMERIA,,False,goods
l10n_cr_ticofac.activity_921303,921303,6010.0,TRANSMISIONES DE RADIO CULTURALES SEGUN LEY GENERAL DE TELECOMUNICACIONES.,,False,goods
